[2025-05-18T19:01:38.799+0000] {manager.py:483} INFO - Processing files using up to 2 processes at a time 
[2025-05-18T19:01:38.800+0000] {manager.py:484} INFO - Process each file at most once every 30 seconds
[2025-05-18T19:01:38.801+0000] {manager.py:485} INFO - Checking for new files in /opt/airflow/dags every 300 seconds
[2025-05-18T19:01:38.802+0000] {manager.py:821} INFO - Searching for files in /opt/airflow/dags
[2025-05-18T19:01:38.912+0000] {manager.py:824} INFO - There are 1 files in /opt/airflow/dags
[2025-05-18T19:01:39.106+0000] {manager.py:997} INFO - 
================================================================================
DAG File Processing Stats

File Path                            PID  Runtime      # DAGs    # Errors  Last Runtime    Last Run      Last # of DB Queries
---------------------------------  -----  ---------  --------  ----------  --------------  ----------  ----------------------
/opt/airflow/dags/DevSurveyDag.py     96  0.04s             0           0                                                   0
================================================================================
[2025-05-18T19:02:09.350+0000] {manager.py:997} INFO - 
================================================================================
DAG File Processing Stats

File Path                          PID    Runtime      # DAGs    # Errors  Last Runtime    Last Run               Last # of DB Queries
---------------------------------  -----  ---------  --------  ----------  --------------  -------------------  ----------------------
/opt/airflow/dags/DevSurveyDag.py                           1           0  1.10s           2025-05-18T19:01:40                      34
================================================================================
[2025-05-18T19:02:39.610+0000] {manager.py:997} INFO - 
================================================================================
DAG File Processing Stats

File Path                          PID    Runtime      # DAGs    # Errors  Last Runtime    Last Run               Last # of DB Queries
---------------------------------  -----  ---------  --------  ----------  --------------  -------------------  ----------------------
/opt/airflow/dags/DevSurveyDag.py                           1           0  0.28s           2025-05-18T19:02:10                      12
================================================================================
[2025-05-18T19:03:10.054+0000] {manager.py:997} INFO - 
================================================================================
DAG File Processing Stats

File Path                          PID    Runtime      # DAGs    # Errors  Last Runtime    Last Run               Last # of DB Queries
---------------------------------  -----  ---------  --------  ----------  --------------  -------------------  ----------------------
/opt/airflow/dags/DevSurveyDag.py                           1           0  0.22s           2025-05-18T19:02:41                      12
================================================================================
[2025-05-18T19:03:40.465+0000] {manager.py:997} INFO - 
================================================================================
DAG File Processing Stats

File Path                          PID    Runtime      # DAGs    # Errors  Last Runtime    Last Run               Last # of DB Queries
---------------------------------  -----  ---------  --------  ----------  --------------  -------------------  ----------------------
/opt/airflow/dags/DevSurveyDag.py                           1           0  0.30s           2025-05-18T19:03:11                      12
================================================================================
[2025-05-18T19:04:10.972+0000] {manager.py:997} INFO - 
================================================================================
DAG File Processing Stats

File Path                          PID    Runtime      # DAGs    # Errors  Last Runtime    Last Run               Last # of DB Queries
---------------------------------  -----  ---------  --------  ----------  --------------  -------------------  ----------------------
/opt/airflow/dags/DevSurveyDag.py                           1           0  0.37s           2025-05-18T19:03:42                      12
================================================================================
[2025-05-18T19:04:41.583+0000] {manager.py:997} INFO - 
================================================================================
DAG File Processing Stats

File Path                          PID    Runtime      # DAGs    # Errors  Last Runtime    Last Run               Last # of DB Queries
---------------------------------  -----  ---------  --------  ----------  --------------  -------------------  ----------------------
/opt/airflow/dags/DevSurveyDag.py                           1           0  0.28s           2025-05-18T19:04:12                      12
================================================================================
[2025-05-18T19:05:12.127+0000] {manager.py:997} INFO - 
================================================================================
DAG File Processing Stats

File Path                          PID    Runtime      # DAGs    # Errors  Last Runtime    Last Run               Last # of DB Queries
---------------------------------  -----  ---------  --------  ----------  --------------  -------------------  ----------------------
/opt/airflow/dags/DevSurveyDag.py                           1           0  0.32s           2025-05-18T19:04:43                      12
================================================================================
[2025-05-18T19:05:42.651+0000] {manager.py:997} INFO - 
================================================================================
DAG File Processing Stats

File Path                          PID    Runtime      # DAGs    # Errors  Last Runtime    Last Run               Last # of DB Queries
---------------------------------  -----  ---------  --------  ----------  --------------  -------------------  ----------------------
/opt/airflow/dags/DevSurveyDag.py                           1           0  0.28s           2025-05-18T19:05:13                      12
================================================================================
[2025-05-18T19:06:13.170+0000] {manager.py:997} INFO - 
================================================================================
DAG File Processing Stats

File Path                          PID    Runtime      # DAGs    # Errors  Last Runtime    Last Run               Last # of DB Queries
---------------------------------  -----  ---------  --------  ----------  --------------  -------------------  ----------------------
/opt/airflow/dags/DevSurveyDag.py                           1           0  0.22s           2025-05-18T19:05:44                      12
================================================================================
[2025-05-18T19:06:39.563+0000] {manager.py:821} INFO - Searching for files in /opt/airflow/dags
[2025-05-18T19:06:39.585+0000] {manager.py:824} INFO - There are 1 files in /opt/airflow/dags
[2025-05-18T19:06:43.649+0000] {manager.py:997} INFO - 
================================================================================
DAG File Processing Stats

File Path                          PID    Runtime      # DAGs    # Errors  Last Runtime    Last Run               Last # of DB Queries
---------------------------------  -----  ---------  --------  ----------  --------------  -------------------  ----------------------
/opt/airflow/dags/DevSurveyDag.py                           1           0  0.23s           2025-05-18T19:06:14                      12
================================================================================
[2025-05-18T19:07:13.930+0000] {manager.py:997} INFO - 
================================================================================
DAG File Processing Stats

File Path                          PID    Runtime      # DAGs    # Errors  Last Runtime    Last Run               Last # of DB Queries
---------------------------------  -----  ---------  --------  ----------  --------------  -------------------  ----------------------
/opt/airflow/dags/DevSurveyDag.py                           1           0  0.31s           2025-05-18T19:06:44                      12
================================================================================
[2025-05-18T19:07:44.458+0000] {manager.py:997} INFO - 
================================================================================
DAG File Processing Stats

File Path                          PID    Runtime      # DAGs    # Errors  Last Runtime    Last Run               Last # of DB Queries
---------------------------------  -----  ---------  --------  ----------  --------------  -------------------  ----------------------
/opt/airflow/dags/DevSurveyDag.py                           1           0  0.39s           2025-05-18T19:07:15                      12
================================================================================
[2025-05-18T19:08:14.623+0000] {manager.py:997} INFO - 
================================================================================
DAG File Processing Stats

File Path                          PID    Runtime      # DAGs    # Errors  Last Runtime    Last Run               Last # of DB Queries
---------------------------------  -----  ---------  --------  ----------  --------------  -------------------  ----------------------
/opt/airflow/dags/DevSurveyDag.py                           1           0  0.52s           2025-05-18T19:07:46                      12
================================================================================
[2025-05-18T19:08:44.943+0000] {manager.py:997} INFO - 
================================================================================
DAG File Processing Stats

File Path                          PID    Runtime      # DAGs    # Errors  Last Runtime    Last Run               Last # of DB Queries
---------------------------------  -----  ---------  --------  ----------  --------------  -------------------  ----------------------
/opt/airflow/dags/DevSurveyDag.py                           1           0  0.34s           2025-05-18T19:08:16                      12
================================================================================
[2025-05-18T19:09:15.251+0000] {manager.py:997} INFO - 
================================================================================
DAG File Processing Stats

File Path                          PID    Runtime      # DAGs    # Errors  Last Runtime    Last Run               Last # of DB Queries
---------------------------------  -----  ---------  --------  ----------  --------------  -------------------  ----------------------
/opt/airflow/dags/DevSurveyDag.py                           1           0  0.65s           2025-05-18T19:08:47                      12
================================================================================
[2025-05-18T19:09:45.877+0000] {manager.py:997} INFO - 
================================================================================
DAG File Processing Stats

File Path                          PID    Runtime      # DAGs    # Errors  Last Runtime    Last Run               Last # of DB Queries
---------------------------------  -----  ---------  --------  ----------  --------------  -------------------  ----------------------
/opt/airflow/dags/DevSurveyDag.py                           1           0  0.40s           2025-05-18T19:09:18                      12
================================================================================
[2025-05-18T19:10:16.127+0000] {manager.py:997} INFO - 
================================================================================
DAG File Processing Stats

File Path                          PID    Runtime      # DAGs    # Errors  Last Runtime    Last Run               Last # of DB Queries
---------------------------------  -----  ---------  --------  ----------  --------------  -------------------  ----------------------
/opt/airflow/dags/DevSurveyDag.py                           1           0  0.30s           2025-05-18T19:09:49                      12
================================================================================
[2025-05-18T19:10:46.661+0000] {manager.py:997} INFO - 
================================================================================
DAG File Processing Stats

File Path                          PID    Runtime      # DAGs    # Errors  Last Runtime    Last Run               Last # of DB Queries
---------------------------------  -----  ---------  --------  ----------  --------------  -------------------  ----------------------
/opt/airflow/dags/DevSurveyDag.py                           1           0  0.30s           2025-05-18T19:10:19                      12
================================================================================
[2025-05-18T19:11:17.198+0000] {manager.py:997} INFO - 
================================================================================
DAG File Processing Stats

File Path                          PID    Runtime      # DAGs    # Errors  Last Runtime    Last Run               Last # of DB Queries
---------------------------------  -----  ---------  --------  ----------  --------------  -------------------  ----------------------
/opt/airflow/dags/DevSurveyDag.py                           1           0  0.29s           2025-05-18T19:10:50                      12
================================================================================
[2025-05-18T19:11:39.651+0000] {manager.py:821} INFO - Searching for files in /opt/airflow/dags
[2025-05-18T19:11:39.682+0000] {manager.py:824} INFO - There are 1 files in /opt/airflow/dags
[2025-05-18T19:11:47.767+0000] {manager.py:997} INFO - 
================================================================================
DAG File Processing Stats

File Path                          PID    Runtime      # DAGs    # Errors  Last Runtime    Last Run               Last # of DB Queries
---------------------------------  -----  ---------  --------  ----------  --------------  -------------------  ----------------------
/opt/airflow/dags/DevSurveyDag.py                           1           0  0.31s           2025-05-18T19:11:20                      12
================================================================================
[2025-05-18T19:12:18.259+0000] {manager.py:997} INFO - 
================================================================================
DAG File Processing Stats

File Path                          PID    Runtime      # DAGs    # Errors  Last Runtime    Last Run               Last # of DB Queries
---------------------------------  -----  ---------  --------  ----------  --------------  -------------------  ----------------------
/opt/airflow/dags/DevSurveyDag.py                           1           0  0.43s           2025-05-18T19:11:51                      12
================================================================================
[2025-05-18T19:12:48.919+0000] {manager.py:997} INFO - 
================================================================================
DAG File Processing Stats

File Path                          PID    Runtime      # DAGs    # Errors  Last Runtime    Last Run               Last # of DB Queries
---------------------------------  -----  ---------  --------  ----------  --------------  -------------------  ----------------------
/opt/airflow/dags/DevSurveyDag.py                           1           0  0.28s           2025-05-18T19:12:21                      12
================================================================================
[2025-05-18T19:13:19.413+0000] {manager.py:997} INFO - 
================================================================================
DAG File Processing Stats

File Path                          PID    Runtime      # DAGs    # Errors  Last Runtime    Last Run               Last # of DB Queries
---------------------------------  -----  ---------  --------  ----------  --------------  -------------------  ----------------------
/opt/airflow/dags/DevSurveyDag.py                           1           0  0.38s           2025-05-18T19:12:52                      12
================================================================================
[2025-05-18T19:13:50.264+0000] {manager.py:997} INFO - 
================================================================================
DAG File Processing Stats

File Path                          PID    Runtime      # DAGs    # Errors  Last Runtime    Last Run               Last # of DB Queries
---------------------------------  -----  ---------  --------  ----------  --------------  -------------------  ----------------------
/opt/airflow/dags/DevSurveyDag.py                           1           0  0.33s           2025-05-18T19:13:43                      12
================================================================================
[2025-05-18T19:14:20.598+0000] {manager.py:997} INFO - 
================================================================================
DAG File Processing Stats

File Path                          PID    Runtime      # DAGs    # Errors  Last Runtime    Last Run               Last # of DB Queries
---------------------------------  -----  ---------  --------  ----------  --------------  -------------------  ----------------------
/opt/airflow/dags/DevSurveyDag.py                           1           0  0.36s           2025-05-18T19:14:13                      12
================================================================================
[2025-05-18T19:14:51.148+0000] {manager.py:997} INFO - 
================================================================================
DAG File Processing Stats

File Path                          PID    Runtime      # DAGs    # Errors  Last Runtime    Last Run               Last # of DB Queries
---------------------------------  -----  ---------  --------  ----------  --------------  -------------------  ----------------------
/opt/airflow/dags/DevSurveyDag.py                           1           0  0.36s           2025-05-18T19:14:44                      12
================================================================================
[2025-05-18T19:14:54.609+0000] {manager.py:465} INFO - Exiting gracefully upon receiving signal 15
[2025-05-18T19:16:39.849+0000] {manager.py:483} INFO - Processing files using up to 2 processes at a time 
[2025-05-18T19:16:39.850+0000] {manager.py:484} INFO - Process each file at most once every 30 seconds
[2025-05-18T19:16:39.851+0000] {manager.py:485} INFO - Checking for new files in /opt/airflow/dags every 300 seconds
[2025-05-18T19:16:39.852+0000] {manager.py:821} INFO - Searching for files in /opt/airflow/dags
[2025-05-18T19:16:39.888+0000] {manager.py:824} INFO - There are 1 files in /opt/airflow/dags
[2025-05-18T19:16:40.078+0000] {manager.py:997} INFO - 
================================================================================
DAG File Processing Stats

File Path                            PID  Runtime      # DAGs    # Errors  Last Runtime    Last Run      Last # of DB Queries
---------------------------------  -----  ---------  --------  ----------  --------------  ----------  ----------------------
/opt/airflow/dags/DevSurveyDag.py     97  0.04s             0           0                                                   0
================================================================================
[2025-05-18T19:17:10.424+0000] {manager.py:997} INFO - 
================================================================================
DAG File Processing Stats

File Path                            PID  Runtime      # DAGs    # Errors  Last Runtime    Last Run               Last # of DB Queries
---------------------------------  -----  ---------  --------  ----------  --------------  -------------------  ----------------------
/opt/airflow/dags/DevSurveyDag.py    104  0.01s             1           0  0.37s           2025-05-18T19:16:40                      12
================================================================================
[2025-05-18T19:17:40.635+0000] {manager.py:997} INFO - 
================================================================================
DAG File Processing Stats

File Path                          PID    Runtime      # DAGs    # Errors  Last Runtime    Last Run               Last # of DB Queries
---------------------------------  -----  ---------  --------  ----------  --------------  -------------------  ----------------------
/opt/airflow/dags/DevSurveyDag.py                           1           0  0.31s           2025-05-18T19:17:10                      12
================================================================================
[2025-05-18T19:18:11.146+0000] {manager.py:997} INFO - 
================================================================================
DAG File Processing Stats

File Path                          PID    Runtime      # DAGs    # Errors  Last Runtime    Last Run               Last # of DB Queries
---------------------------------  -----  ---------  --------  ----------  --------------  -------------------  ----------------------
/opt/airflow/dags/DevSurveyDag.py                           1           0  0.26s           2025-05-18T19:17:41                      12
================================================================================
[2025-05-18T19:18:41.625+0000] {manager.py:997} INFO - 
================================================================================
DAG File Processing Stats

File Path                          PID    Runtime      # DAGs    # Errors  Last Runtime    Last Run               Last # of DB Queries
---------------------------------  -----  ---------  --------  ----------  --------------  -------------------  ----------------------
/opt/airflow/dags/DevSurveyDag.py                           1           0  0.32s           2025-05-18T19:18:11                      12
================================================================================
[2025-05-18T19:19:11.653+0000] {manager.py:997} INFO - 
================================================================================
DAG File Processing Stats

File Path                          PID    Runtime      # DAGs    # Errors  Last Runtime    Last Run               Last # of DB Queries
---------------------------------  -----  ---------  --------  ----------  --------------  -------------------  ----------------------
/opt/airflow/dags/DevSurveyDag.py                           1           0  0.49s           2025-05-18T19:18:42                      12
================================================================================
[2025-05-18T19:19:41.940+0000] {manager.py:997} INFO - 
================================================================================
DAG File Processing Stats

File Path                          PID    Runtime      # DAGs    # Errors  Last Runtime    Last Run               Last # of DB Queries
---------------------------------  -----  ---------  --------  ----------  --------------  -------------------  ----------------------
/opt/airflow/dags/DevSurveyDag.py                           1           0  0.26s           2025-05-18T19:19:12                      12
================================================================================
[2025-05-18T19:20:12.418+0000] {manager.py:997} INFO - 
================================================================================
DAG File Processing Stats

File Path                          PID    Runtime      # DAGs    # Errors  Last Runtime    Last Run               Last # of DB Queries
---------------------------------  -----  ---------  --------  ----------  --------------  -------------------  ----------------------
/opt/airflow/dags/DevSurveyDag.py                           1           0  0.37s           2025-05-18T19:19:43                      12
================================================================================
[2025-05-18T19:20:40.898+0000] {manager.py:465} INFO - Exiting gracefully upon receiving signal 15
[2025-05-18T19:25:31.968+0000] {manager.py:483} INFO - Processing files using up to 2 processes at a time 
[2025-05-18T19:25:31.970+0000] {manager.py:484} INFO - Process each file at most once every 30 seconds
[2025-05-18T19:25:31.971+0000] {manager.py:485} INFO - Checking for new files in /opt/airflow/dags every 300 seconds
[2025-05-18T19:25:31.972+0000] {manager.py:821} INFO - Searching for files in /opt/airflow/dags
[2025-05-18T19:25:32.008+0000] {manager.py:824} INFO - There are 1 files in /opt/airflow/dags
[2025-05-18T19:25:32.162+0000] {manager.py:997} INFO - 
================================================================================
DAG File Processing Stats

File Path                            PID  Runtime      # DAGs    # Errors  Last Runtime    Last Run      Last # of DB Queries
---------------------------------  -----  ---------  --------  ----------  --------------  ----------  ----------------------
/opt/airflow/dags/DevSurveyDag.py     96  0.03s             0           0                                                   0
================================================================================
[2025-05-18T19:26:02.376+0000] {manager.py:997} INFO - 
================================================================================
DAG File Processing Stats

File Path                          PID    Runtime      # DAGs    # Errors  Last Runtime    Last Run               Last # of DB Queries
---------------------------------  -----  ---------  --------  ----------  --------------  -------------------  ----------------------
/opt/airflow/dags/DevSurveyDag.py                           1           0  0.31s           2025-05-18T19:25:32                      12
================================================================================
[2025-05-18T19:26:32.622+0000] {manager.py:997} INFO - 
================================================================================
DAG File Processing Stats

File Path                          PID    Runtime      # DAGs    # Errors  Last Runtime    Last Run               Last # of DB Queries
---------------------------------  -----  ---------  --------  ----------  --------------  -------------------  ----------------------
/opt/airflow/dags/DevSurveyDag.py                           1           0  0.63s           2025-05-18T19:26:03                      12
================================================================================
[2025-05-18T19:27:03.157+0000] {manager.py:997} INFO - 
================================================================================
DAG File Processing Stats

File Path                          PID    Runtime      # DAGs    # Errors  Last Runtime    Last Run               Last # of DB Queries
---------------------------------  -----  ---------  --------  ----------  --------------  -------------------  ----------------------
/opt/airflow/dags/DevSurveyDag.py                           1           0  1.32s           2025-05-18T19:26:35                      12
================================================================================
[2025-05-18T19:27:33.820+0000] {manager.py:997} INFO - 
================================================================================
DAG File Processing Stats

File Path                          PID    Runtime      # DAGs    # Errors  Last Runtime    Last Run               Last # of DB Queries
---------------------------------  -----  ---------  --------  ----------  --------------  -------------------  ----------------------
/opt/airflow/dags/DevSurveyDag.py                           1           0  4.34s           2025-05-18T19:27:09                      12
================================================================================
[2025-05-18T19:28:04.263+0000] {manager.py:997} INFO - 
================================================================================
DAG File Processing Stats

File Path                          PID    Runtime      # DAGs    # Errors  Last Runtime    Last Run               Last # of DB Queries
---------------------------------  -----  ---------  --------  ----------  --------------  -------------------  ----------------------
/opt/airflow/dags/DevSurveyDag.py                           1           0  0.59s           2025-05-18T19:27:40                      12
================================================================================
[2025-05-18T19:28:34.546+0000] {manager.py:997} INFO - 
================================================================================
DAG File Processing Stats

File Path                          PID    Runtime      # DAGs    # Errors  Last Runtime    Last Run               Last # of DB Queries
---------------------------------  -----  ---------  --------  ----------  --------------  -------------------  ----------------------
/opt/airflow/dags/DevSurveyDag.py                           1           0  1.02s           2025-05-18T19:28:11                      12
================================================================================
[2025-05-18T19:29:04.665+0000] {manager.py:997} INFO - 
================================================================================
DAG File Processing Stats

File Path                          PID    Runtime      # DAGs    # Errors  Last Runtime    Last Run               Last # of DB Queries
---------------------------------  -----  ---------  --------  ----------  --------------  -------------------  ----------------------
/opt/airflow/dags/DevSurveyDag.py                           1           0  0.33s           2025-05-18T19:28:42                      12
================================================================================
[2025-05-18T19:29:34.889+0000] {manager.py:997} INFO - 
================================================================================
DAG File Processing Stats

File Path                          PID    Runtime      # DAGs    # Errors  Last Runtime    Last Run               Last # of DB Queries
---------------------------------  -----  ---------  --------  ----------  --------------  -------------------  ----------------------
/opt/airflow/dags/DevSurveyDag.py                           1           0  0.28s           2025-05-18T19:29:13                      12
================================================================================
[2025-05-18T19:30:05.390+0000] {manager.py:997} INFO - 
================================================================================
DAG File Processing Stats

File Path                          PID    Runtime      # DAGs    # Errors  Last Runtime    Last Run               Last # of DB Queries
---------------------------------  -----  ---------  --------  ----------  --------------  -------------------  ----------------------
/opt/airflow/dags/DevSurveyDag.py                           1           0  0.25s           2025-05-18T19:29:43                      12
================================================================================
[2025-05-18T19:30:32.035+0000] {manager.py:821} INFO - Searching for files in /opt/airflow/dags
[2025-05-18T19:30:32.080+0000] {manager.py:824} INFO - There are 1 files in /opt/airflow/dags
[2025-05-18T19:30:35.855+0000] {manager.py:997} INFO - 
================================================================================
DAG File Processing Stats

File Path                          PID    Runtime      # DAGs    # Errors  Last Runtime    Last Run               Last # of DB Queries
---------------------------------  -----  ---------  --------  ----------  --------------  -------------------  ----------------------
/opt/airflow/dags/DevSurveyDag.py                           1           0  0.23s           2025-05-18T19:30:13                      12
================================================================================
[2025-05-18T19:31:06.379+0000] {manager.py:997} INFO - 
================================================================================
DAG File Processing Stats

File Path                          PID    Runtime      # DAGs    # Errors  Last Runtime    Last Run               Last # of DB Queries
---------------------------------  -----  ---------  --------  ----------  --------------  -------------------  ----------------------
/opt/airflow/dags/DevSurveyDag.py                           1           0  0.30s           2025-05-18T19:30:44                      12
================================================================================
[2025-05-18T19:31:36.635+0000] {manager.py:997} INFO - 
================================================================================
DAG File Processing Stats

File Path                          PID    Runtime      # DAGs    # Errors  Last Runtime    Last Run               Last # of DB Queries
---------------------------------  -----  ---------  --------  ----------  --------------  -------------------  ----------------------
/opt/airflow/dags/DevSurveyDag.py                           1           0  0.29s           2025-05-18T19:31:14                      12
================================================================================
[2025-05-18T19:32:07.148+0000] {manager.py:997} INFO - 
================================================================================
DAG File Processing Stats

File Path                          PID    Runtime      # DAGs    # Errors  Last Runtime    Last Run               Last # of DB Queries
---------------------------------  -----  ---------  --------  ----------  --------------  -------------------  ----------------------
/opt/airflow/dags/DevSurveyDag.py                           1           0  0.28s           2025-05-18T19:31:45                      12
================================================================================
[2025-05-18T19:32:37.628+0000] {manager.py:997} INFO - 
================================================================================
DAG File Processing Stats

File Path                          PID    Runtime      # DAGs    # Errors  Last Runtime    Last Run               Last # of DB Queries
---------------------------------  -----  ---------  --------  ----------  --------------  -------------------  ----------------------
/opt/airflow/dags/DevSurveyDag.py                           1           0  0.27s           2025-05-18T19:32:15                      12
================================================================================
[2025-05-18T19:33:08.109+0000] {manager.py:997} INFO - 
================================================================================
DAG File Processing Stats

File Path                          PID    Runtime      # DAGs    # Errors  Last Runtime    Last Run               Last # of DB Queries
---------------------------------  -----  ---------  --------  ----------  --------------  -------------------  ----------------------
/opt/airflow/dags/DevSurveyDag.py                           1           0  0.28s           2025-05-18T19:32:46                      12
================================================================================
[2025-05-18T19:33:38.635+0000] {manager.py:997} INFO - 
================================================================================
DAG File Processing Stats

File Path                          PID    Runtime      # DAGs    # Errors  Last Runtime    Last Run               Last # of DB Queries
---------------------------------  -----  ---------  --------  ----------  --------------  -------------------  ----------------------
/opt/airflow/dags/DevSurveyDag.py                           1           0  0.27s           2025-05-18T19:33:16                      12
================================================================================
[2025-05-18T19:34:09.145+0000] {manager.py:997} INFO - 
================================================================================
DAG File Processing Stats

File Path                          PID    Runtime      # DAGs    # Errors  Last Runtime    Last Run               Last # of DB Queries
---------------------------------  -----  ---------  --------  ----------  --------------  -------------------  ----------------------
/opt/airflow/dags/DevSurveyDag.py                           1           0  0.30s           2025-05-18T19:33:47                      12
================================================================================
[2025-05-18T19:34:39.424+0000] {manager.py:997} INFO - 
================================================================================
DAG File Processing Stats

File Path                          PID    Runtime      # DAGs    # Errors  Last Runtime    Last Run               Last # of DB Queries
---------------------------------  -----  ---------  --------  ----------  --------------  -------------------  ----------------------
/opt/airflow/dags/DevSurveyDag.py                           1           0  0.30s           2025-05-18T19:34:17                      12
================================================================================
[2025-05-18T19:35:09.930+0000] {manager.py:997} INFO - 
================================================================================
DAG File Processing Stats

File Path                          PID    Runtime      # DAGs    # Errors  Last Runtime    Last Run               Last # of DB Queries
---------------------------------  -----  ---------  --------  ----------  --------------  -------------------  ----------------------
/opt/airflow/dags/DevSurveyDag.py                           1           0  0.42s           2025-05-18T19:34:48                      12
================================================================================
[2025-05-18T19:35:32.055+0000] {manager.py:821} INFO - Searching for files in /opt/airflow/dags
[2025-05-18T19:35:32.099+0000] {manager.py:824} INFO - There are 1 files in /opt/airflow/dags
[2025-05-18T19:35:40.200+0000] {manager.py:997} INFO - 
================================================================================
DAG File Processing Stats

File Path                          PID    Runtime      # DAGs    # Errors  Last Runtime    Last Run               Last # of DB Queries
---------------------------------  -----  ---------  --------  ----------  --------------  -------------------  ----------------------
/opt/airflow/dags/DevSurveyDag.py                           1           0  0.49s           2025-05-18T19:35:18                      12
================================================================================
[2025-05-18T19:36:10.429+0000] {manager.py:997} INFO - 
================================================================================
DAG File Processing Stats

File Path                          PID    Runtime      # DAGs    # Errors  Last Runtime    Last Run               Last # of DB Queries
---------------------------------  -----  ---------  --------  ----------  --------------  -------------------  ----------------------
/opt/airflow/dags/DevSurveyDag.py                           1           0  0.23s           2025-05-18T19:35:49                      12
================================================================================
[2025-05-18T19:36:40.895+0000] {manager.py:997} INFO - 
================================================================================
DAG File Processing Stats

File Path                          PID    Runtime      # DAGs    # Errors  Last Runtime    Last Run               Last # of DB Queries
---------------------------------  -----  ---------  --------  ----------  --------------  -------------------  ----------------------
/opt/airflow/dags/DevSurveyDag.py                           1           0  0.29s           2025-05-18T19:36:20                      12
================================================================================
[2025-05-18T19:37:11.388+0000] {manager.py:997} INFO - 
================================================================================
DAG File Processing Stats

File Path                          PID    Runtime      # DAGs    # Errors  Last Runtime    Last Run               Last # of DB Queries
---------------------------------  -----  ---------  --------  ----------  --------------  -------------------  ----------------------
/opt/airflow/dags/DevSurveyDag.py                           1           0  0.25s           2025-05-18T19:36:50                      12
================================================================================
[2025-05-18T19:37:41.829+0000] {manager.py:997} INFO - 
================================================================================
DAG File Processing Stats

File Path                          PID    Runtime      # DAGs    # Errors  Last Runtime    Last Run               Last # of DB Queries
---------------------------------  -----  ---------  --------  ----------  --------------  -------------------  ----------------------
/opt/airflow/dags/DevSurveyDag.py                           1           0  0.27s           2025-05-18T19:37:20                      12
================================================================================
[2025-05-18T19:38:12.107+0000] {manager.py:997} INFO - 
================================================================================
DAG File Processing Stats

File Path                          PID    Runtime      # DAGs    # Errors  Last Runtime    Last Run               Last # of DB Queries
---------------------------------  -----  ---------  --------  ----------  --------------  -------------------  ----------------------
/opt/airflow/dags/DevSurveyDag.py                           1           0  0.78s           2025-05-18T19:37:51                      12
================================================================================
[2025-05-18T19:38:42.409+0000] {manager.py:997} INFO - 
================================================================================
DAG File Processing Stats

File Path                          PID    Runtime      # DAGs    # Errors  Last Runtime    Last Run               Last # of DB Queries
---------------------------------  -----  ---------  --------  ----------  --------------  -------------------  ----------------------
/opt/airflow/dags/DevSurveyDag.py                           1           0  0.45s           2025-05-18T19:38:22                      12
================================================================================
[2025-05-18T19:39:13.104+0000] {manager.py:997} INFO - 
================================================================================
DAG File Processing Stats

File Path                          PID    Runtime      # DAGs    # Errors  Last Runtime    Last Run               Last # of DB Queries
---------------------------------  -----  ---------  --------  ----------  --------------  -------------------  ----------------------
/opt/airflow/dags/DevSurveyDag.py                           1           0  0.29s           2025-05-18T19:38:53                      12
================================================================================
[2025-05-18T19:39:43.680+0000] {manager.py:997} INFO - 
================================================================================
DAG File Processing Stats

File Path                          PID    Runtime      # DAGs    # Errors  Last Runtime    Last Run               Last # of DB Queries
---------------------------------  -----  ---------  --------  ----------  --------------  -------------------  ----------------------
/opt/airflow/dags/DevSurveyDag.py                           1           0  0.31s           2025-05-18T19:39:23                      12
================================================================================
[2025-05-18T19:40:14.255+0000] {manager.py:997} INFO - 
================================================================================
DAG File Processing Stats

File Path                          PID    Runtime      # DAGs    # Errors  Last Runtime    Last Run               Last # of DB Queries
---------------------------------  -----  ---------  --------  ----------  --------------  -------------------  ----------------------
/opt/airflow/dags/DevSurveyDag.py                           1           0  0.34s           2025-05-18T19:39:54                      12
================================================================================
[2025-05-18T19:40:32.745+0000] {manager.py:821} INFO - Searching for files in /opt/airflow/dags
[2025-05-18T19:40:32.790+0000] {manager.py:824} INFO - There are 1 files in /opt/airflow/dags
[2025-05-18T19:40:44.922+0000] {manager.py:997} INFO - 
================================================================================
DAG File Processing Stats

File Path                          PID    Runtime      # DAGs    # Errors  Last Runtime    Last Run               Last # of DB Queries
---------------------------------  -----  ---------  --------  ----------  --------------  -------------------  ----------------------
/opt/airflow/dags/DevSurveyDag.py                           1           0  0.32s           2025-05-18T19:40:24                      12
================================================================================
[2025-05-18T19:41:15.396+0000] {manager.py:997} INFO - 
================================================================================
DAG File Processing Stats

File Path                          PID    Runtime      # DAGs    # Errors  Last Runtime    Last Run               Last # of DB Queries
---------------------------------  -----  ---------  --------  ----------  --------------  -------------------  ----------------------
/opt/airflow/dags/DevSurveyDag.py                           1           0  0.40s           2025-05-18T19:40:55                      12
================================================================================
[2025-05-18T19:41:45.790+0000] {manager.py:997} INFO - 
================================================================================
DAG File Processing Stats

File Path                          PID    Runtime      # DAGs    # Errors  Last Runtime    Last Run               Last # of DB Queries
---------------------------------  -----  ---------  --------  ----------  --------------  -------------------  ----------------------
/opt/airflow/dags/DevSurveyDag.py                           1           0  0.29s           2025-05-18T19:41:25                      12
================================================================================
[2025-05-18T19:42:16.109+0000] {manager.py:997} INFO - 
================================================================================
DAG File Processing Stats

File Path                          PID    Runtime      # DAGs    # Errors  Last Runtime    Last Run               Last # of DB Queries
---------------------------------  -----  ---------  --------  ----------  --------------  -------------------  ----------------------
/opt/airflow/dags/DevSurveyDag.py                           1           0  0.30s           2025-05-18T19:41:56                      12
================================================================================
[2025-05-18T19:42:46.500+0000] {manager.py:997} INFO - 
================================================================================
DAG File Processing Stats

File Path                          PID    Runtime      # DAGs    # Errors  Last Runtime    Last Run               Last # of DB Queries
---------------------------------  -----  ---------  --------  ----------  --------------  -------------------  ----------------------
/opt/airflow/dags/DevSurveyDag.py                           1           0  0.25s           2025-05-18T19:42:26                      12
================================================================================
[2025-05-18T19:43:16.844+0000] {manager.py:997} INFO - 
================================================================================
DAG File Processing Stats

File Path                          PID    Runtime      # DAGs    # Errors  Last Runtime    Last Run               Last # of DB Queries
---------------------------------  -----  ---------  --------  ----------  --------------  -------------------  ----------------------
/opt/airflow/dags/DevSurveyDag.py                           1           0  0.27s           2025-05-18T19:42:56                      12
================================================================================
[2025-05-18T19:43:47.351+0000] {manager.py:997} INFO - 
================================================================================
DAG File Processing Stats

File Path                          PID    Runtime      # DAGs    # Errors  Last Runtime    Last Run               Last # of DB Queries
---------------------------------  -----  ---------  --------  ----------  --------------  -------------------  ----------------------
/opt/airflow/dags/DevSurveyDag.py                           1           0  0.42s           2025-05-18T19:43:27                      12
================================================================================
[2025-05-18T19:44:17.834+0000] {manager.py:997} INFO - 
================================================================================
DAG File Processing Stats

File Path                          PID    Runtime      # DAGs    # Errors  Last Runtime    Last Run               Last # of DB Queries
---------------------------------  -----  ---------  --------  ----------  --------------  -------------------  ----------------------
/opt/airflow/dags/DevSurveyDag.py                           1           0  0.25s           2025-05-18T19:43:57                      12
================================================================================
[2025-05-18T19:44:48.042+0000] {manager.py:997} INFO - 
================================================================================
DAG File Processing Stats

File Path                          PID    Runtime      # DAGs    # Errors  Last Runtime    Last Run               Last # of DB Queries
---------------------------------  -----  ---------  --------  ----------  --------------  -------------------  ----------------------
/opt/airflow/dags/DevSurveyDag.py                           1           0  0.21s           2025-05-18T19:44:28                      12
================================================================================
[2025-05-18T19:45:18.496+0000] {manager.py:997} INFO - 
================================================================================
DAG File Processing Stats

File Path                          PID    Runtime      # DAGs    # Errors  Last Runtime    Last Run               Last # of DB Queries
---------------------------------  -----  ---------  --------  ----------  --------------  -------------------  ----------------------
/opt/airflow/dags/DevSurveyDag.py                           1           0  0.41s           2025-05-18T19:44:58                      12
================================================================================
[2025-05-18T19:45:32.844+0000] {manager.py:821} INFO - Searching for files in /opt/airflow/dags
[2025-05-18T19:45:32.859+0000] {manager.py:824} INFO - There are 1 files in /opt/airflow/dags
[2025-05-18T19:45:48.983+0000] {manager.py:997} INFO - 
================================================================================
DAG File Processing Stats

File Path                          PID    Runtime      # DAGs    # Errors  Last Runtime    Last Run               Last # of DB Queries
---------------------------------  -----  ---------  --------  ----------  --------------  -------------------  ----------------------
/opt/airflow/dags/DevSurveyDag.py                           1           0  0.38s           2025-05-18T19:45:28                      12
================================================================================
[2025-05-18T19:46:19.274+0000] {manager.py:997} INFO - 
================================================================================
DAG File Processing Stats

File Path                          PID    Runtime      # DAGs    # Errors  Last Runtime    Last Run               Last # of DB Queries
---------------------------------  -----  ---------  --------  ----------  --------------  -------------------  ----------------------
/opt/airflow/dags/DevSurveyDag.py                           1           0  0.28s           2025-05-18T19:45:59                      12
================================================================================
[2025-05-18T19:46:49.680+0000] {manager.py:997} INFO - 
================================================================================
DAG File Processing Stats

File Path                          PID    Runtime      # DAGs    # Errors  Last Runtime    Last Run               Last # of DB Queries
---------------------------------  -----  ---------  --------  ----------  --------------  -------------------  ----------------------
/opt/airflow/dags/DevSurveyDag.py                           1           0  0.33s           2025-05-18T19:46:29                      12
================================================================================
[2025-05-18T19:47:20.199+0000] {manager.py:997} INFO - 
================================================================================
DAG File Processing Stats

File Path                          PID    Runtime      # DAGs    # Errors  Last Runtime    Last Run               Last # of DB Queries
---------------------------------  -----  ---------  --------  ----------  --------------  -------------------  ----------------------
/opt/airflow/dags/DevSurveyDag.py                           1           0  0.22s           2025-05-18T19:47:00                      12
================================================================================
[2025-05-18T19:47:50.624+0000] {manager.py:997} INFO - 
================================================================================
DAG File Processing Stats

File Path                          PID    Runtime      # DAGs    # Errors  Last Runtime    Last Run               Last # of DB Queries
---------------------------------  -----  ---------  --------  ----------  --------------  -------------------  ----------------------
/opt/airflow/dags/DevSurveyDag.py                           1           0  0.23s           2025-05-18T19:47:30                      12
================================================================================
[2025-05-18T19:48:21.072+0000] {manager.py:997} INFO - 
================================================================================
DAG File Processing Stats

File Path                          PID    Runtime      # DAGs    # Errors  Last Runtime    Last Run               Last # of DB Queries
---------------------------------  -----  ---------  --------  ----------  --------------  -------------------  ----------------------
/opt/airflow/dags/DevSurveyDag.py                           1           0  0.40s           2025-05-18T19:48:01                      12
================================================================================
[2025-05-18T19:48:51.673+0000] {manager.py:997} INFO - 
================================================================================
DAG File Processing Stats

File Path                          PID    Runtime      # DAGs    # Errors  Last Runtime    Last Run               Last # of DB Queries
---------------------------------  -----  ---------  --------  ----------  --------------  -------------------  ----------------------
/opt/airflow/dags/DevSurveyDag.py                           1           0  0.20s           2025-05-18T19:48:31                      12
================================================================================
[2025-05-18T19:49:22.063+0000] {manager.py:997} INFO - 
================================================================================
DAG File Processing Stats

File Path                          PID    Runtime      # DAGs    # Errors  Last Runtime    Last Run               Last # of DB Queries
---------------------------------  -----  ---------  --------  ----------  --------------  -------------------  ----------------------
/opt/airflow/dags/DevSurveyDag.py                           1           0  0.27s           2025-05-18T19:49:02                      12
================================================================================
[2025-05-18T19:49:52.404+0000] {manager.py:997} INFO - 
================================================================================
DAG File Processing Stats

File Path                          PID    Runtime      # DAGs    # Errors  Last Runtime    Last Run               Last # of DB Queries
---------------------------------  -----  ---------  --------  ----------  --------------  -------------------  ----------------------
/opt/airflow/dags/DevSurveyDag.py                           1           0  0.35s           2025-05-18T19:49:32                      12
================================================================================
[2025-05-18T19:50:22.848+0000] {manager.py:997} INFO - 
================================================================================
DAG File Processing Stats

File Path                          PID    Runtime      # DAGs    # Errors  Last Runtime    Last Run               Last # of DB Queries
---------------------------------  -----  ---------  --------  ----------  --------------  -------------------  ----------------------
/opt/airflow/dags/DevSurveyDag.py                           1           0  0.29s           2025-05-18T19:50:02                      12
================================================================================
[2025-05-18T19:50:32.925+0000] {manager.py:821} INFO - Searching for files in /opt/airflow/dags
[2025-05-18T19:50:32.952+0000] {manager.py:824} INFO - There are 1 files in /opt/airflow/dags
[2025-05-18T19:50:53.365+0000] {manager.py:997} INFO - 
================================================================================
DAG File Processing Stats

File Path                          PID    Runtime      # DAGs    # Errors  Last Runtime    Last Run               Last # of DB Queries
---------------------------------  -----  ---------  --------  ----------  --------------  -------------------  ----------------------
/opt/airflow/dags/DevSurveyDag.py                           1           0  0.36s           2025-05-18T19:50:33                      12
================================================================================
[2025-05-18T19:51:23.951+0000] {manager.py:997} INFO - 
================================================================================
DAG File Processing Stats

File Path                          PID    Runtime      # DAGs    # Errors  Last Runtime    Last Run               Last # of DB Queries
---------------------------------  -----  ---------  --------  ----------  --------------  -------------------  ----------------------
/opt/airflow/dags/DevSurveyDag.py                           1           0  0.27s           2025-05-18T19:51:04                      12
================================================================================
[2025-05-18T19:51:54.504+0000] {manager.py:997} INFO - 
================================================================================
DAG File Processing Stats

File Path                          PID    Runtime      # DAGs    # Errors  Last Runtime    Last Run               Last # of DB Queries
---------------------------------  -----  ---------  --------  ----------  --------------  -------------------  ----------------------
/opt/airflow/dags/DevSurveyDag.py                           1           0  0.25s           2025-05-18T19:51:34                      12
================================================================================
[2025-05-18T19:52:24.923+0000] {manager.py:997} INFO - 
================================================================================
DAG File Processing Stats

File Path                          PID    Runtime      # DAGs    # Errors  Last Runtime    Last Run               Last # of DB Queries
---------------------------------  -----  ---------  --------  ----------  --------------  -------------------  ----------------------
/opt/airflow/dags/DevSurveyDag.py                           1           0  0.32s           2025-05-18T19:52:04                      12
================================================================================
[2025-05-18T19:52:55.266+0000] {manager.py:997} INFO - 
================================================================================
DAG File Processing Stats

File Path                          PID    Runtime      # DAGs    # Errors  Last Runtime    Last Run               Last # of DB Queries
---------------------------------  -----  ---------  --------  ----------  --------------  -------------------  ----------------------
/opt/airflow/dags/DevSurveyDag.py                           1           0  0.30s           2025-05-18T19:52:35                      12
================================================================================
[2025-05-18T19:53:25.626+0000] {manager.py:997} INFO - 
================================================================================
DAG File Processing Stats

File Path                          PID    Runtime      # DAGs    # Errors  Last Runtime    Last Run               Last # of DB Queries
---------------------------------  -----  ---------  --------  ----------  --------------  -------------------  ----------------------
/opt/airflow/dags/DevSurveyDag.py                           1           0  0.17s           2025-05-18T19:53:05                      12
================================================================================
[2025-05-18T19:53:55.854+0000] {manager.py:997} INFO - 
================================================================================
DAG File Processing Stats

File Path                          PID    Runtime      # DAGs    # Errors  Last Runtime    Last Run               Last # of DB Queries
---------------------------------  -----  ---------  --------  ----------  --------------  -------------------  ----------------------
/opt/airflow/dags/DevSurveyDag.py                           1           0  0.21s           2025-05-18T19:53:35                      12
================================================================================
[2025-05-18T19:54:26.248+0000] {manager.py:997} INFO - 
================================================================================
DAG File Processing Stats

File Path                          PID    Runtime      # DAGs    # Errors  Last Runtime    Last Run               Last # of DB Queries
---------------------------------  -----  ---------  --------  ----------  --------------  -------------------  ----------------------
/opt/airflow/dags/DevSurveyDag.py                           1           0  0.30s           2025-05-18T19:54:06                      12
================================================================================
[2025-05-18T19:54:56.580+0000] {manager.py:997} INFO - 
================================================================================
DAG File Processing Stats

File Path                          PID    Runtime      # DAGs    # Errors  Last Runtime    Last Run               Last # of DB Queries
---------------------------------  -----  ---------  --------  ----------  --------------  -------------------  ----------------------
/opt/airflow/dags/DevSurveyDag.py                           1           0  0.24s           2025-05-18T19:54:36                      12
================================================================================
[2025-05-18T19:55:26.904+0000] {manager.py:997} INFO - 
================================================================================
DAG File Processing Stats

File Path                          PID    Runtime      # DAGs    # Errors  Last Runtime    Last Run               Last # of DB Queries
---------------------------------  -----  ---------  --------  ----------  --------------  -------------------  ----------------------
/opt/airflow/dags/DevSurveyDag.py                           1           0  0.30s           2025-05-18T19:55:06                      12
================================================================================
[2025-05-18T19:55:32.941+0000] {manager.py:821} INFO - Searching for files in /opt/airflow/dags
[2025-05-18T19:55:32.961+0000] {manager.py:824} INFO - There are 1 files in /opt/airflow/dags
[2025-05-18T19:55:57.344+0000] {manager.py:997} INFO - 
================================================================================
DAG File Processing Stats

File Path                          PID    Runtime      # DAGs    # Errors  Last Runtime    Last Run               Last # of DB Queries
---------------------------------  -----  ---------  --------  ----------  --------------  -------------------  ----------------------
/opt/airflow/dags/DevSurveyDag.py                           1           0  0.25s           2025-05-18T19:55:37                      12
================================================================================
[2025-05-18T19:56:27.643+0000] {manager.py:997} INFO - 
================================================================================
DAG File Processing Stats

File Path                          PID    Runtime      # DAGs    # Errors  Last Runtime    Last Run               Last # of DB Queries
---------------------------------  -----  ---------  --------  ----------  --------------  -------------------  ----------------------
/opt/airflow/dags/DevSurveyDag.py                           1           0  0.45s           2025-05-18T19:56:07                      12
================================================================================
[2025-05-18T19:56:58.234+0000] {manager.py:997} INFO - 
================================================================================
DAG File Processing Stats

File Path                          PID    Runtime      # DAGs    # Errors  Last Runtime    Last Run               Last # of DB Queries
---------------------------------  -----  ---------  --------  ----------  --------------  -------------------  ----------------------
/opt/airflow/dags/DevSurveyDag.py                           1           0  0.33s           2025-05-18T19:56:38                      12
================================================================================
[2025-05-18T19:57:28.755+0000] {manager.py:997} INFO - 
================================================================================
DAG File Processing Stats

File Path                          PID    Runtime      # DAGs    # Errors  Last Runtime    Last Run               Last # of DB Queries
---------------------------------  -----  ---------  --------  ----------  --------------  -------------------  ----------------------
/opt/airflow/dags/DevSurveyDag.py                           1           0  0.24s           2025-05-18T19:57:08                      12
================================================================================
[2025-05-18T19:57:59.185+0000] {manager.py:997} INFO - 
================================================================================
DAG File Processing Stats

File Path                          PID    Runtime      # DAGs    # Errors  Last Runtime    Last Run               Last # of DB Queries
---------------------------------  -----  ---------  --------  ----------  --------------  -------------------  ----------------------
/opt/airflow/dags/DevSurveyDag.py                           1           0  0.40s           2025-05-18T19:57:39                      12
================================================================================
[2025-05-18T19:58:29.781+0000] {manager.py:997} INFO - 
================================================================================
DAG File Processing Stats

File Path                          PID    Runtime      # DAGs    # Errors  Last Runtime    Last Run               Last # of DB Queries
---------------------------------  -----  ---------  --------  ----------  --------------  -------------------  ----------------------
/opt/airflow/dags/DevSurveyDag.py                           1           0  0.32s           2025-05-18T19:58:09                      12
================================================================================
[2025-05-18T19:59:00.293+0000] {manager.py:997} INFO - 
================================================================================
DAG File Processing Stats

File Path                          PID    Runtime      # DAGs    # Errors  Last Runtime    Last Run               Last # of DB Queries
---------------------------------  -----  ---------  --------  ----------  --------------  -------------------  ----------------------
/opt/airflow/dags/DevSurveyDag.py                           1           0  0.32s           2025-05-18T19:58:40                      12
================================================================================
[2025-05-18T19:59:30.820+0000] {manager.py:997} INFO - 
================================================================================
DAG File Processing Stats

File Path                          PID    Runtime      # DAGs    # Errors  Last Runtime    Last Run               Last # of DB Queries
---------------------------------  -----  ---------  --------  ----------  --------------  -------------------  ----------------------
/opt/airflow/dags/DevSurveyDag.py                           1           0  0.28s           2025-05-18T19:59:10                      12
================================================================================
[2025-05-18T20:00:01.284+0000] {manager.py:997} INFO - 
================================================================================
DAG File Processing Stats

File Path                          PID    Runtime      # DAGs    # Errors  Last Runtime    Last Run               Last # of DB Queries
---------------------------------  -----  ---------  --------  ----------  --------------  -------------------  ----------------------
/opt/airflow/dags/DevSurveyDag.py                           1           0  0.25s           2025-05-18T19:59:41                      12
================================================================================
[2025-05-18T20:00:31.733+0000] {manager.py:997} INFO - 
================================================================================
DAG File Processing Stats

File Path                          PID    Runtime      # DAGs    # Errors  Last Runtime    Last Run               Last # of DB Queries
---------------------------------  -----  ---------  --------  ----------  --------------  -------------------  ----------------------
/opt/airflow/dags/DevSurveyDag.py                           1           0  0.22s           2025-05-18T20:00:11                      12
================================================================================
[2025-05-18T20:00:33.744+0000] {manager.py:821} INFO - Searching for files in /opt/airflow/dags
[2025-05-18T20:00:33.766+0000] {manager.py:824} INFO - There are 1 files in /opt/airflow/dags
[2025-05-18T20:01:02.116+0000] {manager.py:997} INFO - 
================================================================================
DAG File Processing Stats

File Path                          PID    Runtime      # DAGs    # Errors  Last Runtime    Last Run               Last # of DB Queries
---------------------------------  -----  ---------  --------  ----------  --------------  -------------------  ----------------------
/opt/airflow/dags/DevSurveyDag.py                           1           0  0.25s           2025-05-18T20:00:42                      12
================================================================================
[2025-05-18T20:01:32.393+0000] {manager.py:997} INFO - 
================================================================================
DAG File Processing Stats

File Path                          PID    Runtime      # DAGs    # Errors  Last Runtime    Last Run               Last # of DB Queries
---------------------------------  -----  ---------  --------  ----------  --------------  -------------------  ----------------------
/opt/airflow/dags/DevSurveyDag.py                           1           0  0.22s           2025-05-18T20:01:12                      12
================================================================================
[2025-05-18T20:02:02.741+0000] {manager.py:997} INFO - 
================================================================================
DAG File Processing Stats

File Path                          PID    Runtime      # DAGs    # Errors  Last Runtime    Last Run               Last # of DB Queries
---------------------------------  -----  ---------  --------  ----------  --------------  -------------------  ----------------------
/opt/airflow/dags/DevSurveyDag.py                           1           0  0.28s           2025-05-18T20:01:42                      12
================================================================================
[2025-05-18T20:02:33.045+0000] {manager.py:997} INFO - 
================================================================================
DAG File Processing Stats

File Path                          PID    Runtime      # DAGs    # Errors  Last Runtime    Last Run               Last # of DB Queries
---------------------------------  -----  ---------  --------  ----------  --------------  -------------------  ----------------------
/opt/airflow/dags/DevSurveyDag.py                           1           0  0.29s           2025-05-18T20:02:13                      12
================================================================================
[2025-05-18T20:03:03.424+0000] {manager.py:997} INFO - 
================================================================================
DAG File Processing Stats

File Path                          PID    Runtime      # DAGs    # Errors  Last Runtime    Last Run               Last # of DB Queries
---------------------------------  -----  ---------  --------  ----------  --------------  -------------------  ----------------------
/opt/airflow/dags/DevSurveyDag.py                           1           0  0.24s           2025-05-18T20:02:43                      12
================================================================================
[2025-05-18T20:03:33.635+0000] {manager.py:997} INFO - 
================================================================================
DAG File Processing Stats

File Path                          PID    Runtime      # DAGs    # Errors  Last Runtime    Last Run               Last # of DB Queries
---------------------------------  -----  ---------  --------  ----------  --------------  -------------------  ----------------------
/opt/airflow/dags/DevSurveyDag.py                           1           0  0.17s           2025-05-18T20:03:13                      12
================================================================================
[2025-05-18T20:04:03.949+0000] {manager.py:997} INFO - 
================================================================================
DAG File Processing Stats

File Path                          PID    Runtime      # DAGs    # Errors  Last Runtime    Last Run               Last # of DB Queries
---------------------------------  -----  ---------  --------  ----------  --------------  -------------------  ----------------------
/opt/airflow/dags/DevSurveyDag.py                           1           0  3.62s           2025-05-18T20:03:47                      12
================================================================================
[2025-05-18T20:04:34.616+0000] {manager.py:997} INFO - 
================================================================================
DAG File Processing Stats

File Path                          PID    Runtime      # DAGs    # Errors  Last Runtime    Last Run               Last # of DB Queries
---------------------------------  -----  ---------  --------  ----------  --------------  -------------------  ----------------------
/opt/airflow/dags/DevSurveyDag.py                           1           0  0.15s           2025-05-18T20:04:17                      12
================================================================================
[2025-05-18T20:05:04.928+0000] {manager.py:997} INFO - 
================================================================================
DAG File Processing Stats

File Path                          PID    Runtime      # DAGs    # Errors  Last Runtime    Last Run               Last # of DB Queries
---------------------------------  -----  ---------  --------  ----------  --------------  -------------------  ----------------------
/opt/airflow/dags/DevSurveyDag.py                           1           0  0.15s           2025-05-18T20:04:47                      12
================================================================================
[2025-05-18T20:05:34.123+0000] {manager.py:821} INFO - Searching for files in /opt/airflow/dags
[2025-05-18T20:05:34.138+0000] {manager.py:824} INFO - There are 1 files in /opt/airflow/dags
[2025-05-18T20:05:35.156+0000] {manager.py:997} INFO - 
================================================================================
DAG File Processing Stats

File Path                          PID    Runtime      # DAGs    # Errors  Last Runtime    Last Run               Last # of DB Queries
---------------------------------  -----  ---------  --------  ----------  --------------  -------------------  ----------------------
/opt/airflow/dags/DevSurveyDag.py                           1           0  0.15s           2025-05-18T20:05:18                      12
================================================================================
[2025-05-18T20:06:05.454+0000] {manager.py:997} INFO - 
================================================================================
DAG File Processing Stats

File Path                          PID    Runtime      # DAGs    # Errors  Last Runtime    Last Run               Last # of DB Queries
---------------------------------  -----  ---------  --------  ----------  --------------  -------------------  ----------------------
/opt/airflow/dags/DevSurveyDag.py                           1           0  0.15s           2025-05-18T20:05:48                      12
================================================================================
[2025-05-18T20:06:35.661+0000] {manager.py:997} INFO - 
================================================================================
DAG File Processing Stats

File Path                          PID    Runtime      # DAGs    # Errors  Last Runtime    Last Run               Last # of DB Queries
---------------------------------  -----  ---------  --------  ----------  --------------  -------------------  ----------------------
/opt/airflow/dags/DevSurveyDag.py                           1           0  0.43s           2025-05-18T20:06:18                      12
================================================================================
[2025-05-18T20:07:06.272+0000] {manager.py:997} INFO - 
================================================================================
DAG File Processing Stats

File Path                          PID    Runtime      # DAGs    # Errors  Last Runtime    Last Run               Last # of DB Queries
---------------------------------  -----  ---------  --------  ----------  --------------  -------------------  ----------------------
/opt/airflow/dags/DevSurveyDag.py                           1           0  0.19s           2025-05-18T20:06:49                      12
================================================================================
[2025-05-18T20:07:36.643+0000] {manager.py:997} INFO - 
================================================================================
DAG File Processing Stats

File Path                          PID    Runtime      # DAGs    # Errors  Last Runtime    Last Run               Last # of DB Queries
---------------------------------  -----  ---------  --------  ----------  --------------  -------------------  ----------------------
/opt/airflow/dags/DevSurveyDag.py                           1           0  0.20s           2025-05-18T20:07:19                      12
================================================================================
[2025-05-18T20:08:06.855+0000] {manager.py:997} INFO - 
================================================================================
DAG File Processing Stats

File Path                          PID    Runtime      # DAGs    # Errors  Last Runtime    Last Run               Last # of DB Queries
---------------------------------  -----  ---------  --------  ----------  --------------  -------------------  ----------------------
/opt/airflow/dags/DevSurveyDag.py                           1           0  0.29s           2025-05-18T20:07:50                      12
================================================================================
[2025-05-18T20:08:37.317+0000] {manager.py:997} INFO - 
================================================================================
DAG File Processing Stats

File Path                          PID    Runtime      # DAGs    # Errors  Last Runtime    Last Run               Last # of DB Queries
---------------------------------  -----  ---------  --------  ----------  --------------  -------------------  ----------------------
/opt/airflow/dags/DevSurveyDag.py                           1           0  0.20s           2025-05-18T20:08:20                      12
================================================================================
[2025-05-18T20:09:07.704+0000] {manager.py:997} INFO - 
================================================================================
DAG File Processing Stats

File Path                          PID    Runtime      # DAGs    # Errors  Last Runtime    Last Run               Last # of DB Queries
---------------------------------  -----  ---------  --------  ----------  --------------  -------------------  ----------------------
/opt/airflow/dags/DevSurveyDag.py                           1           0  0.21s           2025-05-18T20:08:50                      12
================================================================================
[2025-05-18T20:09:38.098+0000] {manager.py:997} INFO - 
================================================================================
DAG File Processing Stats

File Path                          PID    Runtime      # DAGs    # Errors  Last Runtime    Last Run               Last # of DB Queries
---------------------------------  -----  ---------  --------  ----------  --------------  -------------------  ----------------------
/opt/airflow/dags/DevSurveyDag.py                           1           0  0.17s           2025-05-18T20:09:21                      12
================================================================================
[2025-05-18T20:10:08.429+0000] {manager.py:997} INFO - 
================================================================================
DAG File Processing Stats

File Path                          PID    Runtime      # DAGs    # Errors  Last Runtime    Last Run               Last # of DB Queries
---------------------------------  -----  ---------  --------  ----------  --------------  -------------------  ----------------------
/opt/airflow/dags/DevSurveyDag.py                           1           0  0.19s           2025-05-18T20:09:51                      12
================================================================================
[2025-05-18T20:10:34.609+0000] {manager.py:821} INFO - Searching for files in /opt/airflow/dags
[2025-05-18T20:10:34.623+0000] {manager.py:824} INFO - There are 1 files in /opt/airflow/dags
[2025-05-18T20:10:38.662+0000] {manager.py:997} INFO - 
================================================================================
DAG File Processing Stats

File Path                          PID    Runtime      # DAGs    # Errors  Last Runtime    Last Run               Last # of DB Queries
---------------------------------  -----  ---------  --------  ----------  --------------  -------------------  ----------------------
/opt/airflow/dags/DevSurveyDag.py                           1           0  0.15s           2025-05-18T20:10:21                      12
================================================================================
[2025-05-18T20:11:08.939+0000] {manager.py:997} INFO - 
================================================================================
DAG File Processing Stats

File Path                          PID    Runtime      # DAGs    # Errors  Last Runtime    Last Run               Last # of DB Queries
---------------------------------  -----  ---------  --------  ----------  --------------  -------------------  ----------------------
/opt/airflow/dags/DevSurveyDag.py                           1           0  0.16s           2025-05-18T20:10:51                      12
================================================================================
[2025-05-18T20:11:39.162+0000] {manager.py:997} INFO - 
================================================================================
DAG File Processing Stats

File Path                          PID    Runtime      # DAGs    # Errors  Last Runtime    Last Run               Last # of DB Queries
---------------------------------  -----  ---------  --------  ----------  --------------  -------------------  ----------------------
/opt/airflow/dags/DevSurveyDag.py                           1           0  0.16s           2025-05-18T20:11:22                      12
================================================================================
[2025-05-18T20:12:09.456+0000] {manager.py:997} INFO - 
================================================================================
DAG File Processing Stats

File Path                          PID    Runtime      # DAGs    # Errors  Last Runtime    Last Run               Last # of DB Queries
---------------------------------  -----  ---------  --------  ----------  --------------  -------------------  ----------------------
/opt/airflow/dags/DevSurveyDag.py                           1           0  0.62s           2025-05-18T20:11:52                      12
================================================================================
[2025-05-18T20:12:40.180+0000] {manager.py:997} INFO - 
================================================================================
DAG File Processing Stats

File Path                          PID    Runtime      # DAGs    # Errors  Last Runtime    Last Run               Last # of DB Queries
---------------------------------  -----  ---------  --------  ----------  --------------  -------------------  ----------------------
/opt/airflow/dags/DevSurveyDag.py                           1           0  0.22s           2025-05-18T20:12:23                      12
================================================================================
[2025-05-18T20:13:10.565+0000] {manager.py:997} INFO - 
================================================================================
DAG File Processing Stats

File Path                          PID    Runtime      # DAGs    # Errors  Last Runtime    Last Run               Last # of DB Queries
---------------------------------  -----  ---------  --------  ----------  --------------  -------------------  ----------------------
/opt/airflow/dags/DevSurveyDag.py                           1           0  0.16s           2025-05-18T20:12:53                      12
================================================================================
[2025-05-18T20:13:40.891+0000] {manager.py:997} INFO - 
================================================================================
DAG File Processing Stats

File Path                          PID    Runtime      # DAGs    # Errors  Last Runtime    Last Run               Last # of DB Queries
---------------------------------  -----  ---------  --------  ----------  --------------  -------------------  ----------------------
/opt/airflow/dags/DevSurveyDag.py                           1           0  0.16s           2025-05-18T20:13:23                      12
================================================================================
[2025-05-18T20:14:11.093+0000] {manager.py:997} INFO - 
================================================================================
DAG File Processing Stats

File Path                          PID    Runtime      # DAGs    # Errors  Last Runtime    Last Run               Last # of DB Queries
---------------------------------  -----  ---------  --------  ----------  --------------  -------------------  ----------------------
/opt/airflow/dags/DevSurveyDag.py                           1           0  0.22s           2025-05-18T20:13:54                      12
================================================================================
[2025-05-18T20:14:41.482+0000] {manager.py:997} INFO - 
================================================================================
DAG File Processing Stats

File Path                          PID    Runtime      # DAGs    # Errors  Last Runtime    Last Run               Last # of DB Queries
---------------------------------  -----  ---------  --------  ----------  --------------  -------------------  ----------------------
/opt/airflow/dags/DevSurveyDag.py                           1           0  0.45s           2025-05-18T20:14:24                      12
================================================================================
[2025-05-18T20:15:12.116+0000] {manager.py:997} INFO - 
================================================================================
DAG File Processing Stats

File Path                          PID    Runtime      # DAGs    # Errors  Last Runtime    Last Run               Last # of DB Queries
---------------------------------  -----  ---------  --------  ----------  --------------  -------------------  ----------------------
/opt/airflow/dags/DevSurveyDag.py                           1           0  0.15s           2025-05-18T20:14:55                      12
================================================================================
[2025-05-18T20:15:35.392+0000] {manager.py:821} INFO - Searching for files in /opt/airflow/dags
[2025-05-18T20:15:35.413+0000] {manager.py:824} INFO - There are 1 files in /opt/airflow/dags
[2025-05-18T20:15:42.470+0000] {manager.py:997} INFO - 
================================================================================
DAG File Processing Stats

File Path                          PID    Runtime      # DAGs    # Errors  Last Runtime    Last Run               Last # of DB Queries
---------------------------------  -----  ---------  --------  ----------  --------------  -------------------  ----------------------
/opt/airflow/dags/DevSurveyDag.py                           1           0  0.16s           2025-05-18T20:15:25                      12
================================================================================
[2025-05-18T20:16:12.681+0000] {manager.py:997} INFO - 
================================================================================
DAG File Processing Stats

File Path                          PID    Runtime      # DAGs    # Errors  Last Runtime    Last Run               Last # of DB Queries
---------------------------------  -----  ---------  --------  ----------  --------------  -------------------  ----------------------
/opt/airflow/dags/DevSurveyDag.py                           1           0  0.16s           2025-05-18T20:15:55                      12
================================================================================
[2025-05-18T20:16:42.998+0000] {manager.py:997} INFO - 
================================================================================
DAG File Processing Stats

File Path                          PID    Runtime      # DAGs    # Errors  Last Runtime    Last Run               Last # of DB Queries
---------------------------------  -----  ---------  --------  ----------  --------------  -------------------  ----------------------
/opt/airflow/dags/DevSurveyDag.py                           1           0  0.15s           2025-05-18T20:16:25                      12
================================================================================
[2025-05-18T20:17:13.206+0000] {manager.py:997} INFO - 
================================================================================
DAG File Processing Stats

File Path                          PID    Runtime      # DAGs    # Errors  Last Runtime    Last Run               Last # of DB Queries
---------------------------------  -----  ---------  --------  ----------  --------------  -------------------  ----------------------
/opt/airflow/dags/DevSurveyDag.py                           1           0  0.15s           2025-05-18T20:16:56                      12
================================================================================
[2025-05-18T20:17:43.514+0000] {manager.py:997} INFO - 
================================================================================
DAG File Processing Stats

File Path                          PID    Runtime      # DAGs    # Errors  Last Runtime    Last Run               Last # of DB Queries
---------------------------------  -----  ---------  --------  ----------  --------------  -------------------  ----------------------
/opt/airflow/dags/DevSurveyDag.py                           1           0  0.44s           2025-05-18T20:17:26                      12
================================================================================
[2025-05-18T20:18:14.010+0000] {manager.py:997} INFO - 
================================================================================
DAG File Processing Stats

File Path                          PID    Runtime      # DAGs    # Errors  Last Runtime    Last Run               Last # of DB Queries
---------------------------------  -----  ---------  --------  ----------  --------------  -------------------  ----------------------
/opt/airflow/dags/DevSurveyDag.py                           1           0  0.21s           2025-05-18T20:17:57                      12
================================================================================
[2025-05-18T20:18:44.405+0000] {manager.py:997} INFO - 
================================================================================
DAG File Processing Stats

File Path                          PID    Runtime      # DAGs    # Errors  Last Runtime    Last Run               Last # of DB Queries
---------------------------------  -----  ---------  --------  ----------  --------------  -------------------  ----------------------
/opt/airflow/dags/DevSurveyDag.py                           1           0  0.16s           2025-05-18T20:18:27                      12
================================================================================
[2025-05-18T20:19:14.742+0000] {manager.py:997} INFO - 
================================================================================
DAG File Processing Stats

File Path                          PID    Runtime      # DAGs    # Errors  Last Runtime    Last Run               Last # of DB Queries
---------------------------------  -----  ---------  --------  ----------  --------------  -------------------  ----------------------
/opt/airflow/dags/DevSurveyDag.py                           1           0  0.15s           2025-05-18T20:18:57                      12
================================================================================
[2025-05-18T20:19:44.949+0000] {manager.py:997} INFO - 
================================================================================
DAG File Processing Stats

File Path                          PID    Runtime      # DAGs    # Errors  Last Runtime    Last Run               Last # of DB Queries
---------------------------------  -----  ---------  --------  ----------  --------------  -------------------  ----------------------
/opt/airflow/dags/DevSurveyDag.py                           1           0  0.15s           2025-05-18T20:19:27                      12
================================================================================
[2025-05-18T20:20:15.258+0000] {manager.py:997} INFO - 
================================================================================
DAG File Processing Stats

File Path                          PID    Runtime      # DAGs    # Errors  Last Runtime    Last Run               Last # of DB Queries
---------------------------------  -----  ---------  --------  ----------  --------------  -------------------  ----------------------
/opt/airflow/dags/DevSurveyDag.py                           1           0  0.45s           2025-05-18T20:19:58                      12
================================================================================
[2025-05-18T20:20:35.722+0000] {manager.py:821} INFO - Searching for files in /opt/airflow/dags
[2025-05-18T20:20:35.736+0000] {manager.py:824} INFO - There are 1 files in /opt/airflow/dags
[2025-05-18T20:20:45.806+0000] {manager.py:997} INFO - 
================================================================================
DAG File Processing Stats

File Path                          PID    Runtime      # DAGs    # Errors  Last Runtime    Last Run               Last # of DB Queries
---------------------------------  -----  ---------  --------  ----------  --------------  -------------------  ----------------------
/opt/airflow/dags/DevSurveyDag.py                           1           0  0.46s           2025-05-18T20:20:29                      12
================================================================================
[2025-05-18T20:21:16.429+0000] {manager.py:997} INFO - 
================================================================================
DAG File Processing Stats

File Path                          PID    Runtime      # DAGs    # Errors  Last Runtime    Last Run               Last # of DB Queries
---------------------------------  -----  ---------  --------  ----------  --------------  -------------------  ----------------------
/opt/airflow/dags/DevSurveyDag.py                           1           0  0.17s           2025-05-18T20:20:59                      12
================================================================================
[2025-05-18T20:21:46.759+0000] {manager.py:997} INFO - 
================================================================================
DAG File Processing Stats

File Path                          PID    Runtime      # DAGs    # Errors  Last Runtime    Last Run               Last # of DB Queries
---------------------------------  -----  ---------  --------  ----------  --------------  -------------------  ----------------------
/opt/airflow/dags/DevSurveyDag.py                           1           0  0.18s           2025-05-18T20:21:29                      12
================================================================================
[2025-05-18T20:22:16.986+0000] {manager.py:997} INFO - 
================================================================================
DAG File Processing Stats

File Path                          PID    Runtime      # DAGs    # Errors  Last Runtime    Last Run               Last # of DB Queries
---------------------------------  -----  ---------  --------  ----------  --------------  -------------------  ----------------------
/opt/airflow/dags/DevSurveyDag.py                           1           0  0.23s           2025-05-18T20:22:00                      12
================================================================================
[2025-05-18T20:22:47.359+0000] {manager.py:997} INFO - 
================================================================================
DAG File Processing Stats

File Path                          PID    Runtime      # DAGs    # Errors  Last Runtime    Last Run               Last # of DB Queries
---------------------------------  -----  ---------  --------  ----------  --------------  -------------------  ----------------------
/opt/airflow/dags/DevSurveyDag.py                           1           0  0.29s           2025-05-18T20:22:30                      12
================================================================================
[2025-05-18T20:23:17.388+0000] {manager.py:997} INFO - 
================================================================================
DAG File Processing Stats

File Path                          PID    Runtime      # DAGs    # Errors  Last Runtime    Last Run               Last # of DB Queries
---------------------------------  -----  ---------  --------  ----------  --------------  -------------------  ----------------------
/opt/airflow/dags/DevSurveyDag.py                           1           0  0.55s           2025-05-18T20:23:01                      12
================================================================================
[2025-05-18T20:23:47.580+0000] {manager.py:997} INFO - 
================================================================================
DAG File Processing Stats

File Path                          PID    Runtime      # DAGs    # Errors  Last Runtime    Last Run               Last # of DB Queries
---------------------------------  -----  ---------  --------  ----------  --------------  -------------------  ----------------------
/opt/airflow/dags/DevSurveyDag.py                           1           0  0.17s           2025-05-18T20:23:31                      12
================================================================================
[2025-05-18T20:24:17.911+0000] {manager.py:997} INFO - 
================================================================================
DAG File Processing Stats

File Path                          PID    Runtime      # DAGs    # Errors  Last Runtime    Last Run               Last # of DB Queries
---------------------------------  -----  ---------  --------  ----------  --------------  -------------------  ----------------------
/opt/airflow/dags/DevSurveyDag.py                           1           0  0.17s           2025-05-18T20:24:01                      12
================================================================================
[2025-05-18T20:24:48.123+0000] {manager.py:997} INFO - 
================================================================================
DAG File Processing Stats

File Path                          PID    Runtime      # DAGs    # Errors  Last Runtime    Last Run               Last # of DB Queries
---------------------------------  -----  ---------  --------  ----------  --------------  -------------------  ----------------------
/opt/airflow/dags/DevSurveyDag.py                           1           0  0.17s           2025-05-18T20:24:32                      12
================================================================================
[2025-05-18T20:25:18.448+0000] {manager.py:997} INFO - 
================================================================================
DAG File Processing Stats

File Path                          PID    Runtime      # DAGs    # Errors  Last Runtime    Last Run               Last # of DB Queries
---------------------------------  -----  ---------  --------  ----------  --------------  -------------------  ----------------------
/opt/airflow/dags/DevSurveyDag.py                           1           0  0.20s           2025-05-18T20:25:02                      12
================================================================================
[2025-05-18T20:25:36.105+0000] {manager.py:821} INFO - Searching for files in /opt/airflow/dags
[2025-05-18T20:25:36.121+0000] {manager.py:824} INFO - There are 1 files in /opt/airflow/dags
[2025-05-18T20:25:48.665+0000] {manager.py:997} INFO - 
================================================================================
DAG File Processing Stats

File Path                          PID    Runtime      # DAGs    # Errors  Last Runtime    Last Run               Last # of DB Queries
---------------------------------  -----  ---------  --------  ----------  --------------  -------------------  ----------------------
/opt/airflow/dags/DevSurveyDag.py                           1           0  0.53s           2025-05-18T20:25:33                      12
================================================================================
[2025-05-18T20:26:19.406+0000] {manager.py:997} INFO - 
================================================================================
DAG File Processing Stats

File Path                          PID    Runtime      # DAGs    # Errors  Last Runtime    Last Run               Last # of DB Queries
---------------------------------  -----  ---------  --------  ----------  --------------  -------------------  ----------------------
/opt/airflow/dags/DevSurveyDag.py                           1           0  0.16s           2025-05-18T20:26:03                      12
================================================================================
[2025-05-18T20:26:49.738+0000] {manager.py:997} INFO - 
================================================================================
DAG File Processing Stats

File Path                          PID    Runtime      # DAGs    # Errors  Last Runtime    Last Run               Last # of DB Queries
---------------------------------  -----  ---------  --------  ----------  --------------  -------------------  ----------------------
/opt/airflow/dags/DevSurveyDag.py                           1           0  0.21s           2025-05-18T20:26:33                      12
================================================================================
[2025-05-18T20:27:19.974+0000] {manager.py:997} INFO - 
================================================================================
DAG File Processing Stats

File Path                          PID    Runtime      # DAGs    # Errors  Last Runtime    Last Run               Last # of DB Queries
---------------------------------  -----  ---------  --------  ----------  --------------  -------------------  ----------------------
/opt/airflow/dags/DevSurveyDag.py                           1           0  0.18s           2025-05-18T20:27:04                      12
================================================================================
[2025-05-18T20:27:50.268+0000] {manager.py:997} INFO - 
================================================================================
DAG File Processing Stats

File Path                          PID    Runtime      # DAGs    # Errors  Last Runtime    Last Run               Last # of DB Queries
---------------------------------  -----  ---------  --------  ----------  --------------  -------------------  ----------------------
/opt/airflow/dags/DevSurveyDag.py                           1           0  0.16s           2025-05-18T20:27:34                      12
================================================================================
[2025-05-18T20:28:20.465+0000] {manager.py:997} INFO - 
================================================================================
DAG File Processing Stats

File Path                          PID    Runtime      # DAGs    # Errors  Last Runtime    Last Run               Last # of DB Queries
---------------------------------  -----  ---------  --------  ----------  --------------  -------------------  ----------------------
/opt/airflow/dags/DevSurveyDag.py                           1           0  0.43s           2025-05-18T20:28:04                      12
================================================================================
[2025-05-18T20:28:50.474+0000] {manager.py:997} INFO - 
================================================================================
DAG File Processing Stats

File Path                          PID    Runtime      # DAGs    # Errors  Last Runtime    Last Run               Last # of DB Queries
---------------------------------  -----  ---------  --------  ----------  --------------  -------------------  ----------------------
/opt/airflow/dags/DevSurveyDag.py                           1           0  0.41s           2025-05-18T20:28:35                      12
================================================================================
[2025-05-18T20:29:20.667+0000] {manager.py:997} INFO - 
================================================================================
DAG File Processing Stats

File Path                          PID    Runtime      # DAGs    # Errors  Last Runtime    Last Run               Last # of DB Queries
---------------------------------  -----  ---------  --------  ----------  --------------  -------------------  ----------------------
/opt/airflow/dags/DevSurveyDag.py                           1           0  0.16s           2025-05-18T20:29:05                      12
================================================================================
[2025-05-18T20:29:51.003+0000] {manager.py:997} INFO - 
================================================================================
DAG File Processing Stats

File Path                          PID    Runtime      # DAGs    # Errors  Last Runtime    Last Run               Last # of DB Queries
---------------------------------  -----  ---------  --------  ----------  --------------  -------------------  ----------------------
/opt/airflow/dags/DevSurveyDag.py                           1           0  0.18s           2025-05-18T20:29:35                      12
================================================================================
[2025-05-18T20:30:21.211+0000] {manager.py:997} INFO - 
================================================================================
DAG File Processing Stats

File Path                          PID    Runtime      # DAGs    # Errors  Last Runtime    Last Run               Last # of DB Queries
---------------------------------  -----  ---------  --------  ----------  --------------  -------------------  ----------------------
/opt/airflow/dags/DevSurveyDag.py                           1           0  0.15s           2025-05-18T20:30:06                      12
================================================================================
[2025-05-18T20:30:36.302+0000] {manager.py:821} INFO - Searching for files in /opt/airflow/dags
[2025-05-18T20:30:36.321+0000] {manager.py:824} INFO - There are 1 files in /opt/airflow/dags
[2025-05-18T20:30:51.504+0000] {manager.py:997} INFO - 
================================================================================
DAG File Processing Stats

File Path                          PID    Runtime      # DAGs    # Errors  Last Runtime    Last Run               Last # of DB Queries
---------------------------------  -----  ---------  --------  ----------  --------------  -------------------  ----------------------
/opt/airflow/dags/DevSurveyDag.py                           1           0  0.19s           2025-05-18T20:30:36                      12
================================================================================
[2025-05-18T20:31:21.778+0000] {manager.py:997} INFO - 
================================================================================
DAG File Processing Stats

File Path                          PID    Runtime      # DAGs    # Errors  Last Runtime    Last Run               Last # of DB Queries
---------------------------------  -----  ---------  --------  ----------  --------------  -------------------  ----------------------
/opt/airflow/dags/DevSurveyDag.py                           1           0  0.56s           2025-05-18T20:31:07                      12
================================================================================
[2025-05-18T20:31:51.950+0000] {manager.py:997} INFO - 
================================================================================
DAG File Processing Stats

File Path                          PID    Runtime      # DAGs    # Errors  Last Runtime    Last Run               Last # of DB Queries
---------------------------------  -----  ---------  --------  ----------  --------------  -------------------  ----------------------
/opt/airflow/dags/DevSurveyDag.py                           1           0  0.51s           2025-05-18T20:31:37                      12
================================================================================
[2025-05-18T20:32:22.139+0000] {manager.py:997} INFO - 
================================================================================
DAG File Processing Stats

File Path                          PID    Runtime      # DAGs    # Errors  Last Runtime    Last Run               Last # of DB Queries
---------------------------------  -----  ---------  --------  ----------  --------------  -------------------  ----------------------
/opt/airflow/dags/DevSurveyDag.py                           1           0  0.19s           2025-05-18T20:32:08                      12
================================================================================
[2025-05-18T20:32:52.483+0000] {manager.py:997} INFO - 
================================================================================
DAG File Processing Stats

File Path                          PID    Runtime      # DAGs    # Errors  Last Runtime    Last Run               Last # of DB Queries
---------------------------------  -----  ---------  --------  ----------  --------------  -------------------  ----------------------
/opt/airflow/dags/DevSurveyDag.py                           1           0  0.16s           2025-05-18T20:32:38                      12
================================================================================
[2025-05-18T20:33:22.687+0000] {manager.py:997} INFO - 
================================================================================
DAG File Processing Stats

File Path                          PID    Runtime      # DAGs    # Errors  Last Runtime    Last Run               Last # of DB Queries
---------------------------------  -----  ---------  --------  ----------  --------------  -------------------  ----------------------
/opt/airflow/dags/DevSurveyDag.py                           1           0  0.16s           2025-05-18T20:33:08                      12
================================================================================
[2025-05-18T20:33:53.005+0000] {manager.py:997} INFO - 
================================================================================
DAG File Processing Stats

File Path                          PID    Runtime      # DAGs    # Errors  Last Runtime    Last Run               Last # of DB Queries
---------------------------------  -----  ---------  --------  ----------  --------------  -------------------  ----------------------
/opt/airflow/dags/DevSurveyDag.py                           1           0  0.44s           2025-05-18T20:33:39                      12
================================================================================
[2025-05-18T20:34:23.493+0000] {manager.py:997} INFO - 
================================================================================
DAG File Processing Stats

File Path                          PID    Runtime      # DAGs    # Errors  Last Runtime    Last Run               Last # of DB Queries
---------------------------------  -----  ---------  --------  ----------  --------------  -------------------  ----------------------
/opt/airflow/dags/DevSurveyDag.py                           1           0  0.43s           2025-05-18T20:34:09                      12
================================================================================
[2025-05-18T20:34:54.114+0000] {manager.py:997} INFO - 
================================================================================
DAG File Processing Stats

File Path                          PID    Runtime      # DAGs    # Errors  Last Runtime    Last Run               Last # of DB Queries
---------------------------------  -----  ---------  --------  ----------  --------------  -------------------  ----------------------
/opt/airflow/dags/DevSurveyDag.py                           1           0  0.16s           2025-05-18T20:34:40                      12
================================================================================
[2025-05-18T20:35:24.429+0000] {manager.py:997} INFO - 
================================================================================
DAG File Processing Stats

File Path                          PID    Runtime      # DAGs    # Errors  Last Runtime    Last Run               Last # of DB Queries
---------------------------------  -----  ---------  --------  ----------  --------------  -------------------  ----------------------
/opt/airflow/dags/DevSurveyDag.py                           1           0  0.16s           2025-05-18T20:35:10                      12
================================================================================
[2025-05-18T20:35:36.497+0000] {manager.py:821} INFO - Searching for files in /opt/airflow/dags
[2025-05-18T20:35:36.511+0000] {manager.py:824} INFO - There are 1 files in /opt/airflow/dags
[2025-05-18T20:35:54.649+0000] {manager.py:997} INFO - 
================================================================================
DAG File Processing Stats

File Path                          PID    Runtime      # DAGs    # Errors  Last Runtime    Last Run               Last # of DB Queries
---------------------------------  -----  ---------  --------  ----------  --------------  -------------------  ----------------------
/opt/airflow/dags/DevSurveyDag.py                           1           0  0.17s           2025-05-18T20:35:40                      12
================================================================================
[2025-05-18T20:36:24.966+0000] {manager.py:997} INFO - 
================================================================================
DAG File Processing Stats

File Path                          PID    Runtime      # DAGs    # Errors  Last Runtime    Last Run               Last # of DB Queries
---------------------------------  -----  ---------  --------  ----------  --------------  -------------------  ----------------------
/opt/airflow/dags/DevSurveyDag.py                           1           0  0.64s           2025-05-18T20:36:11                      12
================================================================================
[2025-05-18T20:36:55.149+0000] {manager.py:997} INFO - 
================================================================================
DAG File Processing Stats

File Path                          PID    Runtime      # DAGs    # Errors  Last Runtime    Last Run               Last # of DB Queries
---------------------------------  -----  ---------  --------  ----------  --------------  -------------------  ----------------------
/opt/airflow/dags/DevSurveyDag.py                           1           0  0.62s           2025-05-18T20:36:42                      12
================================================================================
[2025-05-18T20:37:25.448+0000] {manager.py:997} INFO - 
================================================================================
DAG File Processing Stats

File Path                          PID    Runtime      # DAGs    # Errors  Last Runtime    Last Run               Last # of DB Queries
---------------------------------  -----  ---------  --------  ----------  --------------  -------------------  ----------------------
/opt/airflow/dags/DevSurveyDag.py                           1           0  0.19s           2025-05-18T20:37:12                      12
================================================================================
[2025-05-18T20:37:55.692+0000] {manager.py:997} INFO - 
================================================================================
DAG File Processing Stats

File Path                          PID    Runtime      # DAGs    # Errors  Last Runtime    Last Run               Last # of DB Queries
---------------------------------  -----  ---------  --------  ----------  --------------  -------------------  ----------------------
/opt/airflow/dags/DevSurveyDag.py                           1           0  0.16s           2025-05-18T20:37:42                      12
================================================================================
[2025-05-18T20:38:25.976+0000] {manager.py:997} INFO - 
================================================================================
DAG File Processing Stats

File Path                          PID    Runtime      # DAGs    # Errors  Last Runtime    Last Run               Last # of DB Queries
---------------------------------  -----  ---------  --------  ----------  --------------  -------------------  ----------------------
/opt/airflow/dags/DevSurveyDag.py                           1           0  0.15s           2025-05-18T20:38:12                      12
================================================================================
[2025-05-18T20:38:56.178+0000] {manager.py:997} INFO - 
================================================================================
DAG File Processing Stats

File Path                          PID    Runtime      # DAGs    # Errors  Last Runtime    Last Run               Last # of DB Queries
---------------------------------  -----  ---------  --------  ----------  --------------  -------------------  ----------------------
/opt/airflow/dags/DevSurveyDag.py                           1           0  0.15s           2025-05-18T20:38:43                      12
================================================================================
[2025-05-18T20:39:26.493+0000] {manager.py:997} INFO - 
================================================================================
DAG File Processing Stats

File Path                          PID    Runtime      # DAGs    # Errors  Last Runtime    Last Run               Last # of DB Queries
---------------------------------  -----  ---------  --------  ----------  --------------  -------------------  ----------------------
/opt/airflow/dags/DevSurveyDag.py                           1           0  0.49s           2025-05-18T20:39:13                      12
================================================================================
[2025-05-18T20:39:57.046+0000] {manager.py:997} INFO - 
================================================================================
DAG File Processing Stats

File Path                          PID    Runtime      # DAGs    # Errors  Last Runtime    Last Run               Last # of DB Queries
---------------------------------  -----  ---------  --------  ----------  --------------  -------------------  ----------------------
/opt/airflow/dags/DevSurveyDag.py                           1           0  0.44s           2025-05-18T20:39:44                      12
================================================================================
[2025-05-18T20:40:27.671+0000] {manager.py:997} INFO - 
================================================================================
DAG File Processing Stats

File Path                          PID    Runtime      # DAGs    # Errors  Last Runtime    Last Run               Last # of DB Queries
---------------------------------  -----  ---------  --------  ----------  --------------  -------------------  ----------------------
/opt/airflow/dags/DevSurveyDag.py                           1           0  0.16s           2025-05-18T20:40:14                      12
================================================================================
[2025-05-18T20:40:36.723+0000] {manager.py:821} INFO - Searching for files in /opt/airflow/dags
[2025-05-18T20:40:36.742+0000] {manager.py:824} INFO - There are 1 files in /opt/airflow/dags
[2025-05-18T20:40:58.000+0000] {manager.py:997} INFO - 
================================================================================
DAG File Processing Stats

File Path                          PID    Runtime      # DAGs    # Errors  Last Runtime    Last Run               Last # of DB Queries
---------------------------------  -----  ---------  --------  ----------  --------------  -------------------  ----------------------
/opt/airflow/dags/DevSurveyDag.py                           1           0  0.17s           2025-05-18T20:40:44                      12
================================================================================
[2025-05-18T20:41:28.223+0000] {manager.py:997} INFO - 
================================================================================
DAG File Processing Stats

File Path                          PID    Runtime      # DAGs    # Errors  Last Runtime    Last Run               Last # of DB Queries
---------------------------------  -----  ---------  --------  ----------  --------------  -------------------  ----------------------
/opt/airflow/dags/DevSurveyDag.py                           1           0  0.24s           2025-05-18T20:41:15                      12
================================================================================
[2025-05-18T20:41:58.621+0000] {manager.py:997} INFO - 
================================================================================
DAG File Processing Stats

File Path                          PID    Runtime      # DAGs    # Errors  Last Runtime    Last Run               Last # of DB Queries
---------------------------------  -----  ---------  --------  ----------  --------------  -------------------  ----------------------
/opt/airflow/dags/DevSurveyDag.py                           1           0  0.51s           2025-05-18T20:41:46                      12
================================================================================
[2025-05-18T20:42:28.814+0000] {manager.py:997} INFO - 
================================================================================
DAG File Processing Stats

File Path                          PID    Runtime      # DAGs    # Errors  Last Runtime    Last Run               Last # of DB Queries
---------------------------------  -----  ---------  --------  ----------  --------------  -------------------  ----------------------
/opt/airflow/dags/DevSurveyDag.py                           1           0  0.56s           2025-05-18T20:42:16                      12
================================================================================
[2025-05-18T20:42:59.012+0000] {manager.py:997} INFO - 
================================================================================
DAG File Processing Stats

File Path                          PID    Runtime      # DAGs    # Errors  Last Runtime    Last Run               Last # of DB Queries
---------------------------------  -----  ---------  --------  ----------  --------------  -------------------  ----------------------
/opt/airflow/dags/DevSurveyDag.py                           1           0  0.49s           2025-05-18T20:42:47                      12
================================================================================
[2025-05-18T20:43:29.693+0000] {manager.py:997} INFO - 
================================================================================
DAG File Processing Stats

File Path                          PID    Runtime      # DAGs    # Errors  Last Runtime    Last Run               Last # of DB Queries
---------------------------------  -----  ---------  --------  ----------  --------------  -------------------  ----------------------
/opt/airflow/dags/DevSurveyDag.py                           1           0  0.19s           2025-05-18T20:43:17                      12
================================================================================
[2025-05-18T20:44:00.039+0000] {manager.py:997} INFO - 
================================================================================
DAG File Processing Stats

File Path                          PID    Runtime      # DAGs    # Errors  Last Runtime    Last Run               Last # of DB Queries
---------------------------------  -----  ---------  --------  ----------  --------------  -------------------  ----------------------
/opt/airflow/dags/DevSurveyDag.py                           1           0  0.16s           2025-05-18T20:43:47                      12
================================================================================
[2025-05-18T20:44:30.247+0000] {manager.py:997} INFO - 
================================================================================
DAG File Processing Stats

File Path                          PID    Runtime      # DAGs    # Errors  Last Runtime    Last Run               Last # of DB Queries
---------------------------------  -----  ---------  --------  ----------  --------------  -------------------  ----------------------
/opt/airflow/dags/DevSurveyDag.py                           1           0  0.16s           2025-05-18T20:44:18                      12
================================================================================
[2025-05-18T20:45:00.575+0000] {manager.py:997} INFO - 
================================================================================
DAG File Processing Stats

File Path                          PID    Runtime      # DAGs    # Errors  Last Runtime    Last Run               Last # of DB Queries
---------------------------------  -----  ---------  --------  ----------  --------------  -------------------  ----------------------
/opt/airflow/dags/DevSurveyDag.py                           1           0  0.41s           2025-05-18T20:44:48                      12
================================================================================
[2025-05-18T20:45:31.040+0000] {manager.py:997} INFO - 
================================================================================
DAG File Processing Stats

File Path                          PID    Runtime      # DAGs    # Errors  Last Runtime    Last Run               Last # of DB Queries
---------------------------------  -----  ---------  --------  ----------  --------------  -------------------  ----------------------
/opt/airflow/dags/DevSurveyDag.py                           1           0  0.43s           2025-05-18T20:45:19                      12
================================================================================
[2025-05-18T20:45:37.074+0000] {manager.py:821} INFO - Searching for files in /opt/airflow/dags
[2025-05-18T20:45:37.089+0000] {manager.py:824} INFO - There are 1 files in /opt/airflow/dags
[2025-05-18T20:46:01.655+0000] {manager.py:997} INFO - 
================================================================================
DAG File Processing Stats

File Path                          PID    Runtime      # DAGs    # Errors  Last Runtime    Last Run               Last # of DB Queries
---------------------------------  -----  ---------  --------  ----------  --------------  -------------------  ----------------------
/opt/airflow/dags/DevSurveyDag.py                           1           0  0.15s           2025-05-18T20:45:49                      12
================================================================================
[2025-05-18T20:46:31.980+0000] {manager.py:997} INFO - 
================================================================================
DAG File Processing Stats

File Path                          PID    Runtime      # DAGs    # Errors  Last Runtime    Last Run               Last # of DB Queries
---------------------------------  -----  ---------  --------  ----------  --------------  -------------------  ----------------------
/opt/airflow/dags/DevSurveyDag.py                           1           0  0.16s           2025-05-18T20:46:19                      12
================================================================================
[2025-05-18T20:47:02.186+0000] {manager.py:997} INFO - 
================================================================================
DAG File Processing Stats

File Path                          PID    Runtime      # DAGs    # Errors  Last Runtime    Last Run               Last # of DB Queries
---------------------------------  -----  ---------  --------  ----------  --------------  -------------------  ----------------------
/opt/airflow/dags/DevSurveyDag.py                           1           0  0.17s           2025-05-18T20:46:50                      12
================================================================================
[2025-05-18T20:47:32.509+0000] {manager.py:997} INFO - 
================================================================================
DAG File Processing Stats

File Path                          PID    Runtime      # DAGs    # Errors  Last Runtime    Last Run               Last # of DB Queries
---------------------------------  -----  ---------  --------  ----------  --------------  -------------------  ----------------------
/opt/airflow/dags/DevSurveyDag.py                           1           0  0.53s           2025-05-18T20:47:20                      12
================================================================================
[2025-05-18T20:48:02.694+0000] {manager.py:997} INFO - 
================================================================================
DAG File Processing Stats

File Path                          PID    Runtime      # DAGs    # Errors  Last Runtime    Last Run               Last # of DB Queries
---------------------------------  -----  ---------  --------  ----------  --------------  -------------------  ----------------------
/opt/airflow/dags/DevSurveyDag.py                           1           0  0.78s           2025-05-18T20:47:51                      12
================================================================================
[2025-05-18T20:48:33.037+0000] {manager.py:997} INFO - 
================================================================================
DAG File Processing Stats

File Path                          PID    Runtime      # DAGs    # Errors  Last Runtime    Last Run               Last # of DB Queries
---------------------------------  -----  ---------  --------  ----------  --------------  -------------------  ----------------------
/opt/airflow/dags/DevSurveyDag.py                           1           0  0.74s           2025-05-18T20:48:22                      12
================================================================================
[2025-05-18T20:49:03.816+0000] {manager.py:997} INFO - 
================================================================================
DAG File Processing Stats

File Path                          PID    Runtime      # DAGs    # Errors  Last Runtime    Last Run               Last # of DB Queries
---------------------------------  -----  ---------  --------  ----------  --------------  -------------------  ----------------------
/opt/airflow/dags/DevSurveyDag.py                           1           0  0.19s           2025-05-18T20:48:52                      12
================================================================================
[2025-05-18T20:49:34.021+0000] {manager.py:997} INFO - 
================================================================================
DAG File Processing Stats

File Path                          PID    Runtime      # DAGs    # Errors  Last Runtime    Last Run               Last # of DB Queries
---------------------------------  -----  ---------  --------  ----------  --------------  -------------------  ----------------------
/opt/airflow/dags/DevSurveyDag.py                           1           0  0.16s           2025-05-18T20:49:23                      12
================================================================================
[2025-05-18T20:50:04.339+0000] {manager.py:997} INFO - 
================================================================================
DAG File Processing Stats

File Path                          PID    Runtime      # DAGs    # Errors  Last Runtime    Last Run               Last # of DB Queries
---------------------------------  -----  ---------  --------  ----------  --------------  -------------------  ----------------------
/opt/airflow/dags/DevSurveyDag.py                           1           0  0.16s           2025-05-18T20:49:53                      12
================================================================================
[2025-05-18T20:50:34.546+0000] {manager.py:997} INFO - 
================================================================================
DAG File Processing Stats

File Path                          PID    Runtime      # DAGs    # Errors  Last Runtime    Last Run               Last # of DB Queries
---------------------------------  -----  ---------  --------  ----------  --------------  -------------------  ----------------------
/opt/airflow/dags/DevSurveyDag.py                           1           0  0.44s           2025-05-18T20:50:23                      12
================================================================================
[2025-05-18T20:50:37.562+0000] {manager.py:821} INFO - Searching for files in /opt/airflow/dags
[2025-05-18T20:50:37.580+0000] {manager.py:824} INFO - There are 1 files in /opt/airflow/dags
[2025-05-18T20:51:04.621+0000] {manager.py:997} INFO - 
================================================================================
DAG File Processing Stats

File Path                          PID    Runtime      # DAGs    # Errors  Last Runtime    Last Run               Last # of DB Queries
---------------------------------  -----  ---------  --------  ----------  --------------  -------------------  ----------------------
/opt/airflow/dags/DevSurveyDag.py                           1           0  0.47s           2025-05-18T20:50:54                      12
================================================================================
[2025-05-18T20:51:34.815+0000] {manager.py:997} INFO - 
================================================================================
DAG File Processing Stats

File Path                          PID    Runtime      # DAGs    # Errors  Last Runtime    Last Run               Last # of DB Queries
---------------------------------  -----  ---------  --------  ----------  --------------  -------------------  ----------------------
/opt/airflow/dags/DevSurveyDag.py                           1           0  0.21s           2025-05-18T20:51:24                      12
================================================================================
[2025-05-18T20:52:05.192+0000] {manager.py:997} INFO - 
================================================================================
DAG File Processing Stats

File Path                          PID    Runtime      # DAGs    # Errors  Last Runtime    Last Run               Last # of DB Queries
---------------------------------  -----  ---------  --------  ----------  --------------  -------------------  ----------------------
/opt/airflow/dags/DevSurveyDag.py                           1           0  0.16s           2025-05-18T20:51:55                      12
================================================================================
[2025-05-18T20:52:35.526+0000] {manager.py:997} INFO - 
================================================================================
DAG File Processing Stats

File Path                          PID    Runtime      # DAGs    # Errors  Last Runtime    Last Run               Last # of DB Queries
---------------------------------  -----  ---------  --------  ----------  --------------  -------------------  ----------------------
/opt/airflow/dags/DevSurveyDag.py                           1           0  0.17s           2025-05-18T20:52:25                      12
================================================================================
[2025-05-18T20:53:05.728+0000] {manager.py:997} INFO - 
================================================================================
DAG File Processing Stats

File Path                          PID    Runtime      # DAGs    # Errors  Last Runtime    Last Run               Last # of DB Queries
---------------------------------  -----  ---------  --------  ----------  --------------  -------------------  ----------------------
/opt/airflow/dags/DevSurveyDag.py                           1           0  0.43s           2025-05-18T20:52:56                      12
================================================================================
[2025-05-18T20:53:35.736+0000] {manager.py:997} INFO - 
================================================================================
DAG File Processing Stats

File Path                          PID    Runtime      # DAGs    # Errors  Last Runtime    Last Run               Last # of DB Queries
---------------------------------  -----  ---------  --------  ----------  --------------  -------------------  ----------------------
/opt/airflow/dags/DevSurveyDag.py                           1           0  0.40s           2025-05-18T20:53:26                      12
================================================================================
[2025-05-18T20:54:05.927+0000] {manager.py:997} INFO - 
================================================================================
DAG File Processing Stats

File Path                          PID    Runtime      # DAGs    # Errors  Last Runtime    Last Run               Last # of DB Queries
---------------------------------  -----  ---------  --------  ----------  --------------  -------------------  ----------------------
/opt/airflow/dags/DevSurveyDag.py                           1           0  0.42s           2025-05-18T20:53:57                      12
================================================================================
[2025-05-18T20:54:36.536+0000] {manager.py:997} INFO - 
================================================================================
DAG File Processing Stats

File Path                          PID    Runtime      # DAGs    # Errors  Last Runtime    Last Run               Last # of DB Queries
---------------------------------  -----  ---------  --------  ----------  --------------  -------------------  ----------------------
/opt/airflow/dags/DevSurveyDag.py                           1           0  0.18s           2025-05-18T20:54:27                      12
================================================================================
[2025-05-18T20:55:06.889+0000] {manager.py:997} INFO - 
================================================================================
DAG File Processing Stats

File Path                          PID    Runtime      # DAGs    # Errors  Last Runtime    Last Run               Last # of DB Queries
---------------------------------  -----  ---------  --------  ----------  --------------  -------------------  ----------------------
/opt/airflow/dags/DevSurveyDag.py                           1           0  0.16s           2025-05-18T20:54:57                      12
================================================================================
[2025-05-18T20:55:37.102+0000] {manager.py:997} INFO - 
================================================================================
DAG File Processing Stats

File Path                          PID    Runtime      # DAGs    # Errors  Last Runtime    Last Run               Last # of DB Queries
---------------------------------  -----  ---------  --------  ----------  --------------  -------------------  ----------------------
/opt/airflow/dags/DevSurveyDag.py                           1           0  0.45s           2025-05-18T20:55:28                      12
================================================================================
[2025-05-18T20:55:38.106+0000] {manager.py:821} INFO - Searching for files in /opt/airflow/dags
[2025-05-18T20:55:38.121+0000] {manager.py:824} INFO - There are 1 files in /opt/airflow/dags
[2025-05-18T20:56:07.138+0000] {manager.py:997} INFO - 
================================================================================
DAG File Processing Stats

File Path                          PID    Runtime      # DAGs    # Errors  Last Runtime    Last Run               Last # of DB Queries
---------------------------------  -----  ---------  --------  ----------  --------------  -------------------  ----------------------
/opt/airflow/dags/DevSurveyDag.py                           1           0  0.43s           2025-05-18T20:55:59                      12
================================================================================
[2025-05-18T20:56:37.329+0000] {manager.py:997} INFO - 
================================================================================
DAG File Processing Stats

File Path                          PID    Runtime      # DAGs    # Errors  Last Runtime    Last Run               Last # of DB Queries
---------------------------------  -----  ---------  --------  ----------  --------------  -------------------  ----------------------
/opt/airflow/dags/DevSurveyDag.py                           1           0  0.43s           2025-05-18T20:56:29                      12
================================================================================
[2025-05-18T20:57:07.953+0000] {manager.py:997} INFO - 
================================================================================
DAG File Processing Stats

File Path                          PID    Runtime      # DAGs    # Errors  Last Runtime    Last Run               Last # of DB Queries
---------------------------------  -----  ---------  --------  ----------  --------------  -------------------  ----------------------
/opt/airflow/dags/DevSurveyDag.py                           1           0  0.17s           2025-05-18T20:57:00                      12
================================================================================
[2025-05-18T20:57:38.294+0000] {manager.py:997} INFO - 
================================================================================
DAG File Processing Stats

File Path                          PID    Runtime      # DAGs    # Errors  Last Runtime    Last Run               Last # of DB Queries
---------------------------------  -----  ---------  --------  ----------  --------------  -------------------  ----------------------
/opt/airflow/dags/DevSurveyDag.py                           1           0  0.17s           2025-05-18T20:57:30                      12
================================================================================
[2025-05-18T20:58:08.502+0000] {manager.py:997} INFO - 
================================================================================
DAG File Processing Stats

File Path                          PID    Runtime      # DAGs    # Errors  Last Runtime    Last Run               Last # of DB Queries
---------------------------------  -----  ---------  --------  ----------  --------------  -------------------  ----------------------
/opt/airflow/dags/DevSurveyDag.py                           1           0  0.43s           2025-05-18T20:58:00                      12
================================================================================
[2025-05-18T20:58:38.531+0000] {manager.py:997} INFO - 
================================================================================
DAG File Processing Stats

File Path                          PID    Runtime      # DAGs    # Errors  Last Runtime    Last Run               Last # of DB Queries
---------------------------------  -----  ---------  --------  ----------  --------------  -------------------  ----------------------
/opt/airflow/dags/DevSurveyDag.py                           1           0  0.42s           2025-05-18T20:58:31                      12
================================================================================
[2025-05-18T20:59:08.713+0000] {manager.py:997} INFO - 
================================================================================
DAG File Processing Stats

File Path                          PID    Runtime      # DAGs    # Errors  Last Runtime    Last Run               Last # of DB Queries
---------------------------------  -----  ---------  --------  ----------  --------------  -------------------  ----------------------
/opt/airflow/dags/DevSurveyDag.py                           1           0  0.45s           2025-05-18T20:59:02                      12
================================================================================
[2025-05-18T20:59:39.359+0000] {manager.py:997} INFO - 
================================================================================
DAG File Processing Stats

File Path                          PID    Runtime      # DAGs    # Errors  Last Runtime    Last Run               Last # of DB Queries
---------------------------------  -----  ---------  --------  ----------  --------------  -------------------  ----------------------
/opt/airflow/dags/DevSurveyDag.py                           1           0  0.32s           2025-05-18T20:59:32                      12
================================================================================
[2025-05-18T21:00:09.858+0000] {manager.py:997} INFO - 
================================================================================
DAG File Processing Stats

File Path                          PID    Runtime      # DAGs    # Errors  Last Runtime    Last Run               Last # of DB Queries
---------------------------------  -----  ---------  --------  ----------  --------------  -------------------  ----------------------
/opt/airflow/dags/DevSurveyDag.py                           1           0  0.25s           2025-05-18T21:00:03                      12
================================================================================
[2025-05-18T21:00:38.259+0000] {manager.py:821} INFO - Searching for files in /opt/airflow/dags
[2025-05-18T21:00:38.274+0000] {manager.py:824} INFO - There are 1 files in /opt/airflow/dags
[2025-05-18T21:00:40.298+0000] {manager.py:997} INFO - 
================================================================================
DAG File Processing Stats

File Path                          PID    Runtime      # DAGs    # Errors  Last Runtime    Last Run               Last # of DB Queries
---------------------------------  -----  ---------  --------  ----------  --------------  -------------------  ----------------------
/opt/airflow/dags/DevSurveyDag.py                           1           0  0.17s           2025-05-18T21:00:33                      12
================================================================================
[2025-05-18T21:01:10.621+0000] {manager.py:997} INFO - 
================================================================================
DAG File Processing Stats

File Path                          PID    Runtime      # DAGs    # Errors  Last Runtime    Last Run               Last # of DB Queries
---------------------------------  -----  ---------  --------  ----------  --------------  -------------------  ----------------------
/opt/airflow/dags/DevSurveyDag.py                           1           0  0.57s           2025-05-18T21:01:04                      12
================================================================================
[2025-05-18T21:01:40.817+0000] {manager.py:997} INFO - 
================================================================================
DAG File Processing Stats

File Path                          PID    Runtime      # DAGs    # Errors  Last Runtime    Last Run               Last # of DB Queries
---------------------------------  -----  ---------  --------  ----------  --------------  -------------------  ----------------------
/opt/airflow/dags/DevSurveyDag.py                           1           0  0.65s           2025-05-18T21:01:34                      12
================================================================================
[2025-05-18T21:02:11.055+0000] {manager.py:997} INFO - 
================================================================================
DAG File Processing Stats

File Path                          PID    Runtime      # DAGs    # Errors  Last Runtime    Last Run               Last # of DB Queries
---------------------------------  -----  ---------  --------  ----------  --------------  -------------------  ----------------------
/opt/airflow/dags/DevSurveyDag.py                           1           0  0.48s           2025-05-18T21:02:05                      12
================================================================================
[2025-05-18T21:02:41.689+0000] {manager.py:997} INFO - 
================================================================================
DAG File Processing Stats

File Path                          PID    Runtime      # DAGs    # Errors  Last Runtime    Last Run               Last # of DB Queries
---------------------------------  -----  ---------  --------  ----------  --------------  -------------------  ----------------------
/opt/airflow/dags/DevSurveyDag.py                           1           0  0.18s           2025-05-18T21:02:35                      12
================================================================================
[2025-05-18T21:03:11.887+0000] {manager.py:997} INFO - 
================================================================================
DAG File Processing Stats

File Path                          PID    Runtime      # DAGs    # Errors  Last Runtime    Last Run               Last # of DB Queries
---------------------------------  -----  ---------  --------  ----------  --------------  -------------------  ----------------------
/opt/airflow/dags/DevSurveyDag.py                           1           0  0.15s           2025-05-18T21:03:05                      12
================================================================================
[2025-05-18T21:03:42.194+0000] {manager.py:997} INFO - 
================================================================================
DAG File Processing Stats

File Path                          PID    Runtime      # DAGs    # Errors  Last Runtime    Last Run               Last # of DB Queries
---------------------------------  -----  ---------  --------  ----------  --------------  -------------------  ----------------------
/opt/airflow/dags/DevSurveyDag.py                           1           0  0.45s           2025-05-18T21:03:36                      12
================================================================================
[2025-05-18T21:04:12.708+0000] {manager.py:997} INFO - 
================================================================================
DAG File Processing Stats

File Path                          PID    Runtime      # DAGs    # Errors  Last Runtime    Last Run               Last # of DB Queries
---------------------------------  -----  ---------  --------  ----------  --------------  -------------------  ----------------------
/opt/airflow/dags/DevSurveyDag.py                           1           0  0.41s           2025-05-18T21:04:07                      12
================================================================================
[2025-05-18T21:04:42.739+0000] {manager.py:997} INFO - 
================================================================================
DAG File Processing Stats

File Path                          PID    Runtime      # DAGs    # Errors  Last Runtime    Last Run               Last # of DB Queries
---------------------------------  -----  ---------  --------  ----------  --------------  -------------------  ----------------------
/opt/airflow/dags/DevSurveyDag.py                           1           0  0.45s           2025-05-18T21:04:37                      12
================================================================================
[2025-05-18T21:05:12.922+0000] {manager.py:997} INFO - 
================================================================================
DAG File Processing Stats

File Path                          PID    Runtime      # DAGs    # Errors  Last Runtime    Last Run               Last # of DB Queries
---------------------------------  -----  ---------  --------  ----------  --------------  -------------------  ----------------------
/opt/airflow/dags/DevSurveyDag.py                           1           0  0.42s           2025-05-18T21:05:08                      12
================================================================================
[2025-05-18T21:05:38.471+0000] {manager.py:821} INFO - Searching for files in /opt/airflow/dags
[2025-05-18T21:05:38.488+0000] {manager.py:824} INFO - There are 1 files in /opt/airflow/dags
[2025-05-18T21:05:43.541+0000] {manager.py:997} INFO - 
================================================================================
DAG File Processing Stats

File Path                          PID    Runtime      # DAGs    # Errors  Last Runtime    Last Run               Last # of DB Queries
---------------------------------  -----  ---------  --------  ----------  --------------  -------------------  ----------------------
/opt/airflow/dags/DevSurveyDag.py                           1           0  0.15s           2025-05-18T21:05:38                      12
================================================================================
[2025-05-18T21:06:13.869+0000] {manager.py:997} INFO - 
================================================================================
DAG File Processing Stats

File Path                          PID    Runtime      # DAGs    # Errors  Last Runtime    Last Run               Last # of DB Queries
---------------------------------  -----  ---------  --------  ----------  --------------  -------------------  ----------------------
/opt/airflow/dags/DevSurveyDag.py                           1           0  0.16s           2025-05-18T21:06:08                      12
================================================================================
[2025-05-18T21:06:44.074+0000] {manager.py:997} INFO - 
================================================================================
DAG File Processing Stats

File Path                          PID    Runtime      # DAGs    # Errors  Last Runtime    Last Run               Last # of DB Queries
---------------------------------  -----  ---------  --------  ----------  --------------  -------------------  ----------------------
/opt/airflow/dags/DevSurveyDag.py                           1           0  0.49s           2025-05-18T21:06:39                      12
================================================================================
[2025-05-18T21:07:14.284+0000] {manager.py:997} INFO - 
================================================================================
DAG File Processing Stats

File Path                          PID    Runtime      # DAGs    # Errors  Last Runtime    Last Run               Last # of DB Queries
---------------------------------  -----  ---------  --------  ----------  --------------  -------------------  ----------------------
/opt/airflow/dags/DevSurveyDag.py                           1           0  0.55s           2025-05-18T21:07:10                      12
================================================================================
[2025-05-18T21:07:44.493+0000] {manager.py:997} INFO - 
================================================================================
DAG File Processing Stats

File Path                          PID    Runtime      # DAGs    # Errors  Last Runtime    Last Run               Last # of DB Queries
---------------------------------  -----  ---------  --------  ----------  --------------  -------------------  ----------------------
/opt/airflow/dags/DevSurveyDag.py                           1           0  0.48s           2025-05-18T21:07:40                      12
================================================================================
[2025-05-18T21:08:15.143+0000] {manager.py:997} INFO - 
================================================================================
DAG File Processing Stats

File Path                          PID    Runtime      # DAGs    # Errors  Last Runtime    Last Run               Last # of DB Queries
---------------------------------  -----  ---------  --------  ----------  --------------  -------------------  ----------------------
/opt/airflow/dags/DevSurveyDag.py                           1           0  0.16s           2025-05-18T21:08:11                      12
================================================================================
[2025-05-18T21:08:45.457+0000] {manager.py:997} INFO - 
================================================================================
DAG File Processing Stats

File Path                          PID    Runtime      # DAGs    # Errors  Last Runtime    Last Run               Last # of DB Queries
---------------------------------  -----  ---------  --------  ----------  --------------  -------------------  ----------------------
/opt/airflow/dags/DevSurveyDag.py                           1           0  0.16s           2025-05-18T21:08:41                      12
================================================================================
[2025-05-18T21:09:15.674+0000] {manager.py:997} INFO - 
================================================================================
DAG File Processing Stats

File Path                          PID    Runtime      # DAGs    # Errors  Last Runtime    Last Run               Last # of DB Queries
---------------------------------  -----  ---------  --------  ----------  --------------  -------------------  ----------------------
/opt/airflow/dags/DevSurveyDag.py                           1           0  0.49s           2025-05-18T21:09:12                      12
================================================================================
[2025-05-18T21:09:45.818+0000] {manager.py:997} INFO - 
================================================================================
DAG File Processing Stats

File Path                          PID    Runtime      # DAGs    # Errors  Last Runtime    Last Run               Last # of DB Queries
---------------------------------  -----  ---------  --------  ----------  --------------  -------------------  ----------------------
/opt/airflow/dags/DevSurveyDag.py                           1           0  0.49s           2025-05-18T21:09:42                      12
================================================================================
[2025-05-18T21:10:16.510+0000] {manager.py:997} INFO - 
================================================================================
DAG File Processing Stats

File Path                          PID    Runtime      # DAGs    # Errors  Last Runtime    Last Run               Last # of DB Queries
---------------------------------  -----  ---------  --------  ----------  --------------  -------------------  ----------------------
/opt/airflow/dags/DevSurveyDag.py                           1           0  0.68s           2025-05-18T21:10:13                      12
================================================================================
[2025-05-18T21:10:38.644+0000] {manager.py:821} INFO - Searching for files in /opt/airflow/dags
[2025-05-18T21:10:38.659+0000] {manager.py:824} INFO - There are 1 files in /opt/airflow/dags
[2025-05-18T21:10:46.866+0000] {manager.py:997} INFO - 
================================================================================
DAG File Processing Stats

File Path                          PID    Runtime      # DAGs    # Errors  Last Runtime    Last Run               Last # of DB Queries
---------------------------------  -----  ---------  --------  ----------  --------------  -------------------  ----------------------
/opt/airflow/dags/DevSurveyDag.py                           1           0  0.23s           2025-05-18T21:10:43                      12
================================================================================
[2025-05-18T21:11:17.145+0000] {manager.py:997} INFO - 
================================================================================
DAG File Processing Stats

File Path                          PID    Runtime      # DAGs    # Errors  Last Runtime    Last Run               Last # of DB Queries
---------------------------------  -----  ---------  --------  ----------  --------------  -------------------  ----------------------
/opt/airflow/dags/DevSurveyDag.py                           1           0  0.24s           2025-05-18T21:11:14                      12
================================================================================
[2025-05-18T21:11:47.477+0000] {manager.py:997} INFO - 
================================================================================
DAG File Processing Stats

File Path                          PID    Runtime      # DAGs    # Errors  Last Runtime    Last Run               Last # of DB Queries
---------------------------------  -----  ---------  --------  ----------  --------------  -------------------  ----------------------
/opt/airflow/dags/DevSurveyDag.py                           1           0  0.47s           2025-05-18T21:11:44                      12
================================================================================
[2025-05-18T21:12:17.984+0000] {manager.py:997} INFO - 
================================================================================
DAG File Processing Stats

File Path                          PID    Runtime      # DAGs    # Errors  Last Runtime    Last Run               Last # of DB Queries
---------------------------------  -----  ---------  --------  ----------  --------------  -------------------  ----------------------
/opt/airflow/dags/DevSurveyDag.py                           1           0  0.46s           2025-05-18T21:12:15                      12
================================================================================
[2025-05-18T21:12:48.121+0000] {manager.py:997} INFO - 
================================================================================
DAG File Processing Stats

File Path                          PID    Runtime      # DAGs    # Errors  Last Runtime    Last Run               Last # of DB Queries
---------------------------------  -----  ---------  --------  ----------  --------------  -------------------  ----------------------
/opt/airflow/dags/DevSurveyDag.py                           1           0  0.50s           2025-05-18T21:12:46                      12
================================================================================
[2025-05-18T21:13:18.296+0000] {manager.py:997} INFO - 
================================================================================
DAG File Processing Stats

File Path                          PID    Runtime      # DAGs    # Errors  Last Runtime    Last Run               Last # of DB Queries
---------------------------------  -----  ---------  --------  ----------  --------------  -------------------  ----------------------
/opt/airflow/dags/DevSurveyDag.py                           1           0  0.52s           2025-05-18T21:13:16                      12
================================================================================
[2025-05-18T21:13:48.996+0000] {manager.py:997} INFO - 
================================================================================
DAG File Processing Stats

File Path                          PID    Runtime      # DAGs    # Errors  Last Runtime    Last Run               Last # of DB Queries
---------------------------------  -----  ---------  --------  ----------  --------------  -------------------  ----------------------
/opt/airflow/dags/DevSurveyDag.py                           1           0  0.16s           2025-05-18T21:13:47                      12
================================================================================
[2025-05-18T21:14:19.319+0000] {manager.py:997} INFO - 
================================================================================
DAG File Processing Stats

File Path                          PID    Runtime      # DAGs    # Errors  Last Runtime    Last Run               Last # of DB Queries
---------------------------------  -----  ---------  --------  ----------  --------------  -------------------  ----------------------
/opt/airflow/dags/DevSurveyDag.py                           1           0  0.18s           2025-05-18T21:14:17                      12
================================================================================
[2025-05-18T21:14:49.535+0000] {manager.py:997} INFO - 
================================================================================
DAG File Processing Stats

File Path                          PID    Runtime      # DAGs    # Errors  Last Runtime    Last Run               Last # of DB Queries
---------------------------------  -----  ---------  --------  ----------  --------------  -------------------  ----------------------
/opt/airflow/dags/DevSurveyDag.py                           1           0  0.43s           2025-05-18T21:14:47                      12
================================================================================
[2025-05-18T21:15:19.594+0000] {manager.py:997} INFO - 
================================================================================
DAG File Processing Stats

File Path                          PID    Runtime      # DAGs    # Errors  Last Runtime    Last Run               Last # of DB Queries
---------------------------------  -----  ---------  --------  ----------  --------------  -------------------  ----------------------
/opt/airflow/dags/DevSurveyDag.py                           1           0  0.46s           2025-05-18T21:15:18                      12
================================================================================
[2025-05-18T21:15:38.698+0000] {manager.py:821} INFO - Searching for files in /opt/airflow/dags
[2025-05-18T21:15:38.710+0000] {manager.py:824} INFO - There are 1 files in /opt/airflow/dags
[2025-05-18T21:15:49.797+0000] {manager.py:997} INFO - 
================================================================================
DAG File Processing Stats

File Path                          PID    Runtime      # DAGs    # Errors  Last Runtime    Last Run               Last # of DB Queries
---------------------------------  -----  ---------  --------  ----------  --------------  -------------------  ----------------------
/opt/airflow/dags/DevSurveyDag.py                           1           0  0.42s           2025-05-18T21:15:49                      12
================================================================================
[2025-05-18T21:16:20.393+0000] {manager.py:997} INFO - 
================================================================================
DAG File Processing Stats

File Path                          PID    Runtime      # DAGs    # Errors  Last Runtime    Last Run               Last # of DB Queries
---------------------------------  -----  ---------  --------  ----------  --------------  -------------------  ----------------------
/opt/airflow/dags/DevSurveyDag.py                           1           0  0.16s           2025-05-18T21:16:19                      12
================================================================================
[2025-05-18T21:16:50.723+0000] {manager.py:997} INFO - 
================================================================================
DAG File Processing Stats

File Path                          PID    Runtime      # DAGs    # Errors  Last Runtime    Last Run               Last # of DB Queries
---------------------------------  -----  ---------  --------  ----------  --------------  -------------------  ----------------------
/opt/airflow/dags/DevSurveyDag.py                           1           0  0.17s           2025-05-18T21:16:49                      12
================================================================================
[2025-05-18T21:17:20.936+0000] {manager.py:997} INFO - 
================================================================================
DAG File Processing Stats

File Path                          PID    Runtime      # DAGs    # Errors  Last Runtime    Last Run               Last # of DB Queries
---------------------------------  -----  ---------  --------  ----------  --------------  -------------------  ----------------------
/opt/airflow/dags/DevSurveyDag.py                           1           0  0.47s           2025-05-18T21:17:20                      12
================================================================================
[2025-05-18T21:17:51.106+0000] {manager.py:997} INFO - 
================================================================================
DAG File Processing Stats

File Path                            PID  Runtime      # DAGs    # Errors  Last Runtime    Last Run               Last # of DB Queries
---------------------------------  -----  ---------  --------  ----------  --------------  -------------------  ----------------------
/opt/airflow/dags/DevSurveyDag.py   1671  0.52s             1           0  0.47s           2025-05-18T21:17:20                      12
================================================================================
[2025-05-18T21:18:21.309+0000] {manager.py:997} INFO - 
================================================================================
DAG File Processing Stats

File Path                            PID  Runtime      # DAGs    # Errors  Last Runtime    Last Run               Last # of DB Queries
---------------------------------  -----  ---------  --------  ----------  --------------  -------------------  ----------------------
/opt/airflow/dags/DevSurveyDag.py   1678  0.01s             1           0  0.57s           2025-05-18T21:17:51                      12
================================================================================
[2025-05-18T21:18:51.494+0000] {manager.py:997} INFO - 
================================================================================
DAG File Processing Stats

File Path                          PID    Runtime      # DAGs    # Errors  Last Runtime    Last Run               Last # of DB Queries
---------------------------------  -----  ---------  --------  ----------  --------------  -------------------  ----------------------
/opt/airflow/dags/DevSurveyDag.py                           1           0  0.46s           2025-05-18T21:18:21                      12
================================================================================
[2025-05-18T21:19:21.549+0000] {manager.py:997} INFO - 
================================================================================
DAG File Processing Stats

File Path                          PID    Runtime      # DAGs    # Errors  Last Runtime    Last Run               Last # of DB Queries
---------------------------------  -----  ---------  --------  ----------  --------------  -------------------  ----------------------
/opt/airflow/dags/DevSurveyDag.py                           1           0  0.43s           2025-05-18T21:18:52                      12
================================================================================
[2025-05-18T21:19:51.748+0000] {manager.py:997} INFO - 
================================================================================
DAG File Processing Stats

File Path                          PID    Runtime      # DAGs    # Errors  Last Runtime    Last Run               Last # of DB Queries
---------------------------------  -----  ---------  --------  ----------  --------------  -------------------  ----------------------
/opt/airflow/dags/DevSurveyDag.py                           1           0  0.16s           2025-05-18T21:19:22                      12
================================================================================
[2025-05-18T21:20:22.080+0000] {manager.py:997} INFO - 
================================================================================
DAG File Processing Stats

File Path                          PID    Runtime      # DAGs    # Errors  Last Runtime    Last Run               Last # of DB Queries
---------------------------------  -----  ---------  --------  ----------  --------------  -------------------  ----------------------
/opt/airflow/dags/DevSurveyDag.py                           1           0  0.15s           2025-05-18T21:19:52                      12
================================================================================
[2025-05-18T21:20:38.714+0000] {manager.py:821} INFO - Searching for files in /opt/airflow/dags
[2025-05-18T21:20:38.729+0000] {manager.py:824} INFO - There are 1 files in /opt/airflow/dags
[2025-05-18T21:20:52.268+0000] {manager.py:997} INFO - 
================================================================================
DAG File Processing Stats

File Path                          PID    Runtime      # DAGs    # Errors  Last Runtime    Last Run               Last # of DB Queries
---------------------------------  -----  ---------  --------  ----------  --------------  -------------------  ----------------------
/opt/airflow/dags/DevSurveyDag.py                           1           0  0.53s           2025-05-18T21:20:23                      12
================================================================================
[2025-05-18T21:21:22.457+0000] {manager.py:997} INFO - 
================================================================================
DAG File Processing Stats

File Path                          PID    Runtime      # DAGs    # Errors  Last Runtime    Last Run               Last # of DB Queries
---------------------------------  -----  ---------  --------  ----------  --------------  -------------------  ----------------------
/opt/airflow/dags/DevSurveyDag.py                           1           0  0.65s           2025-05-18T21:20:54                      12
================================================================================
[2025-05-18T21:21:52.847+0000] {manager.py:997} INFO - 
================================================================================
DAG File Processing Stats

File Path                          PID    Runtime      # DAGs    # Errors  Last Runtime    Last Run               Last # of DB Queries
---------------------------------  -----  ---------  --------  ----------  --------------  -------------------  ----------------------
/opt/airflow/dags/DevSurveyDag.py                           1           0  0.54s           2025-05-18T21:21:25                      12
================================================================================
[2025-05-18T21:22:23.290+0000] {manager.py:997} INFO - 
================================================================================
DAG File Processing Stats

File Path                          PID    Runtime      # DAGs    # Errors  Last Runtime    Last Run               Last # of DB Queries
---------------------------------  -----  ---------  --------  ----------  --------------  -------------------  ----------------------
/opt/airflow/dags/DevSurveyDag.py                           1           0  0.44s           2025-05-18T21:21:55                      12
================================================================================
[2025-05-18T21:22:53.495+0000] {manager.py:997} INFO - 
================================================================================
DAG File Processing Stats

File Path                          PID    Runtime      # DAGs    # Errors  Last Runtime    Last Run               Last # of DB Queries
---------------------------------  -----  ---------  --------  ----------  --------------  -------------------  ----------------------
/opt/airflow/dags/DevSurveyDag.py                           1           0  0.20s           2025-05-18T21:22:26                      12
================================================================================
[2025-05-18T21:23:23.885+0000] {manager.py:997} INFO - 
================================================================================
DAG File Processing Stats

File Path                          PID    Runtime      # DAGs    # Errors  Last Runtime    Last Run               Last # of DB Queries
---------------------------------  -----  ---------  --------  ----------  --------------  -------------------  ----------------------
/opt/airflow/dags/DevSurveyDag.py                           1           0  0.16s           2025-05-18T21:22:56                      12
================================================================================
[2025-05-18T21:23:54.215+0000] {manager.py:997} INFO - 
================================================================================
DAG File Processing Stats

File Path                          PID    Runtime      # DAGs    # Errors  Last Runtime    Last Run               Last # of DB Queries
---------------------------------  -----  ---------  --------  ----------  --------------  -------------------  ----------------------
/opt/airflow/dags/DevSurveyDag.py                           1           0  0.18s           2025-05-18T21:23:27                      12
================================================================================
[2025-05-18T21:24:24.429+0000] {manager.py:997} INFO - 
================================================================================
DAG File Processing Stats

File Path                          PID    Runtime      # DAGs    # Errors  Last Runtime    Last Run               Last # of DB Queries
---------------------------------  -----  ---------  --------  ----------  --------------  -------------------  ----------------------
/opt/airflow/dags/DevSurveyDag.py                           1           0  0.17s           2025-05-18T21:23:57                      12
================================================================================
[2025-05-18T21:24:54.755+0000] {manager.py:997} INFO - 
================================================================================
DAG File Processing Stats

File Path                          PID    Runtime      # DAGs    # Errors  Last Runtime    Last Run               Last # of DB Queries
---------------------------------  -----  ---------  --------  ----------  --------------  -------------------  ----------------------
/opt/airflow/dags/DevSurveyDag.py                           1           0  0.17s           2025-05-18T21:24:27                      12
================================================================================
[2025-05-18T21:25:24.972+0000] {manager.py:997} INFO - 
================================================================================
DAG File Processing Stats

File Path                          PID    Runtime      # DAGs    # Errors  Last Runtime    Last Run               Last # of DB Queries
---------------------------------  -----  ---------  --------  ----------  --------------  -------------------  ----------------------
/opt/airflow/dags/DevSurveyDag.py                           1           0  0.17s           2025-05-18T21:24:57                      12
================================================================================
[2025-05-18T21:25:39.195+0000] {manager.py:821} INFO - Searching for files in /opt/airflow/dags
[2025-05-18T21:25:39.210+0000] {manager.py:824} INFO - There are 1 files in /opt/airflow/dags
[2025-05-18T21:25:55.323+0000] {manager.py:997} INFO - 
================================================================================
DAG File Processing Stats

File Path                          PID    Runtime      # DAGs    # Errors  Last Runtime    Last Run               Last # of DB Queries
---------------------------------  -----  ---------  --------  ----------  --------------  -------------------  ----------------------
/opt/airflow/dags/DevSurveyDag.py                           1           0  0.18s           2025-05-18T21:25:28                      12
================================================================================
[2025-05-18T21:26:25.542+0000] {manager.py:997} INFO - 
================================================================================
DAG File Processing Stats

File Path                          PID    Runtime      # DAGs    # Errors  Last Runtime    Last Run               Last # of DB Queries
---------------------------------  -----  ---------  --------  ----------  --------------  -------------------  ----------------------
/opt/airflow/dags/DevSurveyDag.py                           1           0  0.16s           2025-05-18T21:25:58                      12
================================================================================
[2025-05-18T21:26:55.889+0000] {manager.py:997} INFO - 
================================================================================
DAG File Processing Stats

File Path                          PID    Runtime      # DAGs    # Errors  Last Runtime    Last Run               Last # of DB Queries
---------------------------------  -----  ---------  --------  ----------  --------------  -------------------  ----------------------
/opt/airflow/dags/DevSurveyDag.py                           1           0  0.28s           2025-05-18T21:26:28                      12
================================================================================
[2025-05-18T21:27:26.237+0000] {manager.py:997} INFO - 
================================================================================
DAG File Processing Stats

File Path                          PID    Runtime      # DAGs    # Errors  Last Runtime    Last Run               Last # of DB Queries
---------------------------------  -----  ---------  --------  ----------  --------------  -------------------  ----------------------
/opt/airflow/dags/DevSurveyDag.py                           1           0  0.16s           2025-05-18T21:26:59                      12
================================================================================
[2025-05-18T21:27:56.447+0000] {manager.py:997} INFO - 
================================================================================
DAG File Processing Stats

File Path                          PID    Runtime      # DAGs    # Errors  Last Runtime    Last Run               Last # of DB Queries
---------------------------------  -----  ---------  --------  ----------  --------------  -------------------  ----------------------
/opt/airflow/dags/DevSurveyDag.py                           1           0  0.16s           2025-05-18T21:27:29                      12
================================================================================
[2025-05-18T21:28:26.777+0000] {manager.py:997} INFO - 
================================================================================
DAG File Processing Stats

File Path                          PID    Runtime      # DAGs    # Errors  Last Runtime    Last Run               Last # of DB Queries
---------------------------------  -----  ---------  --------  ----------  --------------  -------------------  ----------------------
/opt/airflow/dags/DevSurveyDag.py                           1           0  0.17s           2025-05-18T21:27:59                      12
================================================================================
[2025-05-18T21:28:57.001+0000] {manager.py:997} INFO - 
================================================================================
DAG File Processing Stats

File Path                          PID    Runtime      # DAGs    # Errors  Last Runtime    Last Run               Last # of DB Queries
---------------------------------  -----  ---------  --------  ----------  --------------  -------------------  ----------------------
/opt/airflow/dags/DevSurveyDag.py                           1           0  0.16s           2025-05-18T21:28:29                      12
================================================================================
[2025-05-18T21:29:27.306+0000] {manager.py:997} INFO - 
================================================================================
DAG File Processing Stats

File Path                          PID    Runtime      # DAGs    # Errors  Last Runtime    Last Run               Last # of DB Queries
---------------------------------  -----  ---------  --------  ----------  --------------  -------------------  ----------------------
/opt/airflow/dags/DevSurveyDag.py                           1           0  0.16s           2025-05-18T21:29:00                      12
================================================================================
[2025-05-18T21:29:57.511+0000] {manager.py:997} INFO - 
================================================================================
DAG File Processing Stats

File Path                          PID    Runtime      # DAGs    # Errors  Last Runtime    Last Run               Last # of DB Queries
---------------------------------  -----  ---------  --------  ----------  --------------  -------------------  ----------------------
/opt/airflow/dags/DevSurveyDag.py                           1           0  0.15s           2025-05-18T21:29:30                      12
================================================================================
[2025-05-18T21:30:27.839+0000] {manager.py:997} INFO - 
================================================================================
DAG File Processing Stats

File Path                          PID    Runtime      # DAGs    # Errors  Last Runtime    Last Run               Last # of DB Queries
---------------------------------  -----  ---------  --------  ----------  --------------  -------------------  ----------------------
/opt/airflow/dags/DevSurveyDag.py                           1           0  0.16s           2025-05-18T21:30:00                      12
================================================================================
[2025-05-18T21:30:39.929+0000] {manager.py:821} INFO - Searching for files in /opt/airflow/dags
[2025-05-18T21:30:39.955+0000] {manager.py:824} INFO - There are 1 files in /opt/airflow/dags
[2025-05-18T21:30:58.085+0000] {manager.py:997} INFO - 
================================================================================
DAG File Processing Stats

File Path                          PID    Runtime      # DAGs    # Errors  Last Runtime    Last Run               Last # of DB Queries
---------------------------------  -----  ---------  --------  ----------  --------------  -------------------  ----------------------
/opt/airflow/dags/DevSurveyDag.py                           1           0  0.21s           2025-05-18T21:30:31                      12
================================================================================
[2025-05-18T21:31:28.407+0000] {manager.py:997} INFO - 
================================================================================
DAG File Processing Stats

File Path                          PID    Runtime      # DAGs    # Errors  Last Runtime    Last Run               Last # of DB Queries
---------------------------------  -----  ---------  --------  ----------  --------------  -------------------  ----------------------
/opt/airflow/dags/DevSurveyDag.py                           1           0  0.17s           2025-05-18T21:31:01                      12
================================================================================
[2025-05-18T21:31:58.603+0000] {manager.py:997} INFO - 
================================================================================
DAG File Processing Stats

File Path                          PID    Runtime      # DAGs    # Errors  Last Runtime    Last Run               Last # of DB Queries
---------------------------------  -----  ---------  --------  ----------  --------------  -------------------  ----------------------
/opt/airflow/dags/DevSurveyDag.py                           1           0  0.15s           2025-05-18T21:31:31                      12
================================================================================
[2025-05-18T21:32:28.919+0000] {manager.py:997} INFO - 
================================================================================
DAG File Processing Stats

File Path                          PID    Runtime      # DAGs    # Errors  Last Runtime    Last Run               Last # of DB Queries
---------------------------------  -----  ---------  --------  ----------  --------------  -------------------  ----------------------
/opt/airflow/dags/DevSurveyDag.py                           1           0  0.17s           2025-05-18T21:32:01                      12
================================================================================
[2025-05-18T21:32:59.121+0000] {manager.py:997} INFO - 
================================================================================
DAG File Processing Stats

File Path                          PID    Runtime      # DAGs    # Errors  Last Runtime    Last Run               Last # of DB Queries
---------------------------------  -----  ---------  --------  ----------  --------------  -------------------  ----------------------
/opt/airflow/dags/DevSurveyDag.py                           1           0  0.16s           2025-05-18T21:32:32                      12
================================================================================
[2025-05-18T21:33:29.445+0000] {manager.py:997} INFO - 
================================================================================
DAG File Processing Stats

File Path                          PID    Runtime      # DAGs    # Errors  Last Runtime    Last Run               Last # of DB Queries
---------------------------------  -----  ---------  --------  ----------  --------------  -------------------  ----------------------
/opt/airflow/dags/DevSurveyDag.py                           1           0  0.16s           2025-05-18T21:33:02                      12
================================================================================
[2025-05-18T21:33:59.651+0000] {manager.py:997} INFO - 
================================================================================
DAG File Processing Stats

File Path                          PID    Runtime      # DAGs    # Errors  Last Runtime    Last Run               Last # of DB Queries
---------------------------------  -----  ---------  --------  ----------  --------------  -------------------  ----------------------
/opt/airflow/dags/DevSurveyDag.py                           1           0  0.20s           2025-05-18T21:33:32                      12
================================================================================
[2025-05-18T21:34:30.034+0000] {manager.py:997} INFO - 
================================================================================
DAG File Processing Stats

File Path                          PID    Runtime      # DAGs    # Errors  Last Runtime    Last Run               Last # of DB Queries
---------------------------------  -----  ---------  --------  ----------  --------------  -------------------  ----------------------
/opt/airflow/dags/DevSurveyDag.py                           1           0  0.17s           2025-05-18T21:34:03                      12
================================================================================
[2025-05-18T21:35:00.366+0000] {manager.py:997} INFO - 
================================================================================
DAG File Processing Stats

File Path                          PID    Runtime      # DAGs    # Errors  Last Runtime    Last Run               Last # of DB Queries
---------------------------------  -----  ---------  --------  ----------  --------------  -------------------  ----------------------
/opt/airflow/dags/DevSurveyDag.py                           1           0  0.16s           2025-05-18T21:34:33                      12
================================================================================
[2025-05-18T21:35:30.570+0000] {manager.py:997} INFO - 
================================================================================
DAG File Processing Stats

File Path                          PID    Runtime      # DAGs    # Errors  Last Runtime    Last Run               Last # of DB Queries
---------------------------------  -----  ---------  --------  ----------  --------------  -------------------  ----------------------
/opt/airflow/dags/DevSurveyDag.py                           1           0  0.16s           2025-05-18T21:35:03                      12
================================================================================
[2025-05-18T21:35:40.748+0000] {manager.py:821} INFO - Searching for files in /opt/airflow/dags
[2025-05-18T21:35:40.764+0000] {manager.py:824} INFO - There are 1 files in /opt/airflow/dags
[2025-05-18T21:36:00.904+0000] {manager.py:997} INFO - 
================================================================================
DAG File Processing Stats

File Path                          PID    Runtime      # DAGs    # Errors  Last Runtime    Last Run               Last # of DB Queries
---------------------------------  -----  ---------  --------  ----------  --------------  -------------------  ----------------------
/opt/airflow/dags/DevSurveyDag.py                           1           0  0.15s           2025-05-18T21:35:33                      12
================================================================================
[2025-05-18T21:36:31.105+0000] {manager.py:997} INFO - 
================================================================================
DAG File Processing Stats

File Path                          PID    Runtime      # DAGs    # Errors  Last Runtime    Last Run               Last # of DB Queries
---------------------------------  -----  ---------  --------  ----------  --------------  -------------------  ----------------------
/opt/airflow/dags/DevSurveyDag.py                           1           0  0.21s           2025-05-18T21:36:04                      12
================================================================================
[2025-05-18T21:37:01.473+0000] {manager.py:997} INFO - 
================================================================================
DAG File Processing Stats

File Path                          PID    Runtime      # DAGs    # Errors  Last Runtime    Last Run               Last # of DB Queries
---------------------------------  -----  ---------  --------  ----------  --------------  -------------------  ----------------------
/opt/airflow/dags/DevSurveyDag.py                           1           0  0.27s           2025-05-18T21:36:34                      12
================================================================================
[2025-05-18T21:37:31.935+0000] {manager.py:997} INFO - 
================================================================================
DAG File Processing Stats

File Path                          PID    Runtime      # DAGs    # Errors  Last Runtime    Last Run               Last # of DB Queries
---------------------------------  -----  ---------  --------  ----------  --------------  -------------------  ----------------------
/opt/airflow/dags/DevSurveyDag.py                           1           0  0.22s           2025-05-18T21:37:04                      12
================================================================================
[2025-05-18T21:38:02.349+0000] {manager.py:997} INFO - 
================================================================================
DAG File Processing Stats

File Path                          PID    Runtime      # DAGs    # Errors  Last Runtime    Last Run               Last # of DB Queries
---------------------------------  -----  ---------  --------  ----------  --------------  -------------------  ----------------------
/opt/airflow/dags/DevSurveyDag.py                           1           0  0.17s           2025-05-18T21:37:35                      12
================================================================================
[2025-05-18T21:38:32.679+0000] {manager.py:997} INFO - 
================================================================================
DAG File Processing Stats

File Path                          PID    Runtime      # DAGs    # Errors  Last Runtime    Last Run               Last # of DB Queries
---------------------------------  -----  ---------  --------  ----------  --------------  -------------------  ----------------------
/opt/airflow/dags/DevSurveyDag.py                           1           0  0.20s           2025-05-18T21:38:05                      12
================================================================================
[2025-05-18T21:39:02.889+0000] {manager.py:997} INFO - 
================================================================================
DAG File Processing Stats

File Path                          PID    Runtime      # DAGs    # Errors  Last Runtime    Last Run               Last # of DB Queries
---------------------------------  -----  ---------  --------  ----------  --------------  -------------------  ----------------------
/opt/airflow/dags/DevSurveyDag.py                           1           0  0.15s           2025-05-18T21:38:35                      12
================================================================================
[2025-05-18T21:39:33.192+0000] {manager.py:997} INFO - 
================================================================================
DAG File Processing Stats

File Path                          PID    Runtime      # DAGs    # Errors  Last Runtime    Last Run               Last # of DB Queries
---------------------------------  -----  ---------  --------  ----------  --------------  -------------------  ----------------------
/opt/airflow/dags/DevSurveyDag.py                           1           0  0.18s           2025-05-18T21:39:06                      12
================================================================================
[2025-05-18T21:40:03.447+0000] {manager.py:997} INFO - 
================================================================================
DAG File Processing Stats

File Path                          PID    Runtime      # DAGs    # Errors  Last Runtime    Last Run               Last # of DB Queries
---------------------------------  -----  ---------  --------  ----------  --------------  -------------------  ----------------------
/opt/airflow/dags/DevSurveyDag.py                           1           0  0.20s           2025-05-18T21:39:36                      12
================================================================================
[2025-05-18T21:40:33.767+0000] {manager.py:997} INFO - 
================================================================================
DAG File Processing Stats

File Path                          PID    Runtime      # DAGs    # Errors  Last Runtime    Last Run               Last # of DB Queries
---------------------------------  -----  ---------  --------  ----------  --------------  -------------------  ----------------------
/opt/airflow/dags/DevSurveyDag.py                           1           0  0.16s           2025-05-18T21:40:06                      12
================================================================================
[2025-05-18T21:40:40.830+0000] {manager.py:821} INFO - Searching for files in /opt/airflow/dags
[2025-05-18T21:40:40.858+0000] {manager.py:824} INFO - There are 1 files in /opt/airflow/dags
[2025-05-18T21:41:04.021+0000] {manager.py:997} INFO - 
================================================================================
DAG File Processing Stats

File Path                          PID    Runtime      # DAGs    # Errors  Last Runtime    Last Run               Last # of DB Queries
---------------------------------  -----  ---------  --------  ----------  --------------  -------------------  ----------------------
/opt/airflow/dags/DevSurveyDag.py                           1           0  0.15s           2025-05-18T21:40:36                      12
================================================================================
[2025-05-18T21:41:34.281+0000] {manager.py:997} INFO - 
================================================================================
DAG File Processing Stats

File Path                          PID    Runtime      # DAGs    # Errors  Last Runtime    Last Run               Last # of DB Queries
---------------------------------  -----  ---------  --------  ----------  --------------  -------------------  ----------------------
/opt/airflow/dags/DevSurveyDag.py                           1           0  0.19s           2025-05-18T21:41:07                      12
================================================================================
[2025-05-18T21:42:04.573+0000] {manager.py:997} INFO - 
================================================================================
DAG File Processing Stats

File Path                          PID    Runtime      # DAGs    # Errors  Last Runtime    Last Run               Last # of DB Queries
---------------------------------  -----  ---------  --------  ----------  --------------  -------------------  ----------------------
/opt/airflow/dags/DevSurveyDag.py                           1           0  0.18s           2025-05-18T21:41:37                      12
================================================================================
[2025-05-18T21:42:34.818+0000] {manager.py:997} INFO - 
================================================================================
DAG File Processing Stats

File Path                          PID    Runtime      # DAGs    # Errors  Last Runtime    Last Run               Last # of DB Queries
---------------------------------  -----  ---------  --------  ----------  --------------  -------------------  ----------------------
/opt/airflow/dags/DevSurveyDag.py                           1           0  0.16s           2025-05-18T21:42:07                      12
================================================================================
[2025-05-18T21:43:05.084+0000] {manager.py:997} INFO - 
================================================================================
DAG File Processing Stats

File Path                          PID    Runtime      # DAGs    # Errors  Last Runtime    Last Run               Last # of DB Queries
---------------------------------  -----  ---------  --------  ----------  --------------  -------------------  ----------------------
/opt/airflow/dags/DevSurveyDag.py                           1           0  0.15s           2025-05-18T21:42:37                      12
================================================================================
[2025-05-18T21:43:35.317+0000] {manager.py:997} INFO - 
================================================================================
DAG File Processing Stats

File Path                          PID    Runtime      # DAGs    # Errors  Last Runtime    Last Run               Last # of DB Queries
---------------------------------  -----  ---------  --------  ----------  --------------  -------------------  ----------------------
/opt/airflow/dags/DevSurveyDag.py                           1           0  0.16s           2025-05-18T21:43:08                      12
================================================================================
[2025-05-18T21:44:05.607+0000] {manager.py:997} INFO - 
================================================================================
DAG File Processing Stats

File Path                          PID    Runtime      # DAGs    # Errors  Last Runtime    Last Run               Last # of DB Queries
---------------------------------  -----  ---------  --------  ----------  --------------  -------------------  ----------------------
/opt/airflow/dags/DevSurveyDag.py                           1           0  0.18s           2025-05-18T21:43:38                      12
================================================================================
[2025-05-18T21:44:35.852+0000] {manager.py:997} INFO - 
================================================================================
DAG File Processing Stats

File Path                          PID    Runtime      # DAGs    # Errors  Last Runtime    Last Run               Last # of DB Queries
---------------------------------  -----  ---------  --------  ----------  --------------  -------------------  ----------------------
/opt/airflow/dags/DevSurveyDag.py                           1           0  0.19s           2025-05-18T21:44:08                      12
================================================================================
[2025-05-18T21:45:06.171+0000] {manager.py:997} INFO - 
================================================================================
DAG File Processing Stats

File Path                          PID    Runtime      # DAGs    # Errors  Last Runtime    Last Run               Last # of DB Queries
---------------------------------  -----  ---------  --------  ----------  --------------  -------------------  ----------------------
/opt/airflow/dags/DevSurveyDag.py                           1           0  0.16s           2025-05-18T21:44:39                      12
================================================================================
[2025-05-18T21:45:36.378+0000] {manager.py:997} INFO - 
================================================================================
DAG File Processing Stats

File Path                          PID    Runtime      # DAGs    # Errors  Last Runtime    Last Run               Last # of DB Queries
---------------------------------  -----  ---------  --------  ----------  --------------  -------------------  ----------------------
/opt/airflow/dags/DevSurveyDag.py                           1           0  0.16s           2025-05-18T21:45:09                      12
================================================================================
[2025-05-18T21:45:41.532+0000] {manager.py:821} INFO - Searching for files in /opt/airflow/dags
[2025-05-18T21:45:41.547+0000] {manager.py:824} INFO - There are 1 files in /opt/airflow/dags
[2025-05-18T21:46:06.726+0000] {manager.py:997} INFO - 
================================================================================
DAG File Processing Stats

File Path                          PID    Runtime      # DAGs    # Errors  Last Runtime    Last Run               Last # of DB Queries
---------------------------------  -----  ---------  --------  ----------  --------------  -------------------  ----------------------
/opt/airflow/dags/DevSurveyDag.py                           1           0  0.16s           2025-05-18T21:45:39                      12
================================================================================
[2025-05-18T21:46:36.941+0000] {manager.py:997} INFO - 
================================================================================
DAG File Processing Stats

File Path                          PID    Runtime      # DAGs    # Errors  Last Runtime    Last Run               Last # of DB Queries
---------------------------------  -----  ---------  --------  ----------  --------------  -------------------  ----------------------
/opt/airflow/dags/DevSurveyDag.py                           1           0  0.16s           2025-05-18T21:46:09                      12
================================================================================
[2025-05-18T21:47:07.262+0000] {manager.py:997} INFO - 
================================================================================
DAG File Processing Stats

File Path                          PID    Runtime      # DAGs    # Errors  Last Runtime    Last Run               Last # of DB Queries
---------------------------------  -----  ---------  --------  ----------  --------------  -------------------  ----------------------
/opt/airflow/dags/DevSurveyDag.py                           1           0  0.16s           2025-05-18T21:46:40                      12
================================================================================
[2025-05-18T21:47:37.473+0000] {manager.py:997} INFO - 
================================================================================
DAG File Processing Stats

File Path                          PID    Runtime      # DAGs    # Errors  Last Runtime    Last Run               Last # of DB Queries
---------------------------------  -----  ---------  --------  ----------  --------------  -------------------  ----------------------
/opt/airflow/dags/DevSurveyDag.py                           1           0  0.17s           2025-05-18T21:47:10                      12
================================================================================
[2025-05-18T21:48:07.784+0000] {manager.py:997} INFO - 
================================================================================
DAG File Processing Stats

File Path                          PID    Runtime      # DAGs    # Errors  Last Runtime    Last Run               Last # of DB Queries
---------------------------------  -----  ---------  --------  ----------  --------------  -------------------  ----------------------
/opt/airflow/dags/DevSurveyDag.py                           1           0  0.15s           2025-05-18T21:47:40                      12
================================================================================
[2025-05-18T21:48:37.990+0000] {manager.py:997} INFO - 
================================================================================
DAG File Processing Stats

File Path                          PID    Runtime      # DAGs    # Errors  Last Runtime    Last Run               Last # of DB Queries
---------------------------------  -----  ---------  --------  ----------  --------------  -------------------  ----------------------
/opt/airflow/dags/DevSurveyDag.py                           1           0  0.21s           2025-05-18T21:48:11                      12
================================================================================
[2025-05-18T21:49:08.358+0000] {manager.py:997} INFO - 
================================================================================
DAG File Processing Stats

File Path                          PID    Runtime      # DAGs    # Errors  Last Runtime    Last Run               Last # of DB Queries
---------------------------------  -----  ---------  --------  ----------  --------------  -------------------  ----------------------
/opt/airflow/dags/DevSurveyDag.py                           1           0  0.17s           2025-05-18T21:48:41                      12
================================================================================
[2025-05-18T21:49:38.700+0000] {manager.py:997} INFO - 
================================================================================
DAG File Processing Stats

File Path                          PID    Runtime      # DAGs    # Errors  Last Runtime    Last Run               Last # of DB Queries
---------------------------------  -----  ---------  --------  ----------  --------------  -------------------  ----------------------
/opt/airflow/dags/DevSurveyDag.py                           1           0  0.16s           2025-05-18T21:49:11                      12
================================================================================
[2025-05-18T21:50:08.909+0000] {manager.py:997} INFO - 
================================================================================
DAG File Processing Stats

File Path                          PID    Runtime      # DAGs    # Errors  Last Runtime    Last Run               Last # of DB Queries
---------------------------------  -----  ---------  --------  ----------  --------------  -------------------  ----------------------
/opt/airflow/dags/DevSurveyDag.py                           1           0  0.15s           2025-05-18T21:49:41                      12
================================================================================
[2025-05-18T21:50:39.237+0000] {manager.py:997} INFO - 
================================================================================
DAG File Processing Stats

File Path                          PID    Runtime      # DAGs    # Errors  Last Runtime    Last Run               Last # of DB Queries
---------------------------------  -----  ---------  --------  ----------  --------------  -------------------  ----------------------
/opt/airflow/dags/DevSurveyDag.py                           1           0  0.15s           2025-05-18T21:50:12                      12
================================================================================
[2025-05-18T21:50:42.256+0000] {manager.py:821} INFO - Searching for files in /opt/airflow/dags
[2025-05-18T21:50:42.273+0000] {manager.py:824} INFO - There are 1 files in /opt/airflow/dags
[2025-05-18T21:51:09.476+0000] {manager.py:997} INFO - 
================================================================================
DAG File Processing Stats

File Path                          PID    Runtime      # DAGs    # Errors  Last Runtime    Last Run               Last # of DB Queries
---------------------------------  -----  ---------  --------  ----------  --------------  -------------------  ----------------------
/opt/airflow/dags/DevSurveyDag.py                           1           0  0.19s           2025-05-18T21:50:42                      12
================================================================================
[2025-05-18T21:51:39.680+0000] {manager.py:997} INFO - 
================================================================================
DAG File Processing Stats

File Path                          PID    Runtime      # DAGs    # Errors  Last Runtime    Last Run               Last # of DB Queries
---------------------------------  -----  ---------  --------  ----------  --------------  -------------------  ----------------------
/opt/airflow/dags/DevSurveyDag.py                           1           0  0.16s           2025-05-18T21:51:12                      12
================================================================================
[2025-05-18T21:52:09.997+0000] {manager.py:997} INFO - 
================================================================================
DAG File Processing Stats

File Path                          PID    Runtime      # DAGs    # Errors  Last Runtime    Last Run               Last # of DB Queries
---------------------------------  -----  ---------  --------  ----------  --------------  -------------------  ----------------------
/opt/airflow/dags/DevSurveyDag.py                           1           0  0.16s           2025-05-18T21:51:42                      12
================================================================================
[2025-05-18T21:52:40.217+0000] {manager.py:997} INFO - 
================================================================================
DAG File Processing Stats

File Path                          PID    Runtime      # DAGs    # Errors  Last Runtime    Last Run               Last # of DB Queries
---------------------------------  -----  ---------  --------  ----------  --------------  -------------------  ----------------------
/opt/airflow/dags/DevSurveyDag.py                           1           0  0.17s           2025-05-18T21:52:13                      12
================================================================================
[2025-05-18T21:53:10.532+0000] {manager.py:997} INFO - 
================================================================================
DAG File Processing Stats

File Path                          PID    Runtime      # DAGs    # Errors  Last Runtime    Last Run               Last # of DB Queries
---------------------------------  -----  ---------  --------  ----------  --------------  -------------------  ----------------------
/opt/airflow/dags/DevSurveyDag.py                           1           0  0.16s           2025-05-18T21:52:43                      12
================================================================================
[2025-05-18T21:53:40.742+0000] {manager.py:997} INFO - 
================================================================================
DAG File Processing Stats

File Path                          PID    Runtime      # DAGs    # Errors  Last Runtime    Last Run               Last # of DB Queries
---------------------------------  -----  ---------  --------  ----------  --------------  -------------------  ----------------------
/opt/airflow/dags/DevSurveyDag.py                           1           0  0.16s           2025-05-18T21:53:13                      12
================================================================================
[2025-05-18T21:54:11.059+0000] {manager.py:997} INFO - 
================================================================================
DAG File Processing Stats

File Path                          PID    Runtime      # DAGs    # Errors  Last Runtime    Last Run               Last # of DB Queries
---------------------------------  -----  ---------  --------  ----------  --------------  -------------------  ----------------------
/opt/airflow/dags/DevSurveyDag.py                           1           0  0.16s           2025-05-18T21:53:43                      12
================================================================================
[2025-05-18T21:54:41.278+0000] {manager.py:997} INFO - 
================================================================================
DAG File Processing Stats

File Path                          PID    Runtime      # DAGs    # Errors  Last Runtime    Last Run               Last # of DB Queries
---------------------------------  -----  ---------  --------  ----------  --------------  -------------------  ----------------------
/opt/airflow/dags/DevSurveyDag.py                           1           0  0.19s           2025-05-18T21:54:14                      12
================================================================================
[2025-05-18T21:55:11.624+0000] {manager.py:997} INFO - 
================================================================================
DAG File Processing Stats

File Path                          PID    Runtime      # DAGs    # Errors  Last Runtime    Last Run               Last # of DB Queries
---------------------------------  -----  ---------  --------  ----------  --------------  -------------------  ----------------------
/opt/airflow/dags/DevSurveyDag.py                           1           0  0.17s           2025-05-18T21:54:44                      12
================================================================================
[2025-05-18T21:55:41.839+0000] {manager.py:997} INFO - 
================================================================================
DAG File Processing Stats

File Path                          PID    Runtime      # DAGs    # Errors  Last Runtime    Last Run               Last # of DB Queries
---------------------------------  -----  ---------  --------  ----------  --------------  -------------------  ----------------------
/opt/airflow/dags/DevSurveyDag.py                           1           0  0.16s           2025-05-18T21:55:14                      12
================================================================================
[2025-05-18T21:55:42.844+0000] {manager.py:821} INFO - Searching for files in /opt/airflow/dags
[2025-05-18T21:55:42.860+0000] {manager.py:824} INFO - There are 1 files in /opt/airflow/dags
[2025-05-18T21:56:12.168+0000] {manager.py:997} INFO - 
================================================================================
DAG File Processing Stats

File Path                          PID    Runtime      # DAGs    # Errors  Last Runtime    Last Run               Last # of DB Queries
---------------------------------  -----  ---------  --------  ----------  --------------  -------------------  ----------------------
/opt/airflow/dags/DevSurveyDag.py                           1           0  0.29s           2025-05-18T21:55:45                      12
================================================================================
[2025-05-18T21:56:42.521+0000] {manager.py:997} INFO - 
================================================================================
DAG File Processing Stats

File Path                          PID    Runtime      # DAGs    # Errors  Last Runtime    Last Run               Last # of DB Queries
---------------------------------  -----  ---------  --------  ----------  --------------  -------------------  ----------------------
/opt/airflow/dags/DevSurveyDag.py                           1           0  0.30s           2025-05-18T21:56:15                      12
================================================================================
[2025-05-18T21:57:12.858+0000] {manager.py:997} INFO - 
================================================================================
DAG File Processing Stats

File Path                          PID    Runtime      # DAGs    # Errors  Last Runtime    Last Run               Last # of DB Queries
---------------------------------  -----  ---------  --------  ----------  --------------  -------------------  ----------------------
/opt/airflow/dags/DevSurveyDag.py                           1           0  0.25s           2025-05-18T21:56:45                      12
================================================================================
[2025-05-18T21:57:43.156+0000] {manager.py:997} INFO - 
================================================================================
DAG File Processing Stats

File Path                          PID    Runtime      # DAGs    # Errors  Last Runtime    Last Run               Last # of DB Queries
---------------------------------  -----  ---------  --------  ----------  --------------  -------------------  ----------------------
/opt/airflow/dags/DevSurveyDag.py                           1           0  0.23s           2025-05-18T21:57:16                      12
================================================================================
[2025-05-18T21:58:13.464+0000] {manager.py:997} INFO - 
================================================================================
DAG File Processing Stats

File Path                          PID    Runtime      # DAGs    # Errors  Last Runtime    Last Run               Last # of DB Queries
---------------------------------  -----  ---------  --------  ----------  --------------  -------------------  ----------------------
/opt/airflow/dags/DevSurveyDag.py                           1           0  0.16s           2025-05-18T21:57:46                      12
================================================================================
[2025-05-18T21:58:43.690+0000] {manager.py:997} INFO - 
================================================================================
DAG File Processing Stats

File Path                          PID    Runtime      # DAGs    # Errors  Last Runtime    Last Run               Last # of DB Queries
---------------------------------  -----  ---------  --------  ----------  --------------  -------------------  ----------------------
/opt/airflow/dags/DevSurveyDag.py                           1           0  0.19s           2025-05-18T21:58:16                      12
================================================================================
[2025-05-18T21:59:14.023+0000] {manager.py:997} INFO - 
================================================================================
DAG File Processing Stats

File Path                          PID    Runtime      # DAGs    # Errors  Last Runtime    Last Run               Last # of DB Queries
---------------------------------  -----  ---------  --------  ----------  --------------  -------------------  ----------------------
/opt/airflow/dags/DevSurveyDag.py                           1           0  0.16s           2025-05-18T21:58:46                      12
================================================================================
[2025-05-18T21:59:44.236+0000] {manager.py:997} INFO - 
================================================================================
DAG File Processing Stats

File Path                          PID    Runtime      # DAGs    # Errors  Last Runtime    Last Run               Last # of DB Queries
---------------------------------  -----  ---------  --------  ----------  --------------  -------------------  ----------------------
/opt/airflow/dags/DevSurveyDag.py                           1           0  0.19s           2025-05-18T21:59:17                      12
================================================================================
[2025-05-18T22:00:14.588+0000] {manager.py:997} INFO - 
================================================================================
DAG File Processing Stats

File Path                          PID    Runtime      # DAGs    # Errors  Last Runtime    Last Run               Last # of DB Queries
---------------------------------  -----  ---------  --------  ----------  --------------  -------------------  ----------------------
/opt/airflow/dags/DevSurveyDag.py                           1           0  0.17s           2025-05-18T21:59:47                      12
================================================================================
[2025-05-18T22:00:42.962+0000] {manager.py:821} INFO - Searching for files in /opt/airflow/dags
[2025-05-18T22:00:42.978+0000] {manager.py:824} INFO - There are 1 files in /opt/airflow/dags
[2025-05-18T22:00:44.793+0000] {manager.py:997} INFO - 
================================================================================
DAG File Processing Stats

File Path                          PID    Runtime      # DAGs    # Errors  Last Runtime    Last Run               Last # of DB Queries
---------------------------------  -----  ---------  --------  ----------  --------------  -------------------  ----------------------
/opt/airflow/dags/DevSurveyDag.py                           1           0  0.21s           2025-05-18T22:00:17                      12
================================================================================
[2025-05-18T22:01:15.194+0000] {manager.py:997} INFO - 
================================================================================
DAG File Processing Stats

File Path                          PID    Runtime      # DAGs    # Errors  Last Runtime    Last Run               Last # of DB Queries
---------------------------------  -----  ---------  --------  ----------  --------------  -------------------  ----------------------
/opt/airflow/dags/DevSurveyDag.py                           1           0  0.17s           2025-05-18T22:00:48                      12
================================================================================
[2025-05-18T22:01:45.544+0000] {manager.py:997} INFO - 
================================================================================
DAG File Processing Stats

File Path                          PID    Runtime      # DAGs    # Errors  Last Runtime    Last Run               Last # of DB Queries
---------------------------------  -----  ---------  --------  ----------  --------------  -------------------  ----------------------
/opt/airflow/dags/DevSurveyDag.py                           1           0  0.20s           2025-05-18T22:01:18                      12
================================================================================
[2025-05-19T13:11:52.930+0000] {manager.py:821} INFO - Searching for files in /opt/airflow/dags
[2025-05-19T13:11:55.656+0000] {manager.py:824} INFO - There are 1 files in /opt/airflow/dags
[2025-05-19T13:12:00.260+0000] {manager.py:997} INFO - 
================================================================================
DAG File Processing Stats

File Path                          PID    Runtime      # DAGs    # Errors  Last Runtime    Last Run               Last # of DB Queries
---------------------------------  -----  ---------  --------  ----------  --------------  -------------------  ----------------------
/opt/airflow/dags/DevSurveyDag.py                           1           0  2.14s           2025-05-19T13:11:58                      12
================================================================================
[2025-05-19T13:12:30.716+0000] {manager.py:997} INFO - 
================================================================================
DAG File Processing Stats

File Path                          PID    Runtime      # DAGs    # Errors  Last Runtime    Last Run               Last # of DB Queries
---------------------------------  -----  ---------  --------  ----------  --------------  -------------------  ----------------------
/opt/airflow/dags/DevSurveyDag.py                           1           0  0.78s           2025-05-19T13:12:29                      12
================================================================================
[2025-05-19T13:13:01.267+0000] {manager.py:997} INFO - 
================================================================================
DAG File Processing Stats

File Path                          PID    Runtime      # DAGs    # Errors  Last Runtime    Last Run               Last # of DB Queries
---------------------------------  -----  ---------  --------  ----------  --------------  -------------------  ----------------------
/opt/airflow/dags/DevSurveyDag.py                           1           0  0.54s           2025-05-19T13:13:00                      12
================================================================================
[2025-05-19T13:13:31.679+0000] {manager.py:997} INFO - 
================================================================================
DAG File Processing Stats

File Path                          PID    Runtime      # DAGs    # Errors  Last Runtime    Last Run               Last # of DB Queries
---------------------------------  -----  ---------  --------  ----------  --------------  -------------------  ----------------------
/opt/airflow/dags/DevSurveyDag.py                           1           0  0.23s           2025-05-19T13:13:30                      12
================================================================================
[2025-05-19T13:14:02.085+0000] {manager.py:997} INFO - 
================================================================================
DAG File Processing Stats

File Path                          PID    Runtime      # DAGs    # Errors  Last Runtime    Last Run               Last # of DB Queries
---------------------------------  -----  ---------  --------  ----------  --------------  -------------------  ----------------------
/opt/airflow/dags/DevSurveyDag.py                           1           0  0.15s           2025-05-19T13:14:01                      12
================================================================================
[2025-05-19T13:14:32.396+0000] {manager.py:997} INFO - 
================================================================================
DAG File Processing Stats

File Path                          PID    Runtime      # DAGs    # Errors  Last Runtime    Last Run               Last # of DB Queries
---------------------------------  -----  ---------  --------  ----------  --------------  -------------------  ----------------------
/opt/airflow/dags/DevSurveyDag.py                           1           0  0.15s           2025-05-19T13:14:31                      12
================================================================================
[2025-05-19T13:15:02.642+0000] {manager.py:997} INFO - 
================================================================================
DAG File Processing Stats

File Path                          PID    Runtime      # DAGs    # Errors  Last Runtime    Last Run               Last # of DB Queries
---------------------------------  -----  ---------  --------  ----------  --------------  -------------------  ----------------------
/opt/airflow/dags/DevSurveyDag.py                           1           0  0.22s           2025-05-19T13:15:01                      12
================================================================================
[2025-05-19T13:15:33.039+0000] {manager.py:997} INFO - 
================================================================================
DAG File Processing Stats

File Path                          PID    Runtime      # DAGs    # Errors  Last Runtime    Last Run               Last # of DB Queries
---------------------------------  -----  ---------  --------  ----------  --------------  -------------------  ----------------------
/opt/airflow/dags/DevSurveyDag.py                           1           0  0.27s           2025-05-19T13:15:32                      12
================================================================================
[2025-05-19T13:16:03.330+0000] {manager.py:997} INFO - 
================================================================================
DAG File Processing Stats

File Path                          PID    Runtime      # DAGs    # Errors  Last Runtime    Last Run               Last # of DB Queries
---------------------------------  -----  ---------  --------  ----------  --------------  -------------------  ----------------------
/opt/airflow/dags/DevSurveyDag.py                           1           0  0.23s           2025-05-19T13:16:02                      12
================================================================================
[2025-05-19T13:16:26.939+0000] {manager.py:465} INFO - Exiting gracefully upon receiving signal 15
[2025-05-19T21:13:41.442+0000] {manager.py:483} INFO - Processing files using up to 2 processes at a time 
[2025-05-19T21:13:41.443+0000] {manager.py:484} INFO - Process each file at most once every 30 seconds
[2025-05-19T21:13:41.444+0000] {manager.py:485} INFO - Checking for new files in /opt/airflow/dags every 300 seconds
[2025-05-19T21:13:41.444+0000] {manager.py:821} INFO - Searching for files in /opt/airflow/dags
[2025-05-19T21:13:41.488+0000] {manager.py:824} INFO - There are 1 files in /opt/airflow/dags
[2025-05-19T21:13:41.624+0000] {manager.py:997} INFO - 
================================================================================
DAG File Processing Stats

File Path                            PID  Runtime      # DAGs    # Errors  Last Runtime    Last Run      Last # of DB Queries
---------------------------------  -----  ---------  --------  ----------  --------------  ----------  ----------------------
/opt/airflow/dags/DevSurveyDag.py     96  0.02s             0           0                                                   0
================================================================================
[2025-05-19T21:14:11.666+0000] {manager.py:997} INFO - 
================================================================================
DAG File Processing Stats

File Path                          PID    Runtime      # DAGs    # Errors  Last Runtime    Last Run               Last # of DB Queries
---------------------------------  -----  ---------  --------  ----------  --------------  -------------------  ----------------------
/opt/airflow/dags/DevSurveyDag.py                           1           0  0.27s           2025-05-19T21:13:51                      22
================================================================================
[2025-05-19T21:14:42.132+0000] {manager.py:997} INFO - 
================================================================================
DAG File Processing Stats

File Path                          PID    Runtime      # DAGs    # Errors  Last Runtime    Last Run               Last # of DB Queries
---------------------------------  -----  ---------  --------  ----------  --------------  -------------------  ----------------------
/opt/airflow/dags/DevSurveyDag.py                           1           0  0.16s           2025-05-19T21:14:22                      12
================================================================================
[2025-05-19T21:15:12.489+0000] {manager.py:997} INFO - 
================================================================================
DAG File Processing Stats

File Path                          PID    Runtime      # DAGs    # Errors  Last Runtime    Last Run               Last # of DB Queries
---------------------------------  -----  ---------  --------  ----------  --------------  -------------------  ----------------------
/opt/airflow/dags/DevSurveyDag.py                           1           0  0.26s           2025-05-19T21:14:52                      12
================================================================================
[2025-05-19T21:15:42.803+0000] {manager.py:997} INFO - 
================================================================================
DAG File Processing Stats

File Path                          PID    Runtime      # DAGs    # Errors  Last Runtime    Last Run               Last # of DB Queries
---------------------------------  -----  ---------  --------  ----------  --------------  -------------------  ----------------------
/opt/airflow/dags/DevSurveyDag.py                           1           0  0.25s           2025-05-19T21:15:22                      12
================================================================================
[2025-05-19T21:16:13.124+0000] {manager.py:997} INFO - 
================================================================================
DAG File Processing Stats

File Path                          PID    Runtime      # DAGs    # Errors  Last Runtime    Last Run               Last # of DB Queries
---------------------------------  -----  ---------  --------  ----------  --------------  -------------------  ----------------------
/opt/airflow/dags/DevSurveyDag.py                           1           0  0.19s           2025-05-19T21:15:53                      12
================================================================================
[2025-05-19T21:16:43.383+0000] {manager.py:997} INFO - 
================================================================================
DAG File Processing Stats

File Path                          PID    Runtime      # DAGs    # Errors  Last Runtime    Last Run               Last # of DB Queries
---------------------------------  -----  ---------  --------  ----------  --------------  -------------------  ----------------------
/opt/airflow/dags/DevSurveyDag.py                           1           0  0.23s           2025-05-19T21:16:23                      12
================================================================================
[2025-05-19T21:17:13.753+0000] {manager.py:997} INFO - 
================================================================================
DAG File Processing Stats

File Path                          PID    Runtime      # DAGs    # Errors  Last Runtime    Last Run               Last # of DB Queries
---------------------------------  -----  ---------  --------  ----------  --------------  -------------------  ----------------------
/opt/airflow/dags/DevSurveyDag.py                           1           0  0.36s           2025-05-19T21:16:53                      12
================================================================================
[2025-05-19T21:17:44.129+0000] {manager.py:997} INFO - 
================================================================================
DAG File Processing Stats

File Path                          PID    Runtime      # DAGs    # Errors  Last Runtime    Last Run               Last # of DB Queries
---------------------------------  -----  ---------  --------  ----------  --------------  -------------------  ----------------------
/opt/airflow/dags/DevSurveyDag.py                           1           0  0.24s           2025-05-19T21:17:24                      12
================================================================================
[2025-05-19T21:18:14.549+0000] {manager.py:997} INFO - 
================================================================================
DAG File Processing Stats

File Path                          PID    Runtime      # DAGs    # Errors  Last Runtime    Last Run               Last # of DB Queries
---------------------------------  -----  ---------  --------  ----------  --------------  -------------------  ----------------------
/opt/airflow/dags/DevSurveyDag.py                           1           0  0.30s           2025-05-19T21:17:54                      12
================================================================================
[2025-05-19T21:18:42.006+0000] {manager.py:821} INFO - Searching for files in /opt/airflow/dags
[2025-05-19T21:18:42.023+0000] {manager.py:824} INFO - There are 1 files in /opt/airflow/dags
[2025-05-19T21:18:45.052+0000] {manager.py:997} INFO - 
================================================================================
DAG File Processing Stats

File Path                          PID    Runtime      # DAGs    # Errors  Last Runtime    Last Run               Last # of DB Queries
---------------------------------  -----  ---------  --------  ----------  --------------  -------------------  ----------------------
/opt/airflow/dags/DevSurveyDag.py                           1           0  0.23s           2025-05-19T21:18:25                      12
================================================================================
[2025-05-19T21:19:15.461+0000] {manager.py:997} INFO - 
================================================================================
DAG File Processing Stats

File Path                          PID    Runtime      # DAGs    # Errors  Last Runtime    Last Run               Last # of DB Queries
---------------------------------  -----  ---------  --------  ----------  --------------  -------------------  ----------------------
/opt/airflow/dags/DevSurveyDag.py                           1           0  0.22s           2025-05-19T21:18:55                      12
================================================================================
[2025-05-19T21:19:45.842+0000] {manager.py:997} INFO - 
================================================================================
DAG File Processing Stats

File Path                          PID    Runtime      # DAGs    # Errors  Last Runtime    Last Run               Last # of DB Queries
---------------------------------  -----  ---------  --------  ----------  --------------  -------------------  ----------------------
/opt/airflow/dags/DevSurveyDag.py                           1           0  0.16s           2025-05-19T21:19:25                      12
================================================================================
[2025-05-19T21:20:16.159+0000] {manager.py:997} INFO - 
================================================================================
DAG File Processing Stats

File Path                          PID    Runtime      # DAGs    # Errors  Last Runtime    Last Run               Last # of DB Queries
---------------------------------  -----  ---------  --------  ----------  --------------  -------------------  ----------------------
/opt/airflow/dags/DevSurveyDag.py                           1           0  0.18s           2025-05-19T21:19:56                      12
================================================================================
[2025-05-19T21:20:46.377+0000] {manager.py:997} INFO - 
================================================================================
DAG File Processing Stats

File Path                          PID    Runtime      # DAGs    # Errors  Last Runtime    Last Run               Last # of DB Queries
---------------------------------  -----  ---------  --------  ----------  --------------  -------------------  ----------------------
/opt/airflow/dags/DevSurveyDag.py                           1           0  0.18s           2025-05-19T21:20:26                      12
================================================================================
[2025-05-19T21:21:16.727+0000] {manager.py:997} INFO - 
================================================================================
DAG File Processing Stats

File Path                          PID    Runtime      # DAGs    # Errors  Last Runtime    Last Run               Last # of DB Queries
---------------------------------  -----  ---------  --------  ----------  --------------  -------------------  ----------------------
/opt/airflow/dags/DevSurveyDag.py                           1           0  0.15s           2025-05-19T21:20:56                      12
================================================================================
[2025-05-19T21:21:46.970+0000] {manager.py:997} INFO - 
================================================================================
DAG File Processing Stats

File Path                          PID    Runtime      # DAGs    # Errors  Last Runtime    Last Run               Last # of DB Queries
---------------------------------  -----  ---------  --------  ----------  --------------  -------------------  ----------------------
/opt/airflow/dags/DevSurveyDag.py                           1           0  0.23s           2025-05-19T21:21:27                      12
================================================================================
[2025-05-19T21:22:17.372+0000] {manager.py:997} INFO - 
================================================================================
DAG File Processing Stats

File Path                          PID    Runtime      # DAGs    # Errors  Last Runtime    Last Run               Last # of DB Queries
---------------------------------  -----  ---------  --------  ----------  --------------  -------------------  ----------------------
/opt/airflow/dags/DevSurveyDag.py                           1           0  0.22s           2025-05-19T21:21:57                      12
================================================================================
[2025-05-19T21:22:47.776+0000] {manager.py:997} INFO - 
================================================================================
DAG File Processing Stats

File Path                          PID    Runtime      # DAGs    # Errors  Last Runtime    Last Run               Last # of DB Queries
---------------------------------  -----  ---------  --------  ----------  --------------  -------------------  ----------------------
/opt/airflow/dags/DevSurveyDag.py                           1           0  0.17s           2025-05-19T21:22:27                      12
================================================================================
[2025-05-19T21:23:18.117+0000] {manager.py:997} INFO - 
================================================================================
DAG File Processing Stats

File Path                          PID    Runtime      # DAGs    # Errors  Last Runtime    Last Run               Last # of DB Queries
---------------------------------  -----  ---------  --------  ----------  --------------  -------------------  ----------------------
/opt/airflow/dags/DevSurveyDag.py                           1           0  0.29s           2025-05-19T21:22:58                      12
================================================================================
[2025-05-19T21:23:42.402+0000] {manager.py:821} INFO - Searching for files in /opt/airflow/dags
[2025-05-19T21:23:42.428+0000] {manager.py:824} INFO - There are 1 files in /opt/airflow/dags
[2025-05-19T21:23:48.485+0000] {manager.py:997} INFO - 
================================================================================
DAG File Processing Stats

File Path                          PID    Runtime      # DAGs    # Errors  Last Runtime    Last Run               Last # of DB Queries
---------------------------------  -----  ---------  --------  ----------  --------------  -------------------  ----------------------
/opt/airflow/dags/DevSurveyDag.py                           1           0  0.36s           2025-05-19T21:23:28                      12
================================================================================
[2025-05-19T21:24:18.871+0000] {manager.py:997} INFO - 
================================================================================
DAG File Processing Stats

File Path                          PID    Runtime      # DAGs    # Errors  Last Runtime    Last Run               Last # of DB Queries
---------------------------------  -----  ---------  --------  ----------  --------------  -------------------  ----------------------
/opt/airflow/dags/DevSurveyDag.py                           1           0  0.25s           2025-05-19T21:23:58                      12
================================================================================
[2025-05-19T21:24:49.143+0000] {manager.py:997} INFO - 
================================================================================
DAG File Processing Stats

File Path                          PID    Runtime      # DAGs    # Errors  Last Runtime    Last Run               Last # of DB Queries
---------------------------------  -----  ---------  --------  ----------  --------------  -------------------  ----------------------
/opt/airflow/dags/DevSurveyDag.py                           1           0  0.27s           2025-05-19T21:24:29                      12
================================================================================
[2025-05-19T21:25:19.568+0000] {manager.py:997} INFO - 
================================================================================
DAG File Processing Stats

File Path                          PID    Runtime      # DAGs    # Errors  Last Runtime    Last Run               Last # of DB Queries
---------------------------------  -----  ---------  --------  ----------  --------------  -------------------  ----------------------
/opt/airflow/dags/DevSurveyDag.py                           1           0  0.19s           2025-05-19T21:24:59                      12
================================================================================
[2025-05-19T21:25:49.960+0000] {manager.py:997} INFO - 
================================================================================
DAG File Processing Stats

File Path                          PID    Runtime      # DAGs    # Errors  Last Runtime    Last Run               Last # of DB Queries
---------------------------------  -----  ---------  --------  ----------  --------------  -------------------  ----------------------
/opt/airflow/dags/DevSurveyDag.py                           1           0  0.27s           2025-05-19T21:25:29                      12
================================================================================
[2025-05-19T21:26:20.270+0000] {manager.py:997} INFO - 
================================================================================
DAG File Processing Stats

File Path                          PID    Runtime      # DAGs    # Errors  Last Runtime    Last Run               Last # of DB Queries
---------------------------------  -----  ---------  --------  ----------  --------------  -------------------  ----------------------
/opt/airflow/dags/DevSurveyDag.py                           1           0  0.26s           2025-05-19T21:26:00                      12
================================================================================
[2025-05-19T21:26:50.625+0000] {manager.py:997} INFO - 
================================================================================
DAG File Processing Stats

File Path                          PID    Runtime      # DAGs    # Errors  Last Runtime    Last Run               Last # of DB Queries
---------------------------------  -----  ---------  --------  ----------  --------------  -------------------  ----------------------
/opt/airflow/dags/DevSurveyDag.py                           1           0  0.20s           2025-05-19T21:26:30                      12
================================================================================
[2025-05-19T21:27:20.932+0000] {manager.py:997} INFO - 
================================================================================
DAG File Processing Stats

File Path                          PID    Runtime      # DAGs    # Errors  Last Runtime    Last Run               Last # of DB Queries
---------------------------------  -----  ---------  --------  ----------  --------------  -------------------  ----------------------
/opt/airflow/dags/DevSurveyDag.py                           1           0  0.99s           2025-05-19T21:27:01                      12
================================================================================
[2025-05-19T21:27:51.146+0000] {manager.py:997} INFO - 
================================================================================
DAG File Processing Stats

File Path                          PID    Runtime      # DAGs    # Errors  Last Runtime    Last Run               Last # of DB Queries
---------------------------------  -----  ---------  --------  ----------  --------------  -------------------  ----------------------
/opt/airflow/dags/DevSurveyDag.py                           1           0  0.33s           2025-05-19T21:27:32                      12
================================================================================
[2025-05-19T21:28:21.640+0000] {manager.py:997} INFO - 
================================================================================
DAG File Processing Stats

File Path                          PID    Runtime      # DAGs    # Errors  Last Runtime    Last Run               Last # of DB Queries
---------------------------------  -----  ---------  --------  ----------  --------------  -------------------  ----------------------
/opt/airflow/dags/DevSurveyDag.py                           1           0  0.20s           2025-05-19T21:28:02                      12
================================================================================
[2025-05-19T21:28:42.952+0000] {manager.py:821} INFO - Searching for files in /opt/airflow/dags
[2025-05-19T21:28:42.984+0000] {manager.py:824} INFO - There are 1 files in /opt/airflow/dags
[2025-05-19T21:28:52.066+0000] {manager.py:997} INFO - 
================================================================================
DAG File Processing Stats

File Path                          PID    Runtime      # DAGs    # Errors  Last Runtime    Last Run               Last # of DB Queries
---------------------------------  -----  ---------  --------  ----------  --------------  -------------------  ----------------------
/opt/airflow/dags/DevSurveyDag.py                           1           0  0.21s           2025-05-19T21:28:33                      12
================================================================================
[2025-05-19T21:29:22.445+0000] {manager.py:997} INFO - 
================================================================================
DAG File Processing Stats

File Path                          PID    Runtime      # DAGs    # Errors  Last Runtime    Last Run               Last # of DB Queries
---------------------------------  -----  ---------  --------  ----------  --------------  -------------------  ----------------------
/opt/airflow/dags/DevSurveyDag.py                           1           0  0.22s           2025-05-19T21:29:03                      12
================================================================================
[2025-05-19T21:29:52.698+0000] {manager.py:997} INFO - 
================================================================================
DAG File Processing Stats

File Path                          PID    Runtime      # DAGs    # Errors  Last Runtime    Last Run               Last # of DB Queries
---------------------------------  -----  ---------  --------  ----------  --------------  -------------------  ----------------------
/opt/airflow/dags/DevSurveyDag.py                           1           0  0.34s           2025-05-19T21:29:33                      12
================================================================================
[2025-05-19T21:30:23.247+0000] {manager.py:997} INFO - 
================================================================================
DAG File Processing Stats

File Path                          PID    Runtime      # DAGs    # Errors  Last Runtime    Last Run               Last # of DB Queries
---------------------------------  -----  ---------  --------  ----------  --------------  -------------------  ----------------------
/opt/airflow/dags/DevSurveyDag.py                           1           0  0.26s           2025-05-19T21:30:04                      12
================================================================================
[2025-05-19T21:30:53.691+0000] {manager.py:997} INFO - 
================================================================================
DAG File Processing Stats

File Path                          PID    Runtime      # DAGs    # Errors  Last Runtime    Last Run               Last # of DB Queries
---------------------------------  -----  ---------  --------  ----------  --------------  -------------------  ----------------------
/opt/airflow/dags/DevSurveyDag.py                           1           0  0.26s           2025-05-19T21:30:34                      12
================================================================================
[2025-05-19T21:31:24.146+0000] {manager.py:997} INFO - 
================================================================================
DAG File Processing Stats

File Path                          PID    Runtime      # DAGs    # Errors  Last Runtime    Last Run               Last # of DB Queries
---------------------------------  -----  ---------  --------  ----------  --------------  -------------------  ----------------------
/opt/airflow/dags/DevSurveyDag.py                           1           0  0.23s           2025-05-19T21:31:05                      12
================================================================================
[2025-05-19T21:31:54.653+0000] {manager.py:997} INFO - 
================================================================================
DAG File Processing Stats

File Path                          PID    Runtime      # DAGs    # Errors  Last Runtime    Last Run               Last # of DB Queries
---------------------------------  -----  ---------  --------  ----------  --------------  -------------------  ----------------------
/opt/airflow/dags/DevSurveyDag.py                           1           0  0.40s           2025-05-19T21:31:35                      12
================================================================================
[2025-05-19T21:32:25.205+0000] {manager.py:997} INFO - 
================================================================================
DAG File Processing Stats

File Path                          PID    Runtime      # DAGs    # Errors  Last Runtime    Last Run               Last # of DB Queries
---------------------------------  -----  ---------  --------  ----------  --------------  -------------------  ----------------------
/opt/airflow/dags/DevSurveyDag.py                           1           0  0.17s           2025-05-19T21:32:06                      12
================================================================================
[2025-05-19T21:32:55.622+0000] {manager.py:997} INFO - 
================================================================================
DAG File Processing Stats

File Path                          PID    Runtime      # DAGs    # Errors  Last Runtime    Last Run               Last # of DB Queries
---------------------------------  -----  ---------  --------  ----------  --------------  -------------------  ----------------------
/opt/airflow/dags/DevSurveyDag.py                           1           0  0.34s           2025-05-19T21:32:36                      12
================================================================================
[2025-05-19T21:33:25.985+0000] {manager.py:997} INFO - 
================================================================================
DAG File Processing Stats

File Path                          PID    Runtime      # DAGs    # Errors  Last Runtime    Last Run               Last # of DB Queries
---------------------------------  -----  ---------  --------  ----------  --------------  -------------------  ----------------------
/opt/airflow/dags/DevSurveyDag.py                           1           0  0.23s           2025-05-19T21:33:06                      12
================================================================================
[2025-05-19T21:33:43.136+0000] {manager.py:821} INFO - Searching for files in /opt/airflow/dags
[2025-05-19T21:33:43.151+0000] {manager.py:824} INFO - There are 1 files in /opt/airflow/dags
[2025-05-19T21:33:56.255+0000] {manager.py:997} INFO - 
================================================================================
DAG File Processing Stats

File Path                          PID    Runtime      # DAGs    # Errors  Last Runtime    Last Run               Last # of DB Queries
---------------------------------  -----  ---------  --------  ----------  --------------  -------------------  ----------------------
/opt/airflow/dags/DevSurveyDag.py                           1           0  0.18s           2025-05-19T21:33:37                      12
================================================================================
[2025-05-19T21:34:26.553+0000] {manager.py:997} INFO - 
================================================================================
DAG File Processing Stats

File Path                          PID    Runtime      # DAGs    # Errors  Last Runtime    Last Run               Last # of DB Queries
---------------------------------  -----  ---------  --------  ----------  --------------  -------------------  ----------------------
/opt/airflow/dags/DevSurveyDag.py                           1           0  0.37s           2025-05-19T21:34:07                      12
================================================================================
[2025-05-19T21:34:57.047+0000] {manager.py:997} INFO - 
================================================================================
DAG File Processing Stats

File Path                          PID    Runtime      # DAGs    # Errors  Last Runtime    Last Run               Last # of DB Queries
---------------------------------  -----  ---------  --------  ----------  --------------  -------------------  ----------------------
/opt/airflow/dags/DevSurveyDag.py                           1           0  0.20s           2025-05-19T21:34:38                      12
================================================================================
[2025-05-19T21:35:27.252+0000] {manager.py:997} INFO - 
================================================================================
DAG File Processing Stats

File Path                          PID    Runtime      # DAGs    # Errors  Last Runtime    Last Run               Last # of DB Queries
---------------------------------  -----  ---------  --------  ----------  --------------  -------------------  ----------------------
/opt/airflow/dags/DevSurveyDag.py                           1           0  0.17s           2025-05-19T21:35:08                      12
================================================================================
[2025-05-19T21:35:57.590+0000] {manager.py:997} INFO - 
================================================================================
DAG File Processing Stats

File Path                          PID    Runtime      # DAGs    # Errors  Last Runtime    Last Run               Last # of DB Queries
---------------------------------  -----  ---------  --------  ----------  --------------  -------------------  ----------------------
/opt/airflow/dags/DevSurveyDag.py                           1           0  0.17s           2025-05-19T21:35:38                      12
================================================================================
[2025-05-19T21:36:27.823+0000] {manager.py:997} INFO - 
================================================================================
DAG File Processing Stats

File Path                          PID    Runtime      # DAGs    # Errors  Last Runtime    Last Run               Last # of DB Queries
---------------------------------  -----  ---------  --------  ----------  --------------  -------------------  ----------------------
/opt/airflow/dags/DevSurveyDag.py                           1           0  0.24s           2025-05-19T21:36:08                      12
================================================================================
[2025-05-19T21:36:58.215+0000] {manager.py:997} INFO - 
================================================================================
DAG File Processing Stats

File Path                          PID    Runtime      # DAGs    # Errors  Last Runtime    Last Run               Last # of DB Queries
---------------------------------  -----  ---------  --------  ----------  --------------  -------------------  ----------------------
/opt/airflow/dags/DevSurveyDag.py                           1           0  0.19s           2025-05-19T21:36:39                      12
================================================================================
[2025-05-19T21:37:28.589+0000] {manager.py:997} INFO - 
================================================================================
DAG File Processing Stats

File Path                          PID    Runtime      # DAGs    # Errors  Last Runtime    Last Run               Last # of DB Queries
---------------------------------  -----  ---------  --------  ----------  --------------  -------------------  ----------------------
/opt/airflow/dags/DevSurveyDag.py                           1           0  0.21s           2025-05-19T21:37:09                      12
================================================================================
[2025-05-19T21:37:59.008+0000] {manager.py:997} INFO - 
================================================================================
DAG File Processing Stats

File Path                          PID    Runtime      # DAGs    # Errors  Last Runtime    Last Run               Last # of DB Queries
---------------------------------  -----  ---------  --------  ----------  --------------  -------------------  ----------------------
/opt/airflow/dags/DevSurveyDag.py                           1           0  0.17s           2025-05-19T21:37:40                      12
================================================================================
[2025-05-19T21:38:29.335+0000] {manager.py:997} INFO - 
================================================================================
DAG File Processing Stats

File Path                          PID    Runtime      # DAGs    # Errors  Last Runtime    Last Run               Last # of DB Queries
---------------------------------  -----  ---------  --------  ----------  --------------  -------------------  ----------------------
/opt/airflow/dags/DevSurveyDag.py                           1           0  0.26s           2025-05-19T21:38:10                      12
================================================================================
[2025-05-19T21:38:43.532+0000] {manager.py:821} INFO - Searching for files in /opt/airflow/dags
[2025-05-19T21:38:43.547+0000] {manager.py:824} INFO - There are 1 files in /opt/airflow/dags
[2025-05-19T21:38:59.658+0000] {manager.py:997} INFO - 
================================================================================
DAG File Processing Stats

File Path                          PID    Runtime      # DAGs    # Errors  Last Runtime    Last Run               Last # of DB Queries
---------------------------------  -----  ---------  --------  ----------  --------------  -------------------  ----------------------
/opt/airflow/dags/DevSurveyDag.py                           1           0  0.37s           2025-05-19T21:38:40                      12
================================================================================
[2025-05-19T21:39:30.085+0000] {manager.py:997} INFO - 
================================================================================
DAG File Processing Stats

File Path                          PID    Runtime      # DAGs    # Errors  Last Runtime    Last Run               Last # of DB Queries
---------------------------------  -----  ---------  --------  ----------  --------------  -------------------  ----------------------
/opt/airflow/dags/DevSurveyDag.py                           1           0  0.18s           2025-05-19T21:39:11                      12
================================================================================
[2025-05-19T21:40:00.438+0000] {manager.py:997} INFO - 
================================================================================
DAG File Processing Stats

File Path                          PID    Runtime      # DAGs    # Errors  Last Runtime    Last Run               Last # of DB Queries
---------------------------------  -----  ---------  --------  ----------  --------------  -------------------  ----------------------
/opt/airflow/dags/DevSurveyDag.py                           1           0  0.22s           2025-05-19T21:39:41                      12
================================================================================
[2025-05-19T21:40:30.677+0000] {manager.py:997} INFO - 
================================================================================
DAG File Processing Stats

File Path                          PID    Runtime      # DAGs    # Errors  Last Runtime    Last Run               Last # of DB Queries
---------------------------------  -----  ---------  --------  ----------  --------------  -------------------  ----------------------
/opt/airflow/dags/DevSurveyDag.py                           1           0  0.21s           2025-05-19T21:40:11                      12
================================================================================
[2025-05-19T21:41:01.024+0000] {manager.py:997} INFO - 
================================================================================
DAG File Processing Stats

File Path                          PID    Runtime      # DAGs    # Errors  Last Runtime    Last Run               Last # of DB Queries
---------------------------------  -----  ---------  --------  ----------  --------------  -------------------  ----------------------
/opt/airflow/dags/DevSurveyDag.py                           1           0  0.19s           2025-05-19T21:40:41                      12
================================================================================
[2025-05-19T21:41:31.232+0000] {manager.py:997} INFO - 
================================================================================
DAG File Processing Stats

File Path                          PID    Runtime      # DAGs    # Errors  Last Runtime    Last Run               Last # of DB Queries
---------------------------------  -----  ---------  --------  ----------  --------------  -------------------  ----------------------
/opt/airflow/dags/DevSurveyDag.py                           1           0  0.16s           2025-05-19T21:41:12                      12
================================================================================
[2025-05-19T21:42:01.554+0000] {manager.py:997} INFO - 
================================================================================
DAG File Processing Stats

File Path                          PID    Runtime      # DAGs    # Errors  Last Runtime    Last Run               Last # of DB Queries
---------------------------------  -----  ---------  --------  ----------  --------------  -------------------  ----------------------
/opt/airflow/dags/DevSurveyDag.py                           1           0  0.24s           2025-05-19T21:41:42                      12
================================================================================
[2025-05-19T21:42:31.854+0000] {manager.py:997} INFO - 
================================================================================
DAG File Processing Stats

File Path                          PID    Runtime      # DAGs    # Errors  Last Runtime    Last Run               Last # of DB Queries
---------------------------------  -----  ---------  --------  ----------  --------------  -------------------  ----------------------
/opt/airflow/dags/DevSurveyDag.py                           1           0  0.15s           2025-05-19T21:42:12                      12
================================================================================
[2025-05-19T21:43:02.059+0000] {manager.py:997} INFO - 
================================================================================
DAG File Processing Stats

File Path                          PID    Runtime      # DAGs    # Errors  Last Runtime    Last Run               Last # of DB Queries
---------------------------------  -----  ---------  --------  ----------  --------------  -------------------  ----------------------
/opt/airflow/dags/DevSurveyDag.py                           1           0  0.15s           2025-05-19T21:42:43                      12
================================================================================
[2025-05-19T21:43:32.380+0000] {manager.py:997} INFO - 
================================================================================
DAG File Processing Stats

File Path                          PID    Runtime      # DAGs    # Errors  Last Runtime    Last Run               Last # of DB Queries
---------------------------------  -----  ---------  --------  ----------  --------------  -------------------  ----------------------
/opt/airflow/dags/DevSurveyDag.py                           1           0  0.22s           2025-05-19T21:43:13                      12
================================================================================
[2025-05-19T21:43:43.546+0000] {manager.py:821} INFO - Searching for files in /opt/airflow/dags
[2025-05-19T21:43:43.564+0000] {manager.py:824} INFO - There are 1 files in /opt/airflow/dags
[2025-05-19T21:44:02.729+0000] {manager.py:997} INFO - 
================================================================================
DAG File Processing Stats

File Path                          PID    Runtime      # DAGs    # Errors  Last Runtime    Last Run               Last # of DB Queries
---------------------------------  -----  ---------  --------  ----------  --------------  -------------------  ----------------------
/opt/airflow/dags/DevSurveyDag.py                           1           0  0.20s           2025-05-19T21:43:43                      12
================================================================================
[2025-05-19T21:44:32.998+0000] {manager.py:997} INFO - 
================================================================================
DAG File Processing Stats

File Path                          PID    Runtime      # DAGs    # Errors  Last Runtime    Last Run               Last # of DB Queries
---------------------------------  -----  ---------  --------  ----------  --------------  -------------------  ----------------------
/opt/airflow/dags/DevSurveyDag.py                           1           0  0.42s           2025-05-19T21:44:14                      12
================================================================================
[2025-05-19T21:45:03.631+0000] {manager.py:997} INFO - 
================================================================================
DAG File Processing Stats

File Path                          PID    Runtime      # DAGs    # Errors  Last Runtime    Last Run               Last # of DB Queries
---------------------------------  -----  ---------  --------  ----------  --------------  -------------------  ----------------------
/opt/airflow/dags/DevSurveyDag.py                           1           0  0.27s           2025-05-19T21:44:44                      12
================================================================================
[2025-05-19T21:45:34.125+0000] {manager.py:997} INFO - 
================================================================================
DAG File Processing Stats

File Path                          PID    Runtime      # DAGs    # Errors  Last Runtime    Last Run               Last # of DB Queries
---------------------------------  -----  ---------  --------  ----------  --------------  -------------------  ----------------------
/opt/airflow/dags/DevSurveyDag.py                           1           0  0.28s           2025-05-19T21:45:15                      12
================================================================================
[2025-05-19T21:46:04.645+0000] {manager.py:997} INFO - 
================================================================================
DAG File Processing Stats

File Path                          PID    Runtime      # DAGs    # Errors  Last Runtime    Last Run               Last # of DB Queries
---------------------------------  -----  ---------  --------  ----------  --------------  -------------------  ----------------------
/opt/airflow/dags/DevSurveyDag.py                           1           0  0.29s           2025-05-19T21:45:45                      12
================================================================================
[2025-05-19T21:46:35.116+0000] {manager.py:997} INFO - 
================================================================================
DAG File Processing Stats

File Path                          PID    Runtime      # DAGs    # Errors  Last Runtime    Last Run               Last # of DB Queries
---------------------------------  -----  ---------  --------  ----------  --------------  -------------------  ----------------------
/opt/airflow/dags/DevSurveyDag.py                           1           0  0.21s           2025-05-19T21:46:16                      12
================================================================================
[2025-05-19T21:47:05.509+0000] {manager.py:997} INFO - 
================================================================================
DAG File Processing Stats

File Path                          PID    Runtime      # DAGs    # Errors  Last Runtime    Last Run               Last # of DB Queries
---------------------------------  -----  ---------  --------  ----------  --------------  -------------------  ----------------------
/opt/airflow/dags/DevSurveyDag.py                           1           0  0.15s           2025-05-19T21:46:46                      12
================================================================================
[2025-05-19T21:47:35.823+0000] {manager.py:997} INFO - 
================================================================================
DAG File Processing Stats

File Path                          PID    Runtime      # DAGs    # Errors  Last Runtime    Last Run               Last # of DB Queries
---------------------------------  -----  ---------  --------  ----------  --------------  -------------------  ----------------------
/opt/airflow/dags/DevSurveyDag.py                           1           0  0.16s           2025-05-19T21:47:16                      12
================================================================================
[2025-05-19T21:48:06.392+0000] {manager.py:997} INFO - 
================================================================================
DAG File Processing Stats

File Path                          PID    Runtime      # DAGs    # Errors  Last Runtime    Last Run               Last # of DB Queries
---------------------------------  -----  ---------  --------  ----------  --------------  -------------------  ----------------------
/opt/airflow/dags/DevSurveyDag.py                           1           0  0.21s           2025-05-19T21:47:47                      12
================================================================================
[2025-05-19T21:48:36.643+0000] {manager.py:997} INFO - 
================================================================================
DAG File Processing Stats

File Path                          PID    Runtime      # DAGs    # Errors  Last Runtime    Last Run               Last # of DB Queries
---------------------------------  -----  ---------  --------  ----------  --------------  -------------------  ----------------------
/opt/airflow/dags/DevSurveyDag.py                           1           0  0.22s           2025-05-19T21:48:17                      12
================================================================================
[2025-05-19T21:48:43.698+0000] {manager.py:821} INFO - Searching for files in /opt/airflow/dags
[2025-05-19T21:48:43.741+0000] {manager.py:824} INFO - There are 1 files in /opt/airflow/dags
[2025-05-19T21:49:07.075+0000] {manager.py:997} INFO - 
================================================================================
DAG File Processing Stats

File Path                          PID    Runtime      # DAGs    # Errors  Last Runtime    Last Run               Last # of DB Queries
---------------------------------  -----  ---------  --------  ----------  --------------  -------------------  ----------------------
/opt/airflow/dags/DevSurveyDag.py                           1           0  0.25s           2025-05-19T21:48:48                      12
================================================================================
[2025-05-19T21:49:37.441+0000] {manager.py:997} INFO - 
================================================================================
DAG File Processing Stats

File Path                          PID    Runtime      # DAGs    # Errors  Last Runtime    Last Run               Last # of DB Queries
---------------------------------  -----  ---------  --------  ----------  --------------  -------------------  ----------------------
/opt/airflow/dags/DevSurveyDag.py                           1           0  0.31s           2025-05-19T21:49:18                      12
================================================================================
[2025-05-19T21:50:07.821+0000] {manager.py:997} INFO - 
================================================================================
DAG File Processing Stats

File Path                          PID    Runtime      # DAGs    # Errors  Last Runtime    Last Run               Last # of DB Queries
---------------------------------  -----  ---------  --------  ----------  --------------  -------------------  ----------------------
/opt/airflow/dags/DevSurveyDag.py                           1           0  0.26s           2025-05-19T21:49:48                      12
================================================================================
[2025-05-19T21:50:38.051+0000] {manager.py:997} INFO - 
================================================================================
DAG File Processing Stats

File Path                          PID    Runtime      # DAGs    # Errors  Last Runtime    Last Run               Last # of DB Queries
---------------------------------  -----  ---------  --------  ----------  --------------  -------------------  ----------------------
/opt/airflow/dags/DevSurveyDag.py                           1           0  0.16s           2025-05-19T21:50:19                      12
================================================================================
[2025-05-19T21:51:08.339+0000] {manager.py:997} INFO - 
================================================================================
DAG File Processing Stats

File Path                          PID    Runtime      # DAGs    # Errors  Last Runtime    Last Run               Last # of DB Queries
---------------------------------  -----  ---------  --------  ----------  --------------  -------------------  ----------------------
/opt/airflow/dags/DevSurveyDag.py                           1           0  0.15s           2025-05-19T21:50:49                      12
================================================================================
[2025-05-19T21:51:38.556+0000] {manager.py:997} INFO - 
================================================================================
DAG File Processing Stats

File Path                          PID    Runtime      # DAGs    # Errors  Last Runtime    Last Run               Last # of DB Queries
---------------------------------  -----  ---------  --------  ----------  --------------  -------------------  ----------------------
/opt/airflow/dags/DevSurveyDag.py                           1           0  0.17s           2025-05-19T21:51:19                      12
================================================================================
[2025-05-19T21:52:08.871+0000] {manager.py:997} INFO - 
================================================================================
DAG File Processing Stats

File Path                          PID    Runtime      # DAGs    # Errors  Last Runtime    Last Run               Last # of DB Queries
---------------------------------  -----  ---------  --------  ----------  --------------  -------------------  ----------------------
/opt/airflow/dags/DevSurveyDag.py                           1           0  4.34s           2025-05-19T21:51:53                      12
================================================================================
[2025-05-19T21:52:39.261+0000] {manager.py:997} INFO - 
================================================================================
DAG File Processing Stats

File Path                          PID    Runtime      # DAGs    # Errors  Last Runtime    Last Run               Last # of DB Queries
---------------------------------  -----  ---------  --------  ----------  --------------  -------------------  ----------------------
/opt/airflow/dags/DevSurveyDag.py                           1           0  0.16s           2025-05-19T21:52:24                      12
================================================================================
[2025-05-19T21:53:09.595+0000] {manager.py:997} INFO - 
================================================================================
DAG File Processing Stats

File Path                          PID    Runtime      # DAGs    # Errors  Last Runtime    Last Run               Last # of DB Queries
---------------------------------  -----  ---------  --------  ----------  --------------  -------------------  ----------------------
/opt/airflow/dags/DevSurveyDag.py                           1           0  0.19s           2025-05-19T21:52:54                      12
================================================================================
[2025-05-19T21:53:39.895+0000] {manager.py:997} INFO - 
================================================================================
DAG File Processing Stats

File Path                          PID    Runtime      # DAGs    # Errors  Last Runtime    Last Run               Last # of DB Queries
---------------------------------  -----  ---------  --------  ----------  --------------  -------------------  ----------------------
/opt/airflow/dags/DevSurveyDag.py                           1           0  0.25s           2025-05-19T21:53:24                      12
================================================================================
[2025-05-19T21:53:43.928+0000] {manager.py:821} INFO - Searching for files in /opt/airflow/dags
[2025-05-19T21:53:43.959+0000] {manager.py:824} INFO - There are 1 files in /opt/airflow/dags
[2025-05-19T22:03:24.834+0000] {manager.py:821} INFO - Searching for files in /opt/airflow/dags
[2025-05-19T22:03:25.850+0000] {manager.py:824} INFO - There are 1 files in /opt/airflow/dags
[2025-05-19T22:03:38.095+0000] {manager.py:997} INFO - 
================================================================================
DAG File Processing Stats

File Path                          PID    Runtime      # DAGs    # Errors  Last Runtime    Last Run               Last # of DB Queries
---------------------------------  -----  ---------  --------  ----------  --------------  -------------------  ----------------------
/opt/airflow/dags/DevSurveyDag.py                           1           0  0.81s           2025-05-19T22:03:26                      12
================================================================================
[2025-05-19T22:04:08.387+0000] {manager.py:997} INFO - 
================================================================================
DAG File Processing Stats

File Path                          PID    Runtime      # DAGs    # Errors  Last Runtime    Last Run               Last # of DB Queries
---------------------------------  -----  ---------  --------  ----------  --------------  -------------------  ----------------------
/opt/airflow/dags/DevSurveyDag.py                           1           0  0.22s           2025-05-19T22:03:57                      12
================================================================================
[2025-05-19T22:04:38.687+0000] {manager.py:997} INFO - 
================================================================================
DAG File Processing Stats

File Path                          PID    Runtime      # DAGs    # Errors  Last Runtime    Last Run               Last # of DB Queries
---------------------------------  -----  ---------  --------  ----------  --------------  -------------------  ----------------------
/opt/airflow/dags/DevSurveyDag.py                           1           0  0.16s           2025-05-19T22:04:27                      12
================================================================================
[2025-05-19T22:05:08.907+0000] {manager.py:997} INFO - 
================================================================================
DAG File Processing Stats

File Path                          PID    Runtime      # DAGs    # Errors  Last Runtime    Last Run               Last # of DB Queries
---------------------------------  -----  ---------  --------  ----------  --------------  -------------------  ----------------------
/opt/airflow/dags/DevSurveyDag.py                           1           0  0.21s           2025-05-19T22:04:58                      12
================================================================================
[2025-05-19T22:05:39.279+0000] {manager.py:997} INFO - 
================================================================================
DAG File Processing Stats

File Path                          PID    Runtime      # DAGs    # Errors  Last Runtime    Last Run               Last # of DB Queries
---------------------------------  -----  ---------  --------  ----------  --------------  -------------------  ----------------------
/opt/airflow/dags/DevSurveyDag.py                           1           0  0.18s           2025-05-19T22:05:28                      12
================================================================================
[2025-05-19T22:06:09.627+0000] {manager.py:997} INFO - 
================================================================================
DAG File Processing Stats

File Path                          PID    Runtime      # DAGs    # Errors  Last Runtime    Last Run               Last # of DB Queries
---------------------------------  -----  ---------  --------  ----------  --------------  -------------------  ----------------------
/opt/airflow/dags/DevSurveyDag.py                           1           0  0.17s           2025-05-19T22:05:58                      12
================================================================================
[2025-05-19T22:06:39.831+0000] {manager.py:997} INFO - 
================================================================================
DAG File Processing Stats

File Path                          PID    Runtime      # DAGs    # Errors  Last Runtime    Last Run               Last # of DB Queries
---------------------------------  -----  ---------  --------  ----------  --------------  -------------------  ----------------------
/opt/airflow/dags/DevSurveyDag.py                           1           0  0.15s           2025-05-19T22:06:28                      12
================================================================================
[2025-05-19T22:07:10.140+0000] {manager.py:997} INFO - 
================================================================================
DAG File Processing Stats

File Path                          PID    Runtime      # DAGs    # Errors  Last Runtime    Last Run               Last # of DB Queries
---------------------------------  -----  ---------  --------  ----------  --------------  -------------------  ----------------------
/opt/airflow/dags/DevSurveyDag.py                           1           0  0.18s           2025-05-19T22:06:59                      12
================================================================================
[2025-05-19T22:07:40.369+0000] {manager.py:997} INFO - 
================================================================================
DAG File Processing Stats

File Path                          PID    Runtime      # DAGs    # Errors  Last Runtime    Last Run               Last # of DB Queries
---------------------------------  -----  ---------  --------  ----------  --------------  -------------------  ----------------------
/opt/airflow/dags/DevSurveyDag.py                           1           0  0.15s           2025-05-19T22:07:29                      12
================================================================================
[2025-05-19T22:08:10.654+0000] {manager.py:997} INFO - 
================================================================================
DAG File Processing Stats

File Path                          PID    Runtime      # DAGs    # Errors  Last Runtime    Last Run               Last # of DB Queries
---------------------------------  -----  ---------  --------  ----------  --------------  -------------------  ----------------------
/opt/airflow/dags/DevSurveyDag.py                           1           0  0.29s           2025-05-19T22:07:59                      12
================================================================================
[2025-05-19T22:08:24.923+0000] {manager.py:821} INFO - Searching for files in /opt/airflow/dags
[2025-05-19T22:08:24.939+0000] {manager.py:824} INFO - There are 1 files in /opt/airflow/dags
[2025-05-19T22:08:41.062+0000] {manager.py:997} INFO - 
================================================================================
DAG File Processing Stats

File Path                          PID    Runtime      # DAGs    # Errors  Last Runtime    Last Run               Last # of DB Queries
---------------------------------  -----  ---------  --------  ----------  --------------  -------------------  ----------------------
/opt/airflow/dags/DevSurveyDag.py                           1           0  0.27s           2025-05-19T22:08:30                      12
================================================================================
[2025-05-19T22:09:11.536+0000] {manager.py:997} INFO - 
================================================================================
DAG File Processing Stats

File Path                          PID    Runtime      # DAGs    # Errors  Last Runtime    Last Run               Last # of DB Queries
---------------------------------  -----  ---------  --------  ----------  --------------  -------------------  ----------------------
/opt/airflow/dags/DevSurveyDag.py                           1           0  0.23s           2025-05-19T22:09:00                      12
================================================================================
[2025-05-19T22:09:41.948+0000] {manager.py:997} INFO - 
================================================================================
DAG File Processing Stats

File Path                          PID    Runtime      # DAGs    # Errors  Last Runtime    Last Run               Last # of DB Queries
---------------------------------  -----  ---------  --------  ----------  --------------  -------------------  ----------------------
/opt/airflow/dags/DevSurveyDag.py                           1           0  0.24s           2025-05-19T22:09:31                      12
================================================================================
[2025-05-19T22:10:12.414+0000] {manager.py:997} INFO - 
================================================================================
DAG File Processing Stats

File Path                          PID    Runtime      # DAGs    # Errors  Last Runtime    Last Run               Last # of DB Queries
---------------------------------  -----  ---------  --------  ----------  --------------  -------------------  ----------------------
/opt/airflow/dags/DevSurveyDag.py                           1           0  0.34s           2025-05-19T22:10:01                      12
================================================================================
[2025-05-19T22:10:42.973+0000] {manager.py:997} INFO - 
================================================================================
DAG File Processing Stats

File Path                          PID    Runtime      # DAGs    # Errors  Last Runtime    Last Run               Last # of DB Queries
---------------------------------  -----  ---------  --------  ----------  --------------  -------------------  ----------------------
/opt/airflow/dags/DevSurveyDag.py                           1           0  0.29s           2025-05-19T22:10:32                      12
================================================================================
[2025-05-19T22:11:13.502+0000] {manager.py:997} INFO - 
================================================================================
DAG File Processing Stats

File Path                          PID    Runtime      # DAGs    # Errors  Last Runtime    Last Run               Last # of DB Queries
---------------------------------  -----  ---------  --------  ----------  --------------  -------------------  ----------------------
/opt/airflow/dags/DevSurveyDag.py                           1           0  0.35s           2025-05-19T22:11:02                      12
================================================================================
[2025-05-19T22:11:43.526+0000] {manager.py:997} INFO - 
================================================================================
DAG File Processing Stats

File Path                          PID    Runtime      # DAGs    # Errors  Last Runtime    Last Run               Last # of DB Queries
---------------------------------  -----  ---------  --------  ----------  --------------  -------------------  ----------------------
/opt/airflow/dags/DevSurveyDag.py                           1           0  0.43s           2025-05-19T22:11:33                      12
================================================================================
[2025-05-19T22:12:13.764+0000] {manager.py:997} INFO - 
================================================================================
DAG File Processing Stats

File Path                          PID    Runtime      # DAGs    # Errors  Last Runtime    Last Run               Last # of DB Queries
---------------------------------  -----  ---------  --------  ----------  --------------  -------------------  ----------------------
/opt/airflow/dags/DevSurveyDag.py                           1           0  1.06s           2025-05-19T22:12:04                      12
================================================================================
[2025-05-19T22:12:43.995+0000] {manager.py:997} INFO - 
================================================================================
DAG File Processing Stats

File Path                          PID    Runtime      # DAGs    # Errors  Last Runtime    Last Run               Last # of DB Queries
---------------------------------  -----  ---------  --------  ----------  --------------  -------------------  ----------------------
/opt/airflow/dags/DevSurveyDag.py                           1           0  0.22s           2025-05-19T22:12:35                      12
================================================================================
[2025-05-19T22:13:14.439+0000] {manager.py:997} INFO - 
================================================================================
DAG File Processing Stats

File Path                          PID    Runtime      # DAGs    # Errors  Last Runtime    Last Run               Last # of DB Queries
---------------------------------  -----  ---------  --------  ----------  --------------  -------------------  ----------------------
/opt/airflow/dags/DevSurveyDag.py                           1           0  0.38s           2025-05-19T22:13:05                      12
================================================================================
[2025-05-19T22:13:25.541+0000] {manager.py:821} INFO - Searching for files in /opt/airflow/dags
[2025-05-19T22:13:25.570+0000] {manager.py:824} INFO - There are 1 files in /opt/airflow/dags
[2025-05-19T22:13:44.934+0000] {manager.py:997} INFO - 
================================================================================
DAG File Processing Stats

File Path                          PID    Runtime      # DAGs    # Errors  Last Runtime    Last Run               Last # of DB Queries
---------------------------------  -----  ---------  --------  ----------  --------------  -------------------  ----------------------
/opt/airflow/dags/DevSurveyDag.py                           1           0  0.40s           2025-05-19T22:13:36                      12
================================================================================
[2025-05-19T22:14:15.486+0000] {manager.py:997} INFO - 
================================================================================
DAG File Processing Stats

File Path                          PID    Runtime      # DAGs    # Errors  Last Runtime    Last Run               Last # of DB Queries
---------------------------------  -----  ---------  --------  ----------  --------------  -------------------  ----------------------
/opt/airflow/dags/DevSurveyDag.py                           1           0  0.38s           2025-05-19T22:14:06                      12
================================================================================
[2025-05-19T22:14:45.869+0000] {manager.py:997} INFO - 
================================================================================
DAG File Processing Stats

File Path                          PID    Runtime      # DAGs    # Errors  Last Runtime    Last Run               Last # of DB Queries
---------------------------------  -----  ---------  --------  ----------  --------------  -------------------  ----------------------
/opt/airflow/dags/DevSurveyDag.py                           1           0  0.30s           2025-05-19T22:14:36                      12
================================================================================
[2025-05-19T22:15:16.333+0000] {manager.py:997} INFO - 
================================================================================
DAG File Processing Stats

File Path                          PID    Runtime      # DAGs    # Errors  Last Runtime    Last Run               Last # of DB Queries
---------------------------------  -----  ---------  --------  ----------  --------------  -------------------  ----------------------
/opt/airflow/dags/DevSurveyDag.py                           1           0  0.33s           2025-05-19T22:15:07                      12
================================================================================
[2025-05-19T22:15:46.758+0000] {manager.py:997} INFO - 
================================================================================
DAG File Processing Stats

File Path                          PID    Runtime      # DAGs    # Errors  Last Runtime    Last Run               Last # of DB Queries
---------------------------------  -----  ---------  --------  ----------  --------------  -------------------  ----------------------
/opt/airflow/dags/DevSurveyDag.py                           1           0  0.40s           2025-05-19T22:15:37                      12
================================================================================
[2025-05-19T22:16:17.319+0000] {manager.py:997} INFO - 
================================================================================
DAG File Processing Stats

File Path                          PID    Runtime      # DAGs    # Errors  Last Runtime    Last Run               Last # of DB Queries
---------------------------------  -----  ---------  --------  ----------  --------------  -------------------  ----------------------
/opt/airflow/dags/DevSurveyDag.py                           1           0  0.20s           2025-05-19T22:16:08                      12
================================================================================
[2025-05-19T22:16:47.746+0000] {manager.py:997} INFO - 
================================================================================
DAG File Processing Stats

File Path                          PID    Runtime      # DAGs    # Errors  Last Runtime    Last Run               Last # of DB Queries
---------------------------------  -----  ---------  --------  ----------  --------------  -------------------  ----------------------
/opt/airflow/dags/DevSurveyDag.py                           1           0  0.32s           2025-05-19T22:16:38                      12
================================================================================
[2025-05-19T22:17:18.079+0000] {manager.py:997} INFO - 
================================================================================
DAG File Processing Stats

File Path                          PID    Runtime      # DAGs    # Errors  Last Runtime    Last Run               Last # of DB Queries
---------------------------------  -----  ---------  --------  ----------  --------------  -------------------  ----------------------
/opt/airflow/dags/DevSurveyDag.py                           1           0  0.18s           2025-05-19T22:17:09                      12
================================================================================
[2025-05-19T22:17:48.313+0000] {manager.py:997} INFO - 
================================================================================
DAG File Processing Stats

File Path                          PID    Runtime      # DAGs    # Errors  Last Runtime    Last Run               Last # of DB Queries
---------------------------------  -----  ---------  --------  ----------  --------------  -------------------  ----------------------
/opt/airflow/dags/DevSurveyDag.py                           1           0  0.66s           2025-05-19T22:17:39                      12
================================================================================
[2025-05-19T22:18:18.558+0000] {manager.py:997} INFO - 
================================================================================
DAG File Processing Stats

File Path                          PID    Runtime      # DAGs    # Errors  Last Runtime    Last Run               Last # of DB Queries
---------------------------------  -----  ---------  --------  ----------  --------------  -------------------  ----------------------
/opt/airflow/dags/DevSurveyDag.py                           1           0  0.69s           2025-05-19T22:18:10                      12
================================================================================
[2025-05-19T22:18:25.638+0000] {manager.py:821} INFO - Searching for files in /opt/airflow/dags
[2025-05-19T22:18:25.674+0000] {manager.py:824} INFO - There are 1 files in /opt/airflow/dags
[2025-05-19T22:18:48.955+0000] {manager.py:997} INFO - 
================================================================================
DAG File Processing Stats

File Path                          PID    Runtime      # DAGs    # Errors  Last Runtime    Last Run               Last # of DB Queries
---------------------------------  -----  ---------  --------  ----------  --------------  -------------------  ----------------------
/opt/airflow/dags/DevSurveyDag.py                           1           0  0.94s           2025-05-19T22:18:41                      12
================================================================================
[2025-05-19T22:19:19.231+0000] {manager.py:997} INFO - 
================================================================================
DAG File Processing Stats

File Path                          PID    Runtime      # DAGs    # Errors  Last Runtime    Last Run               Last # of DB Queries
---------------------------------  -----  ---------  --------  ----------  --------------  -------------------  ----------------------
/opt/airflow/dags/DevSurveyDag.py                           1           0  0.23s           2025-05-19T22:19:12                      12
================================================================================
[2025-05-19T22:19:49.639+0000] {manager.py:997} INFO - 
================================================================================
DAG File Processing Stats

File Path                          PID    Runtime      # DAGs    # Errors  Last Runtime    Last Run               Last # of DB Queries
---------------------------------  -----  ---------  --------  ----------  --------------  -------------------  ----------------------
/opt/airflow/dags/DevSurveyDag.py                           1           0  0.25s           2025-05-19T22:19:42                      12
================================================================================
[2025-05-19T22:20:19.839+0000] {manager.py:997} INFO - 
================================================================================
DAG File Processing Stats

File Path                          PID    Runtime      # DAGs    # Errors  Last Runtime    Last Run               Last # of DB Queries
---------------------------------  -----  ---------  --------  ----------  --------------  -------------------  ----------------------
/opt/airflow/dags/DevSurveyDag.py                           1           0  0.80s           2025-05-19T22:20:13                      12
================================================================================
[2025-05-19T22:20:50.070+0000] {manager.py:997} INFO - 
================================================================================
DAG File Processing Stats

File Path                          PID    Runtime      # DAGs    # Errors  Last Runtime    Last Run               Last # of DB Queries
---------------------------------  -----  ---------  --------  ----------  --------------  -------------------  ----------------------
/opt/airflow/dags/DevSurveyDag.py                           1           0  0.21s           2025-05-19T22:20:44                      12
================================================================================
[2025-05-19T22:21:20.502+0000] {manager.py:997} INFO - 
================================================================================
DAG File Processing Stats

File Path                          PID    Runtime      # DAGs    # Errors  Last Runtime    Last Run               Last # of DB Queries
---------------------------------  -----  ---------  --------  ----------  --------------  -------------------  ----------------------
/opt/airflow/dags/DevSurveyDag.py                           1           0  0.28s           2025-05-19T22:21:14                      12
================================================================================
[2025-05-19T22:21:50.837+0000] {manager.py:997} INFO - 
================================================================================
DAG File Processing Stats

File Path                          PID    Runtime      # DAGs    # Errors  Last Runtime    Last Run               Last # of DB Queries
---------------------------------  -----  ---------  --------  ----------  --------------  -------------------  ----------------------
/opt/airflow/dags/DevSurveyDag.py                           1           0  0.24s           2025-05-19T22:21:44                      12
================================================================================
[2025-05-19T22:22:21.248+0000] {manager.py:997} INFO - 
================================================================================
DAG File Processing Stats

File Path                          PID    Runtime      # DAGs    # Errors  Last Runtime    Last Run               Last # of DB Queries
---------------------------------  -----  ---------  --------  ----------  --------------  -------------------  ----------------------
/opt/airflow/dags/DevSurveyDag.py                           1           0  0.25s           2025-05-19T22:22:15                      12
================================================================================
[2025-05-19T22:22:51.560+0000] {manager.py:997} INFO - 
================================================================================
DAG File Processing Stats

File Path                          PID    Runtime      # DAGs    # Errors  Last Runtime    Last Run               Last # of DB Queries
---------------------------------  -----  ---------  --------  ----------  --------------  -------------------  ----------------------
/opt/airflow/dags/DevSurveyDag.py                           1           0  0.28s           2025-05-19T22:22:45                      12
================================================================================
[2025-05-19T22:23:22.005+0000] {manager.py:997} INFO - 
================================================================================
DAG File Processing Stats

File Path                          PID    Runtime      # DAGs    # Errors  Last Runtime    Last Run               Last # of DB Queries
---------------------------------  -----  ---------  --------  ----------  --------------  -------------------  ----------------------
/opt/airflow/dags/DevSurveyDag.py                           1           0  0.54s           2025-05-19T22:23:16                      12
================================================================================
[2025-05-19T22:23:26.030+0000] {manager.py:821} INFO - Searching for files in /opt/airflow/dags
[2025-05-19T22:23:26.049+0000] {manager.py:824} INFO - There are 1 files in /opt/airflow/dags
[2025-05-19T22:23:52.007+0000] {manager.py:997} INFO - 
================================================================================
DAG File Processing Stats

File Path                          PID    Runtime      # DAGs    # Errors  Last Runtime    Last Run               Last # of DB Queries
---------------------------------  -----  ---------  --------  ----------  --------------  -------------------  ----------------------
/opt/airflow/dags/DevSurveyDag.py                           1           0  0.24s           2025-05-19T22:23:46                      12
================================================================================
[2025-05-19T22:24:22.209+0000] {manager.py:997} INFO - 
================================================================================
DAG File Processing Stats

File Path                          PID    Runtime      # DAGs    # Errors  Last Runtime    Last Run               Last # of DB Queries
---------------------------------  -----  ---------  --------  ----------  --------------  -------------------  ----------------------
/opt/airflow/dags/DevSurveyDag.py                           1           0  0.24s           2025-05-19T22:24:17                      12
================================================================================
[2025-05-19T22:24:52.648+0000] {manager.py:997} INFO - 
================================================================================
DAG File Processing Stats

File Path                          PID    Runtime      # DAGs    # Errors  Last Runtime    Last Run               Last # of DB Queries
---------------------------------  -----  ---------  --------  ----------  --------------  -------------------  ----------------------
/opt/airflow/dags/DevSurveyDag.py                           1           0  0.21s           2025-05-19T22:24:47                      12
================================================================================
[2025-05-19T22:25:23.055+0000] {manager.py:997} INFO - 
================================================================================
DAG File Processing Stats

File Path                          PID    Runtime      # DAGs    # Errors  Last Runtime    Last Run               Last # of DB Queries
---------------------------------  -----  ---------  --------  ----------  --------------  -------------------  ----------------------
/opt/airflow/dags/DevSurveyDag.py                           1           0  0.20s           2025-05-19T22:25:18                      12
================================================================================
[2025-05-19T22:25:53.445+0000] {manager.py:997} INFO - 
================================================================================
DAG File Processing Stats

File Path                          PID    Runtime      # DAGs    # Errors  Last Runtime    Last Run               Last # of DB Queries
---------------------------------  -----  ---------  --------  ----------  --------------  -------------------  ----------------------
/opt/airflow/dags/DevSurveyDag.py                           1           0  0.50s           2025-05-19T22:25:48                      12
================================================================================
[2025-05-19T22:26:24.145+0000] {manager.py:997} INFO - 
================================================================================
DAG File Processing Stats

File Path                          PID    Runtime      # DAGs    # Errors  Last Runtime    Last Run               Last # of DB Queries
---------------------------------  -----  ---------  --------  ----------  --------------  -------------------  ----------------------
/opt/airflow/dags/DevSurveyDag.py                           1           0  0.22s           2025-05-19T22:26:19                      12
================================================================================
[2025-05-19T22:26:54.553+0000] {manager.py:997} INFO - 
================================================================================
DAG File Processing Stats

File Path                          PID    Runtime      # DAGs    # Errors  Last Runtime    Last Run               Last # of DB Queries
---------------------------------  -----  ---------  --------  ----------  --------------  -------------------  ----------------------
/opt/airflow/dags/DevSurveyDag.py                           1           0  0.19s           2025-05-19T22:26:49                      12
================================================================================
[2025-05-19T22:27:24.925+0000] {manager.py:997} INFO - 
================================================================================
DAG File Processing Stats

File Path                          PID    Runtime      # DAGs    # Errors  Last Runtime    Last Run               Last # of DB Queries
---------------------------------  -----  ---------  --------  ----------  --------------  -------------------  ----------------------
/opt/airflow/dags/DevSurveyDag.py                           1           0  0.22s           2025-05-19T22:27:19                      12
================================================================================
[2025-05-19T22:27:55.159+0000] {manager.py:997} INFO - 
================================================================================
DAG File Processing Stats

File Path                          PID    Runtime      # DAGs    # Errors  Last Runtime    Last Run               Last # of DB Queries
---------------------------------  -----  ---------  --------  ----------  --------------  -------------------  ----------------------
/opt/airflow/dags/DevSurveyDag.py                           1           0  0.26s           2025-05-19T22:27:50                      12
================================================================================
[2025-05-19T22:28:25.613+0000] {manager.py:997} INFO - 
================================================================================
DAG File Processing Stats

File Path                          PID    Runtime      # DAGs    # Errors  Last Runtime    Last Run               Last # of DB Queries
---------------------------------  -----  ---------  --------  ----------  --------------  -------------------  ----------------------
/opt/airflow/dags/DevSurveyDag.py                           1           0  1.25s           2025-05-19T22:28:21                      12
================================================================================
[2025-05-19T22:28:26.620+0000] {manager.py:821} INFO - Searching for files in /opt/airflow/dags
[2025-05-19T22:28:26.661+0000] {manager.py:824} INFO - There are 1 files in /opt/airflow/dags
[2025-05-19T22:28:56.019+0000] {manager.py:997} INFO - 
================================================================================
DAG File Processing Stats

File Path                          PID    Runtime      # DAGs    # Errors  Last Runtime    Last Run               Last # of DB Queries
---------------------------------  -----  ---------  --------  ----------  --------------  -------------------  ----------------------
/opt/airflow/dags/DevSurveyDag.py                           1           0  0.52s           2025-05-19T22:28:52                      12
================================================================================
[2025-05-19T22:29:26.717+0000] {manager.py:997} INFO - 
================================================================================
DAG File Processing Stats

File Path                          PID    Runtime      # DAGs    # Errors  Last Runtime    Last Run               Last # of DB Queries
---------------------------------  -----  ---------  --------  ----------  --------------  -------------------  ----------------------
/opt/airflow/dags/DevSurveyDag.py                           1           0  0.32s           2025-05-19T22:29:22                      12
================================================================================
[2025-05-19T22:29:57.233+0000] {manager.py:997} INFO - 
================================================================================
DAG File Processing Stats

File Path                          PID    Runtime      # DAGs    # Errors  Last Runtime    Last Run               Last # of DB Queries
---------------------------------  -----  ---------  --------  ----------  --------------  -------------------  ----------------------
/opt/airflow/dags/DevSurveyDag.py                           1           0  0.23s           2025-05-19T22:29:53                      12
================================================================================
[2025-05-19T22:30:27.665+0000] {manager.py:997} INFO - 
================================================================================
DAG File Processing Stats

File Path                          PID    Runtime      # DAGs    # Errors  Last Runtime    Last Run               Last # of DB Queries
---------------------------------  -----  ---------  --------  ----------  --------------  -------------------  ----------------------
/opt/airflow/dags/DevSurveyDag.py                           1           0  0.35s           2025-05-19T22:30:23                      12
================================================================================
[2025-05-19T22:30:58.221+0000] {manager.py:997} INFO - 
================================================================================
DAG File Processing Stats

File Path                          PID    Runtime      # DAGs    # Errors  Last Runtime    Last Run               Last # of DB Queries
---------------------------------  -----  ---------  --------  ----------  --------------  -------------------  ----------------------
/opt/airflow/dags/DevSurveyDag.py                           1           0  0.23s           2025-05-19T22:30:54                      12
================================================================================
[2025-05-19T22:31:28.639+0000] {manager.py:997} INFO - 
================================================================================
DAG File Processing Stats

File Path                          PID    Runtime      # DAGs    # Errors  Last Runtime    Last Run               Last # of DB Queries
---------------------------------  -----  ---------  --------  ----------  --------------  -------------------  ----------------------
/opt/airflow/dags/DevSurveyDag.py                           1           0  0.54s           2025-05-19T22:31:25                      12
================================================================================
[2025-05-19T22:31:59.394+0000] {manager.py:997} INFO - 
================================================================================
DAG File Processing Stats

File Path                          PID    Runtime      # DAGs    # Errors  Last Runtime    Last Run               Last # of DB Queries
---------------------------------  -----  ---------  --------  ----------  --------------  -------------------  ----------------------
/opt/airflow/dags/DevSurveyDag.py                           1           0  0.23s           2025-05-19T22:31:55                      12
================================================================================
[2025-05-19T22:32:29.832+0000] {manager.py:997} INFO - 
================================================================================
DAG File Processing Stats

File Path                          PID    Runtime      # DAGs    # Errors  Last Runtime    Last Run               Last # of DB Queries
---------------------------------  -----  ---------  --------  ----------  --------------  -------------------  ----------------------
/opt/airflow/dags/DevSurveyDag.py                           1           0  0.28s           2025-05-19T22:32:26                      12
================================================================================
[2025-05-19T22:33:00.318+0000] {manager.py:997} INFO - 
================================================================================
DAG File Processing Stats

File Path                          PID    Runtime      # DAGs    # Errors  Last Runtime    Last Run               Last # of DB Queries
---------------------------------  -----  ---------  --------  ----------  --------------  -------------------  ----------------------
/opt/airflow/dags/DevSurveyDag.py                           1           0  0.21s           2025-05-19T22:32:56                      12
================================================================================
[2025-05-19T22:33:26.689+0000] {manager.py:821} INFO - Searching for files in /opt/airflow/dags
[2025-05-19T22:33:26.713+0000] {manager.py:824} INFO - There are 1 files in /opt/airflow/dags
[2025-05-19T22:33:30.769+0000] {manager.py:997} INFO - 
================================================================================
DAG File Processing Stats

File Path                          PID    Runtime      # DAGs    # Errors  Last Runtime    Last Run               Last # of DB Queries
---------------------------------  -----  ---------  --------  ----------  --------------  -------------------  ----------------------
/opt/airflow/dags/DevSurveyDag.py                           1           0  0.23s           2025-05-19T22:33:26                      12
================================================================================
[2025-05-19T22:34:01.038+0000] {manager.py:997} INFO - 
================================================================================
DAG File Processing Stats

File Path                          PID    Runtime      # DAGs    # Errors  Last Runtime    Last Run               Last # of DB Queries
---------------------------------  -----  ---------  --------  ----------  --------------  -------------------  ----------------------
/opt/airflow/dags/DevSurveyDag.py                           1           0  0.75s           2025-05-19T22:33:57                      12
================================================================================
[2025-05-19T22:34:31.236+0000] {manager.py:997} INFO - 
================================================================================
DAG File Processing Stats

File Path                          PID    Runtime      # DAGs    # Errors  Last Runtime    Last Run               Last # of DB Queries
---------------------------------  -----  ---------  --------  ----------  --------------  -------------------  ----------------------
/opt/airflow/dags/DevSurveyDag.py                           1           0  0.59s           2025-05-19T22:34:28                      12
================================================================================
[2025-05-19T22:35:01.786+0000] {manager.py:997} INFO - 
================================================================================
DAG File Processing Stats

File Path                          PID    Runtime      # DAGs    # Errors  Last Runtime    Last Run               Last # of DB Queries
---------------------------------  -----  ---------  --------  ----------  --------------  -------------------  ----------------------
/opt/airflow/dags/DevSurveyDag.py                           1           0  0.25s           2025-05-19T22:34:59                      12
================================================================================
[2025-05-19T22:35:32.239+0000] {manager.py:997} INFO - 
================================================================================
DAG File Processing Stats

File Path                          PID    Runtime      # DAGs    # Errors  Last Runtime    Last Run               Last # of DB Queries
---------------------------------  -----  ---------  --------  ----------  --------------  -------------------  ----------------------
/opt/airflow/dags/DevSurveyDag.py                           1           0  0.28s           2025-05-19T22:35:29                      12
================================================================================
[2025-05-19T22:36:02.735+0000] {manager.py:997} INFO - 
================================================================================
DAG File Processing Stats

File Path                          PID    Runtime      # DAGs    # Errors  Last Runtime    Last Run               Last # of DB Queries
---------------------------------  -----  ---------  --------  ----------  --------------  -------------------  ----------------------
/opt/airflow/dags/DevSurveyDag.py                           1           0  0.27s           2025-05-19T22:35:59                      12
================================================================================
[2025-05-19T22:36:33.218+0000] {manager.py:997} INFO - 
================================================================================
DAG File Processing Stats

File Path                          PID    Runtime      # DAGs    # Errors  Last Runtime    Last Run               Last # of DB Queries
---------------------------------  -----  ---------  --------  ----------  --------------  -------------------  ----------------------
/opt/airflow/dags/DevSurveyDag.py                           1           0  0.23s           2025-05-19T22:36:30                      12
================================================================================
[2025-05-19T22:37:03.365+0000] {manager.py:997} INFO - 
================================================================================
DAG File Processing Stats

File Path                          PID    Runtime      # DAGs    # Errors  Last Runtime    Last Run               Last # of DB Queries
---------------------------------  -----  ---------  --------  ----------  --------------  -------------------  ----------------------
/opt/airflow/dags/DevSurveyDag.py                           1           0  0.71s           2025-05-19T22:37:01                      12
================================================================================
[2025-05-19T22:37:33.854+0000] {manager.py:997} INFO - 
================================================================================
DAG File Processing Stats

File Path                          PID    Runtime      # DAGs    # Errors  Last Runtime    Last Run               Last # of DB Queries
---------------------------------  -----  ---------  --------  ----------  --------------  -------------------  ----------------------
/opt/airflow/dags/DevSurveyDag.py                           1           0  0.36s           2025-05-19T22:37:31                      12
================================================================================
[2025-05-19T22:38:04.155+0000] {manager.py:997} INFO - 
================================================================================
DAG File Processing Stats

File Path                          PID    Runtime      # DAGs    # Errors  Last Runtime    Last Run               Last # of DB Queries
---------------------------------  -----  ---------  --------  ----------  --------------  -------------------  ----------------------
/opt/airflow/dags/DevSurveyDag.py                           1           0  0.28s           2025-05-19T22:38:02                      12
================================================================================
[2025-05-19T22:38:27.316+0000] {manager.py:821} INFO - Searching for files in /opt/airflow/dags
[2025-05-19T22:38:27.335+0000] {manager.py:824} INFO - There are 1 files in /opt/airflow/dags
[2025-05-19T22:38:34.568+0000] {manager.py:997} INFO - 
================================================================================
DAG File Processing Stats

File Path                          PID    Runtime      # DAGs    # Errors  Last Runtime    Last Run               Last # of DB Queries
---------------------------------  -----  ---------  --------  ----------  --------------  -------------------  ----------------------
/opt/airflow/dags/DevSurveyDag.py                           1           0  0.22s           2025-05-19T22:38:32                      12
================================================================================
[2025-05-19T22:39:04.807+0000] {manager.py:997} INFO - 
================================================================================
DAG File Processing Stats

File Path                          PID    Runtime      # DAGs    # Errors  Last Runtime    Last Run               Last # of DB Queries
---------------------------------  -----  ---------  --------  ----------  --------------  -------------------  ----------------------
/opt/airflow/dags/DevSurveyDag.py                           1           0  0.23s           2025-05-19T22:39:02                      12
================================================================================
[2025-05-19T22:39:35.219+0000] {manager.py:997} INFO - 
================================================================================
DAG File Processing Stats

File Path                          PID    Runtime      # DAGs    # Errors  Last Runtime    Last Run               Last # of DB Queries
---------------------------------  -----  ---------  --------  ----------  --------------  -------------------  ----------------------
/opt/airflow/dags/DevSurveyDag.py                           1           0  0.54s           2025-05-19T22:39:33                      12
================================================================================
[2025-05-19T22:40:05.972+0000] {manager.py:997} INFO - 
================================================================================
DAG File Processing Stats

File Path                          PID    Runtime      # DAGs    # Errors  Last Runtime    Last Run               Last # of DB Queries
---------------------------------  -----  ---------  --------  ----------  --------------  -------------------  ----------------------
/opt/airflow/dags/DevSurveyDag.py                           1           0  0.24s           2025-05-19T22:40:04                      12
================================================================================
[2025-05-19T22:40:36.411+0000] {manager.py:997} INFO - 
================================================================================
DAG File Processing Stats

File Path                          PID    Runtime      # DAGs    # Errors  Last Runtime    Last Run               Last # of DB Queries
---------------------------------  -----  ---------  --------  ----------  --------------  -------------------  ----------------------
/opt/airflow/dags/DevSurveyDag.py                           1           0  0.36s           2025-05-19T22:40:34                      12
================================================================================
[2025-05-19T22:40:56.586+0000] {manager.py:465} INFO - Exiting gracefully upon receiving signal 15
[2025-05-21T18:34:05.863+0000] {manager.py:483} INFO - Processing files using up to 2 processes at a time 
[2025-05-21T18:34:05.865+0000] {manager.py:484} INFO - Process each file at most once every 30 seconds
[2025-05-21T18:34:05.866+0000] {manager.py:485} INFO - Checking for new files in /opt/airflow/dags every 300 seconds
[2025-05-21T18:34:05.867+0000] {manager.py:821} INFO - Searching for files in /opt/airflow/dags
[2025-05-21T18:34:05.925+0000] {manager.py:824} INFO - There are 1 files in /opt/airflow/dags
[2025-05-21T18:34:07.429+0000] {manager.py:997} INFO - 
================================================================================
DAG File Processing Stats

File Path                          PID    Runtime      # DAGs    # Errors  Last Runtime    Last Run               Last # of DB Queries
---------------------------------  -----  ---------  --------  ----------  --------------  -------------------  ----------------------
/opt/airflow/dags/DevSurveyDag.py                           1           0  0.39s           2025-05-21T18:34:06                      12
================================================================================
[2025-05-21T18:34:37.540+0000] {manager.py:997} INFO - 
================================================================================
DAG File Processing Stats

File Path                          PID    Runtime      # DAGs    # Errors  Last Runtime    Last Run               Last # of DB Queries
---------------------------------  -----  ---------  --------  ----------  --------------  -------------------  ----------------------
/opt/airflow/dags/DevSurveyDag.py                           1           0  0.57s           2025-05-21T18:34:26                      22
================================================================================
[2025-05-21T18:35:07.715+0000] {manager.py:997} INFO - 
================================================================================
DAG File Processing Stats

File Path                          PID    Runtime      # DAGs    # Errors  Last Runtime    Last Run               Last # of DB Queries
---------------------------------  -----  ---------  --------  ----------  --------------  -------------------  ----------------------
/opt/airflow/dags/DevSurveyDag.py                           1           0  0.14s           2025-05-21T18:34:56                      12
================================================================================
[2025-05-21T18:35:11.187+0000] {manager.py:465} INFO - Exiting gracefully upon receiving signal 15
[2025-05-21T18:36:13.404+0000] {manager.py:483} INFO - Processing files using up to 2 processes at a time 
[2025-05-21T18:36:13.405+0000] {manager.py:484} INFO - Process each file at most once every 30 seconds
[2025-05-21T18:36:13.406+0000] {manager.py:485} INFO - Checking for new files in /opt/airflow/dags every 300 seconds
[2025-05-21T18:36:13.406+0000] {manager.py:821} INFO - Searching for files in /opt/airflow/dags
[2025-05-21T18:36:13.423+0000] {manager.py:824} INFO - There are 1 files in /opt/airflow/dags
[2025-05-21T18:36:13.528+0000] {manager.py:997} INFO - 
================================================================================
DAG File Processing Stats

File Path                            PID  Runtime      # DAGs    # Errors  Last Runtime    Last Run      Last # of DB Queries
---------------------------------  -----  ---------  --------  ----------  --------------  ----------  ----------------------
/opt/airflow/dags/DevSurveyDag.py     83  0.02s             0           0                                                   0
================================================================================
[2025-05-21T18:39:07.404+0000] {manager.py:483} INFO - Processing files using up to 2 processes at a time 
[2025-05-21T18:39:07.406+0000] {manager.py:484} INFO - Process each file at most once every 30 seconds
[2025-05-21T18:39:07.406+0000] {manager.py:485} INFO - Checking for new files in /opt/airflow/dags every 300 seconds
[2025-05-21T18:39:07.407+0000] {manager.py:821} INFO - Searching for files in /opt/airflow/dags
[2025-05-21T18:39:07.501+0000] {manager.py:824} INFO - There are 1 files in /opt/airflow/dags
[2025-05-21T18:39:07.625+0000] {manager.py:997} INFO - 
================================================================================
DAG File Processing Stats

File Path                            PID  Runtime      # DAGs    # Errors  Last Runtime    Last Run      Last # of DB Queries
---------------------------------  -----  ---------  --------  ----------  --------------  ----------  ----------------------
/opt/airflow/dags/DevSurveyDag.py     89  0.04s             0           0                                                   0
================================================================================
[2025-05-21T18:39:30.185+0000] {manager.py:465} INFO - Exiting gracefully upon receiving signal 15
[2025-05-21T18:43:04.362+0000] {manager.py:483} INFO - Processing files using up to 2 processes at a time 
[2025-05-21T18:43:04.363+0000] {manager.py:484} INFO - Process each file at most once every 30 seconds
[2025-05-21T18:43:04.364+0000] {manager.py:485} INFO - Checking for new files in /opt/airflow/dags every 300 seconds
[2025-05-21T18:43:04.365+0000] {manager.py:821} INFO - Searching for files in /opt/airflow/dags
[2025-05-21T18:43:04.389+0000] {manager.py:824} INFO - There are 1 files in /opt/airflow/dags
[2025-05-21T18:43:04.525+0000] {manager.py:997} INFO - 
================================================================================
DAG File Processing Stats

File Path                            PID  Runtime      # DAGs    # Errors  Last Runtime    Last Run      Last # of DB Queries
---------------------------------  -----  ---------  --------  ----------  --------------  ----------  ----------------------
/opt/airflow/dags/DevSurveyDag.py     96  0.03s             0           0                                                   0
================================================================================
[2025-05-21T18:43:34.633+0000] {manager.py:997} INFO - 
================================================================================
DAG File Processing Stats

File Path                          PID    Runtime      # DAGs    # Errors  Last Runtime    Last Run               Last # of DB Queries
---------------------------------  -----  ---------  --------  ----------  --------------  -------------------  ----------------------
/opt/airflow/dags/DevSurveyDag.py                           1           0  0.24s           2025-05-21T18:43:24                      30
================================================================================
[2025-05-21T18:44:05.092+0000] {manager.py:997} INFO - 
================================================================================
DAG File Processing Stats

File Path                          PID    Runtime      # DAGs    # Errors  Last Runtime    Last Run               Last # of DB Queries
---------------------------------  -----  ---------  --------  ----------  --------------  -------------------  ----------------------
/opt/airflow/dags/DevSurveyDag.py                           1           0  0.29s           2025-05-21T18:43:55                      12
================================================================================
[2025-05-21T18:44:35.480+0000] {manager.py:997} INFO - 
================================================================================
DAG File Processing Stats

File Path                          PID    Runtime      # DAGs    # Errors  Last Runtime    Last Run               Last # of DB Queries
---------------------------------  -----  ---------  --------  ----------  --------------  -------------------  ----------------------
/opt/airflow/dags/DevSurveyDag.py                           1           0  0.97s           2025-05-21T18:44:26                      12
================================================================================
[2025-05-21T18:45:05.896+0000] {manager.py:997} INFO - 
================================================================================
DAG File Processing Stats

File Path                          PID    Runtime      # DAGs    # Errors  Last Runtime    Last Run               Last # of DB Queries
---------------------------------  -----  ---------  --------  ----------  --------------  -------------------  ----------------------
/opt/airflow/dags/DevSurveyDag.py                           1           0  0.34s           2025-05-21T18:44:56                      12
================================================================================
[2025-05-21T18:45:36.275+0000] {manager.py:997} INFO - 
================================================================================
DAG File Processing Stats

File Path                          PID    Runtime      # DAGs    # Errors  Last Runtime    Last Run               Last # of DB Queries
---------------------------------  -----  ---------  --------  ----------  --------------  -------------------  ----------------------
/opt/airflow/dags/DevSurveyDag.py                           1           0  0.24s           2025-05-21T18:45:27                      12
================================================================================
[2025-05-21T18:46:06.546+0000] {manager.py:997} INFO - 
================================================================================
DAG File Processing Stats

File Path                          PID    Runtime      # DAGs    # Errors  Last Runtime    Last Run               Last # of DB Queries
---------------------------------  -----  ---------  --------  ----------  --------------  -------------------  ----------------------
/opt/airflow/dags/DevSurveyDag.py                           1           0  0.43s           2025-05-21T18:45:57                      12
================================================================================
[2025-05-21T18:46:37.128+0000] {manager.py:997} INFO - 
================================================================================
DAG File Processing Stats

File Path                          PID    Runtime      # DAGs    # Errors  Last Runtime    Last Run               Last # of DB Queries
---------------------------------  -----  ---------  --------  ----------  --------------  -------------------  ----------------------
/opt/airflow/dags/DevSurveyDag.py                           1           0  0.24s           2025-05-21T18:46:28                      12
================================================================================
[2025-05-21T18:47:07.564+0000] {manager.py:997} INFO - 
================================================================================
DAG File Processing Stats

File Path                          PID    Runtime      # DAGs    # Errors  Last Runtime    Last Run               Last # of DB Queries
---------------------------------  -----  ---------  --------  ----------  --------------  -------------------  ----------------------
/opt/airflow/dags/DevSurveyDag.py                           1           0  0.17s           2025-05-21T18:46:58                      12
================================================================================
[2025-05-21T18:47:37.933+0000] {manager.py:997} INFO - 
================================================================================
DAG File Processing Stats

File Path                          PID    Runtime      # DAGs    # Errors  Last Runtime    Last Run               Last # of DB Queries
---------------------------------  -----  ---------  --------  ----------  --------------  -------------------  ----------------------
/opt/airflow/dags/DevSurveyDag.py                           1           0  0.32s           2025-05-21T18:47:29                      12
================================================================================
[2025-05-21T18:48:04.672+0000] {manager.py:821} INFO - Searching for files in /opt/airflow/dags
[2025-05-21T18:48:04.796+0000] {manager.py:824} INFO - There are 1 files in /opt/airflow/dags
[2025-05-21T18:48:08.376+0000] {manager.py:997} INFO - 
================================================================================
DAG File Processing Stats

File Path                          PID    Runtime      # DAGs    # Errors  Last Runtime    Last Run               Last # of DB Queries
---------------------------------  -----  ---------  --------  ----------  --------------  -------------------  ----------------------
/opt/airflow/dags/DevSurveyDag.py                           1           0  0.34s           2025-05-21T18:47:59                      12
================================================================================
[2025-05-21T18:48:38.582+0000] {manager.py:997} INFO - 
================================================================================
DAG File Processing Stats

File Path                          PID    Runtime      # DAGs    # Errors  Last Runtime    Last Run               Last # of DB Queries
---------------------------------  -----  ---------  --------  ----------  --------------  -------------------  ----------------------
/opt/airflow/dags/DevSurveyDag.py                           1           0  0.45s           2025-05-21T18:48:30                      12
================================================================================
[2025-05-21T18:49:08.827+0000] {manager.py:997} INFO - 
================================================================================
DAG File Processing Stats

File Path                          PID    Runtime      # DAGs    # Errors  Last Runtime    Last Run               Last # of DB Queries
---------------------------------  -----  ---------  --------  ----------  --------------  -------------------  ----------------------
/opt/airflow/dags/DevSurveyDag.py                           1           0  0.31s           2025-05-21T18:49:01                      12
================================================================================
[2025-05-21T18:49:39.343+0000] {manager.py:997} INFO - 
================================================================================
DAG File Processing Stats

File Path                          PID    Runtime      # DAGs    # Errors  Last Runtime    Last Run               Last # of DB Queries
---------------------------------  -----  ---------  --------  ----------  --------------  -------------------  ----------------------
/opt/airflow/dags/DevSurveyDag.py                           1           0  0.26s           2025-05-21T18:49:31                      12
================================================================================
[2025-05-21T18:50:09.350+0000] {manager.py:997} INFO - 
================================================================================
DAG File Processing Stats

File Path                          PID    Runtime      # DAGs    # Errors  Last Runtime    Last Run               Last # of DB Queries
---------------------------------  -----  ---------  --------  ----------  --------------  -------------------  ----------------------
/opt/airflow/dags/DevSurveyDag.py                           1           0  0.52s           2025-05-21T18:50:02                      12
================================================================================
[2025-05-21T18:50:39.557+0000] {manager.py:997} INFO - 
================================================================================
DAG File Processing Stats

File Path                          PID    Runtime      # DAGs    # Errors  Last Runtime    Last Run               Last # of DB Queries
---------------------------------  -----  ---------  --------  ----------  --------------  -------------------  ----------------------
/opt/airflow/dags/DevSurveyDag.py                           1           0  0.23s           2025-05-21T18:50:32                      12
================================================================================
[2025-05-21T18:51:09.977+0000] {manager.py:997} INFO - 
================================================================================
DAG File Processing Stats

File Path                          PID    Runtime      # DAGs    # Errors  Last Runtime    Last Run               Last # of DB Queries
---------------------------------  -----  ---------  --------  ----------  --------------  -------------------  ----------------------
/opt/airflow/dags/DevSurveyDag.py                           1           0  0.17s           2025-05-21T18:51:03                      12
================================================================================
[2025-05-21T18:51:33.802+0000] {manager.py:465} INFO - Exiting gracefully upon receiving signal 15
[2025-05-21T18:54:41.661+0000] {manager.py:483} INFO - Processing files using up to 2 processes at a time 
[2025-05-21T18:54:41.662+0000] {manager.py:484} INFO - Process each file at most once every 30 seconds
[2025-05-21T18:54:41.663+0000] {manager.py:485} INFO - Checking for new files in /opt/airflow/dags every 300 seconds
[2025-05-21T18:54:41.665+0000] {manager.py:821} INFO - Searching for files in /opt/airflow/dags
[2025-05-21T18:54:41.692+0000] {manager.py:824} INFO - There are 1 files in /opt/airflow/dags
[2025-05-21T18:54:41.931+0000] {manager.py:997} INFO - 
================================================================================
DAG File Processing Stats

File Path                            PID  Runtime      # DAGs    # Errors  Last Runtime    Last Run      Last # of DB Queries
---------------------------------  -----  ---------  --------  ----------  --------------  ----------  ----------------------
/opt/airflow/dags/DevSurveyDag.py     96  0.05s             0           0                                                   0
================================================================================
[2025-05-21T18:55:12.144+0000] {manager.py:997} INFO - 
================================================================================
DAG File Processing Stats

File Path                          PID    Runtime      # DAGs    # Errors  Last Runtime    Last Run               Last # of DB Queries
---------------------------------  -----  ---------  --------  ----------  --------------  -------------------  ----------------------
/opt/airflow/dags/DevSurveyDag.py                           1           0  0.47s           2025-05-21T18:54:42                      12
================================================================================
[2025-05-21T18:55:42.762+0000] {manager.py:997} INFO - 
================================================================================
DAG File Processing Stats

File Path                          PID    Runtime      # DAGs    # Errors  Last Runtime    Last Run               Last # of DB Queries
---------------------------------  -----  ---------  --------  ----------  --------------  -------------------  ----------------------
/opt/airflow/dags/DevSurveyDag.py                           1           0  0.28s           2025-05-21T18:55:12                      12
================================================================================
[2025-05-21T18:56:13.214+0000] {manager.py:997} INFO - 
================================================================================
DAG File Processing Stats

File Path                          PID    Runtime      # DAGs    # Errors  Last Runtime    Last Run               Last # of DB Queries
---------------------------------  -----  ---------  --------  ----------  --------------  -------------------  ----------------------
/opt/airflow/dags/DevSurveyDag.py                           1           0  0.19s           2025-05-21T18:55:43                      12
================================================================================
[2025-05-21T18:56:43.632+0000] {manager.py:997} INFO - 
================================================================================
DAG File Processing Stats

File Path                            PID  Runtime      # DAGs    # Errors  Last Runtime    Last Run               Last # of DB Queries
---------------------------------  -----  ---------  --------  ----------  --------------  -------------------  ----------------------
/opt/airflow/dags/DevSurveyDag.py    124  0.00s             1           0  0.20s           2025-05-21T18:56:13                      12
================================================================================
[2025-05-21T18:57:14.014+0000] {manager.py:997} INFO - 
================================================================================
DAG File Processing Stats

File Path                            PID  Runtime      # DAGs    # Errors  Last Runtime    Last Run               Last # of DB Queries
---------------------------------  -----  ---------  --------  ----------  --------------  -------------------  ----------------------
/opt/airflow/dags/DevSurveyDag.py    131  0.01s             1           0  0.26s           2025-05-21T18:56:43                      12
================================================================================
[2025-05-21T18:57:44.378+0000] {manager.py:997} INFO - 
================================================================================
DAG File Processing Stats

File Path                            PID  Runtime      # DAGs    # Errors  Last Runtime    Last Run               Last # of DB Queries
---------------------------------  -----  ---------  --------  ----------  --------------  -------------------  ----------------------
/opt/airflow/dags/DevSurveyDag.py    138  0.01s             1           0  0.26s           2025-05-21T18:57:14                      12
================================================================================
[2025-05-21T18:58:14.753+0000] {manager.py:997} INFO - 
================================================================================
DAG File Processing Stats

File Path                          PID    Runtime      # DAGs    # Errors  Last Runtime    Last Run               Last # of DB Queries
---------------------------------  -----  ---------  --------  ----------  --------------  -------------------  ----------------------
/opt/airflow/dags/DevSurveyDag.py                           1           0  0.65s           2025-05-21T18:57:45                      12
================================================================================
[2025-05-21T18:58:44.971+0000] {manager.py:997} INFO - 
================================================================================
DAG File Processing Stats

File Path                          PID    Runtime      # DAGs    # Errors  Last Runtime    Last Run               Last # of DB Queries
---------------------------------  -----  ---------  --------  ----------  --------------  -------------------  ----------------------
/opt/airflow/dags/DevSurveyDag.py                           1           0  0.80s           2025-05-21T18:58:16                      12
================================================================================
[2025-05-21T18:59:15.480+0000] {manager.py:997} INFO - 
================================================================================
DAG File Processing Stats

File Path                          PID    Runtime      # DAGs    # Errors  Last Runtime    Last Run               Last # of DB Queries
---------------------------------  -----  ---------  --------  ----------  --------------  -------------------  ----------------------
/opt/airflow/dags/DevSurveyDag.py                           1           0  0.30s           2025-05-21T18:58:46                      12
================================================================================
[2025-05-21T18:59:41.963+0000] {manager.py:821} INFO - Searching for files in /opt/airflow/dags
[2025-05-21T18:59:41.994+0000] {manager.py:824} INFO - There are 1 files in /opt/airflow/dags
[2025-05-21T18:59:46.061+0000] {manager.py:997} INFO - 
================================================================================
DAG File Processing Stats

File Path                          PID    Runtime      # DAGs    # Errors  Last Runtime    Last Run               Last # of DB Queries
---------------------------------  -----  ---------  --------  ----------  --------------  -------------------  ----------------------
/opt/airflow/dags/DevSurveyDag.py                           1           0  0.20s           2025-05-21T18:59:16                      12
================================================================================
[2025-05-21T19:00:16.352+0000] {manager.py:997} INFO - 
================================================================================
DAG File Processing Stats

File Path                          PID    Runtime      # DAGs    # Errors  Last Runtime    Last Run               Last # of DB Queries
---------------------------------  -----  ---------  --------  ----------  --------------  -------------------  ----------------------
/opt/airflow/dags/DevSurveyDag.py                           1           0  0.20s           2025-05-21T18:59:47                      12
================================================================================
[2025-05-21T19:00:46.699+0000] {manager.py:997} INFO - 
================================================================================
DAG File Processing Stats

File Path                          PID    Runtime      # DAGs    # Errors  Last Runtime    Last Run               Last # of DB Queries
---------------------------------  -----  ---------  --------  ----------  --------------  -------------------  ----------------------
/opt/airflow/dags/DevSurveyDag.py                           1           0  0.21s           2025-05-21T19:00:17                      12
================================================================================
[2025-05-21T19:01:17.029+0000] {manager.py:997} INFO - 
================================================================================
DAG File Processing Stats

File Path                          PID    Runtime      # DAGs    # Errors  Last Runtime    Last Run               Last # of DB Queries
---------------------------------  -----  ---------  --------  ----------  --------------  -------------------  ----------------------
/opt/airflow/dags/DevSurveyDag.py                           1           0  0.22s           2025-05-21T19:00:47                      12
================================================================================
[2025-05-21T19:01:47.551+0000] {manager.py:997} INFO - 
================================================================================
DAG File Processing Stats

File Path                          PID    Runtime      # DAGs    # Errors  Last Runtime    Last Run               Last # of DB Queries
---------------------------------  -----  ---------  --------  ----------  --------------  -------------------  ----------------------
/opt/airflow/dags/DevSurveyDag.py                           1           0  0.37s           2025-05-21T19:01:18                      12
================================================================================
[2025-05-21T19:02:18.015+0000] {manager.py:997} INFO - 
================================================================================
DAG File Processing Stats

File Path                          PID    Runtime      # DAGs    # Errors  Last Runtime    Last Run               Last # of DB Queries
---------------------------------  -----  ---------  --------  ----------  --------------  -------------------  ----------------------
/opt/airflow/dags/DevSurveyDag.py                           1           0  0.38s           2025-05-21T19:01:48                      12
================================================================================
[2025-05-21T19:02:48.489+0000] {manager.py:997} INFO - 
================================================================================
DAG File Processing Stats

File Path                          PID    Runtime      # DAGs    # Errors  Last Runtime    Last Run               Last # of DB Queries
---------------------------------  -----  ---------  --------  ----------  --------------  -------------------  ----------------------
/opt/airflow/dags/DevSurveyDag.py                           1           0  0.20s           2025-05-21T19:02:19                      12
================================================================================
[2025-05-21T19:03:18.954+0000] {manager.py:997} INFO - 
================================================================================
DAG File Processing Stats

File Path                          PID    Runtime      # DAGs    # Errors  Last Runtime    Last Run               Last # of DB Queries
---------------------------------  -----  ---------  --------  ----------  --------------  -------------------  ----------------------
/opt/airflow/dags/DevSurveyDag.py                           1           0  1.00s           2025-05-21T19:02:50                      12
================================================================================
[2025-05-21T19:03:48.976+0000] {manager.py:997} INFO - 
================================================================================
DAG File Processing Stats

File Path                          PID    Runtime      # DAGs    # Errors  Last Runtime    Last Run               Last # of DB Queries
---------------------------------  -----  ---------  --------  ----------  --------------  -------------------  ----------------------
/opt/airflow/dags/DevSurveyDag.py                           1           0  0.67s           2025-05-21T19:03:21                      12
================================================================================
[2025-05-21T19:04:19.027+0000] {manager.py:997} INFO - 
================================================================================
DAG File Processing Stats

File Path                          PID    Runtime      # DAGs    # Errors  Last Runtime    Last Run               Last # of DB Queries
---------------------------------  -----  ---------  --------  ----------  --------------  -------------------  ----------------------
/opt/airflow/dags/DevSurveyDag.py                           1           0  0.72s           2025-05-21T19:03:52                      12
================================================================================
[2025-05-21T19:04:42.348+0000] {manager.py:821} INFO - Searching for files in /opt/airflow/dags
[2025-05-21T19:04:42.401+0000] {manager.py:824} INFO - There are 1 files in /opt/airflow/dags
[2025-05-21T19:04:49.546+0000] {manager.py:997} INFO - 
================================================================================
DAG File Processing Stats

File Path                          PID    Runtime      # DAGs    # Errors  Last Runtime    Last Run               Last # of DB Queries
---------------------------------  -----  ---------  --------  ----------  --------------  -------------------  ----------------------
/opt/airflow/dags/DevSurveyDag.py                           1           0  0.57s           2025-05-21T19:04:23                      12
================================================================================
[2025-05-21T19:05:19.904+0000] {manager.py:997} INFO - 
================================================================================
DAG File Processing Stats

File Path                          PID    Runtime      # DAGs    # Errors  Last Runtime    Last Run               Last # of DB Queries
---------------------------------  -----  ---------  --------  ----------  --------------  -------------------  ----------------------
/opt/airflow/dags/DevSurveyDag.py                           1           0  0.65s           2025-05-21T19:04:54                      12
================================================================================
[2025-05-21T19:05:50.596+0000] {manager.py:997} INFO - 
================================================================================
DAG File Processing Stats

File Path                          PID    Runtime      # DAGs    # Errors  Last Runtime    Last Run               Last # of DB Queries
---------------------------------  -----  ---------  --------  ----------  --------------  -------------------  ----------------------
/opt/airflow/dags/DevSurveyDag.py                           1           0  0.51s           2025-05-21T19:05:25                      12
================================================================================
[2025-05-21T19:06:20.700+0000] {manager.py:997} INFO - 
================================================================================
DAG File Processing Stats

File Path                          PID    Runtime      # DAGs    # Errors  Last Runtime    Last Run               Last # of DB Queries
---------------------------------  -----  ---------  --------  ----------  --------------  -------------------  ----------------------
/opt/airflow/dags/DevSurveyDag.py                           1           0  0.67s           2025-05-21T19:05:56                      12
================================================================================
[2025-05-21T19:06:50.924+0000] {manager.py:997} INFO - 
================================================================================
DAG File Processing Stats

File Path                          PID    Runtime      # DAGs    # Errors  Last Runtime    Last Run               Last # of DB Queries
---------------------------------  -----  ---------  --------  ----------  --------------  -------------------  ----------------------
/opt/airflow/dags/DevSurveyDag.py                           1           0  0.78s           2025-05-21T19:06:27                      12
================================================================================
[2025-05-21T19:07:21.168+0000] {manager.py:997} INFO - 
================================================================================
DAG File Processing Stats

File Path                          PID    Runtime      # DAGs    # Errors  Last Runtime    Last Run               Last # of DB Queries
---------------------------------  -----  ---------  --------  ----------  --------------  -------------------  ----------------------
/opt/airflow/dags/DevSurveyDag.py                           1           0  1.17s           2025-05-21T19:06:58                      12
================================================================================
[2025-05-21T19:07:51.522+0000] {manager.py:997} INFO - 
================================================================================
DAG File Processing Stats

File Path                          PID    Runtime      # DAGs    # Errors  Last Runtime    Last Run               Last # of DB Queries
---------------------------------  -----  ---------  --------  ----------  --------------  -------------------  ----------------------
/opt/airflow/dags/DevSurveyDag.py                           1           0  0.88s           2025-05-21T19:07:30                      12
================================================================================
[2025-05-21T19:08:21.683+0000] {manager.py:997} INFO - 
================================================================================
DAG File Processing Stats

File Path                          PID    Runtime      # DAGs    # Errors  Last Runtime    Last Run               Last # of DB Queries
---------------------------------  -----  ---------  --------  ----------  --------------  -------------------  ----------------------
/opt/airflow/dags/DevSurveyDag.py                           1           0  0.72s           2025-05-21T19:08:01                      12
================================================================================
[2025-05-21T19:08:51.859+0000] {manager.py:997} INFO - 
================================================================================
DAG File Processing Stats

File Path                          PID    Runtime      # DAGs    # Errors  Last Runtime    Last Run               Last # of DB Queries
---------------------------------  -----  ---------  --------  ----------  --------------  -------------------  ----------------------
/opt/airflow/dags/DevSurveyDag.py                           1           0  0.81s           2025-05-21T19:08:32                      12
================================================================================
[2025-05-21T19:09:22.189+0000] {manager.py:997} INFO - 
================================================================================
DAG File Processing Stats

File Path                          PID    Runtime      # DAGs    # Errors  Last Runtime    Last Run               Last # of DB Queries
---------------------------------  -----  ---------  --------  ----------  --------------  -------------------  ----------------------
/opt/airflow/dags/DevSurveyDag.py                           1           0  0.68s           2025-05-21T19:09:03                      12
================================================================================
[2025-05-21T19:09:42.688+0000] {manager.py:821} INFO - Searching for files in /opt/airflow/dags
[2025-05-21T19:09:42.713+0000] {manager.py:824} INFO - There are 1 files in /opt/airflow/dags
[2025-05-21T19:09:52.192+0000] {manager.py:997} INFO - 
================================================================================
DAG File Processing Stats

File Path                          PID    Runtime      # DAGs    # Errors  Last Runtime    Last Run               Last # of DB Queries
---------------------------------  -----  ---------  --------  ----------  --------------  -------------------  ----------------------
/opt/airflow/dags/DevSurveyDag.py                           1           0  0.43s           2025-05-21T19:09:34                      12
================================================================================
[2025-05-21T19:10:22.391+0000] {manager.py:997} INFO - 
================================================================================
DAG File Processing Stats

File Path                          PID    Runtime      # DAGs    # Errors  Last Runtime    Last Run               Last # of DB Queries
---------------------------------  -----  ---------  --------  ----------  --------------  -------------------  ----------------------
/opt/airflow/dags/DevSurveyDag.py                           1           0  0.27s           2025-05-21T19:10:04                      12
================================================================================
[2025-05-21T19:10:52.832+0000] {manager.py:997} INFO - 
================================================================================
DAG File Processing Stats

File Path                          PID    Runtime      # DAGs    # Errors  Last Runtime    Last Run               Last # of DB Queries
---------------------------------  -----  ---------  --------  ----------  --------------  -------------------  ----------------------
/opt/airflow/dags/DevSurveyDag.py                           1           0  0.15s           2025-05-21T19:10:34                      12
================================================================================
[2025-05-21T19:11:23.146+0000] {manager.py:997} INFO - 
================================================================================
DAG File Processing Stats

File Path                          PID    Runtime      # DAGs    # Errors  Last Runtime    Last Run               Last # of DB Queries
---------------------------------  -----  ---------  --------  ----------  --------------  -------------------  ----------------------
/opt/airflow/dags/DevSurveyDag.py                           1           0  0.14s           2025-05-21T19:11:05                      12
================================================================================
[2025-05-21T19:11:53.364+0000] {manager.py:997} INFO - 
================================================================================
DAG File Processing Stats

File Path                          PID    Runtime      # DAGs    # Errors  Last Runtime    Last Run               Last # of DB Queries
---------------------------------  -----  ---------  --------  ----------  --------------  -------------------  ----------------------
/opt/airflow/dags/DevSurveyDag.py                           1           0  0.17s           2025-05-21T19:11:35                      12
================================================================================
[2025-05-21T19:12:23.666+0000] {manager.py:997} INFO - 
================================================================================
DAG File Processing Stats

File Path                          PID    Runtime      # DAGs    # Errors  Last Runtime    Last Run               Last # of DB Queries
---------------------------------  -----  ---------  --------  ----------  --------------  -------------------  ----------------------
/opt/airflow/dags/DevSurveyDag.py                           1           0  0.19s           2025-05-21T19:12:05                      12
================================================================================
[2025-05-21T19:12:53.864+0000] {manager.py:997} INFO - 
================================================================================
DAG File Processing Stats

File Path                          PID    Runtime      # DAGs    # Errors  Last Runtime    Last Run               Last # of DB Queries
---------------------------------  -----  ---------  --------  ----------  --------------  -------------------  ----------------------
/opt/airflow/dags/DevSurveyDag.py                           1           0  0.15s           2025-05-21T19:12:35                      12
================================================================================
[2025-05-21T19:13:24.137+0000] {manager.py:997} INFO - 
================================================================================
DAG File Processing Stats

File Path                          PID    Runtime      # DAGs    # Errors  Last Runtime    Last Run               Last # of DB Queries
---------------------------------  -----  ---------  --------  ----------  --------------  -------------------  ----------------------
/opt/airflow/dags/DevSurveyDag.py                           1           0  0.18s           2025-05-21T19:13:06                      12
================================================================================
[2025-05-21T19:13:54.363+0000] {manager.py:997} INFO - 
================================================================================
DAG File Processing Stats

File Path                          PID    Runtime      # DAGs    # Errors  Last Runtime    Last Run               Last # of DB Queries
---------------------------------  -----  ---------  --------  ----------  --------------  -------------------  ----------------------
/opt/airflow/dags/DevSurveyDag.py                           1           0  0.20s           2025-05-21T19:13:36                      12
================================================================================
[2025-05-21T19:14:24.684+0000] {manager.py:997} INFO - 
================================================================================
DAG File Processing Stats

File Path                          PID    Runtime      # DAGs    # Errors  Last Runtime    Last Run               Last # of DB Queries
---------------------------------  -----  ---------  --------  ----------  --------------  -------------------  ----------------------
/opt/airflow/dags/DevSurveyDag.py                           1           0  0.16s           2025-05-21T19:14:06                      12
================================================================================
[2025-05-21T19:14:42.798+0000] {manager.py:821} INFO - Searching for files in /opt/airflow/dags
[2025-05-21T19:14:42.811+0000] {manager.py:824} INFO - There are 1 files in /opt/airflow/dags
[2025-05-21T19:14:54.899+0000] {manager.py:997} INFO - 
================================================================================
DAG File Processing Stats

File Path                          PID    Runtime      # DAGs    # Errors  Last Runtime    Last Run               Last # of DB Queries
---------------------------------  -----  ---------  --------  ----------  --------------  -------------------  ----------------------
/opt/airflow/dags/DevSurveyDag.py                           1           0  0.18s           2025-05-21T19:14:36                      12
================================================================================
[2025-05-21T19:15:25.197+0000] {manager.py:997} INFO - 
================================================================================
DAG File Processing Stats

File Path                          PID    Runtime      # DAGs    # Errors  Last Runtime    Last Run               Last # of DB Queries
---------------------------------  -----  ---------  --------  ----------  --------------  -------------------  ----------------------
/opt/airflow/dags/DevSurveyDag.py                           1           0  0.16s           2025-05-21T19:15:07                      12
================================================================================
[2025-05-21T19:15:55.382+0000] {manager.py:997} INFO - 
================================================================================
DAG File Processing Stats

File Path                          PID    Runtime      # DAGs    # Errors  Last Runtime    Last Run               Last # of DB Queries
---------------------------------  -----  ---------  --------  ----------  --------------  -------------------  ----------------------
/opt/airflow/dags/DevSurveyDag.py                           1           0  0.15s           2025-05-21T19:15:37                      12
================================================================================
[2025-05-21T19:16:25.674+0000] {manager.py:997} INFO - 
================================================================================
DAG File Processing Stats

File Path                          PID    Runtime      # DAGs    # Errors  Last Runtime    Last Run               Last # of DB Queries
---------------------------------  -----  ---------  --------  ----------  --------------  -------------------  ----------------------
/opt/airflow/dags/DevSurveyDag.py                           1           0  0.15s           2025-05-21T19:16:07                      12
================================================================================
[2025-05-21T19:16:55.865+0000] {manager.py:997} INFO - 
================================================================================
DAG File Processing Stats

File Path                          PID    Runtime      # DAGs    # Errors  Last Runtime    Last Run               Last # of DB Queries
---------------------------------  -----  ---------  --------  ----------  --------------  -------------------  ----------------------
/opt/airflow/dags/DevSurveyDag.py                           1           0  0.16s           2025-05-21T19:16:37                      12
================================================================================
[2025-05-21T19:17:26.181+0000] {manager.py:997} INFO - 
================================================================================
DAG File Processing Stats

File Path                          PID    Runtime      # DAGs    # Errors  Last Runtime    Last Run               Last # of DB Queries
---------------------------------  -----  ---------  --------  ----------  --------------  -------------------  ----------------------
/opt/airflow/dags/DevSurveyDag.py                           1           0  0.26s           2025-05-21T19:17:08                      12
================================================================================
[2025-05-21T19:17:56.480+0000] {manager.py:997} INFO - 
================================================================================
DAG File Processing Stats

File Path                          PID    Runtime      # DAGs    # Errors  Last Runtime    Last Run               Last # of DB Queries
---------------------------------  -----  ---------  --------  ----------  --------------  -------------------  ----------------------
/opt/airflow/dags/DevSurveyDag.py                           1           0  0.15s           2025-05-21T19:17:38                      12
================================================================================
[2025-05-21T19:18:26.688+0000] {manager.py:997} INFO - 
================================================================================
DAG File Processing Stats

File Path                          PID    Runtime      # DAGs    # Errors  Last Runtime    Last Run               Last # of DB Queries
---------------------------------  -----  ---------  --------  ----------  --------------  -------------------  ----------------------
/opt/airflow/dags/DevSurveyDag.py                           1           0  0.20s           2025-05-21T19:18:08                      12
================================================================================
[2025-05-21T19:18:57.070+0000] {manager.py:997} INFO - 
================================================================================
DAG File Processing Stats

File Path                          PID    Runtime      # DAGs    # Errors  Last Runtime    Last Run               Last # of DB Queries
---------------------------------  -----  ---------  --------  ----------  --------------  -------------------  ----------------------
/opt/airflow/dags/DevSurveyDag.py                           1           0  0.22s           2025-05-21T19:18:39                      12
================================================================================
[2025-05-21T19:19:27.474+0000] {manager.py:997} INFO - 
================================================================================
DAG File Processing Stats

File Path                          PID    Runtime      # DAGs    # Errors  Last Runtime    Last Run               Last # of DB Queries
---------------------------------  -----  ---------  --------  ----------  --------------  -------------------  ----------------------
/opt/airflow/dags/DevSurveyDag.py                           1           0  0.22s           2025-05-21T19:19:09                      12
================================================================================
[2025-05-21T19:19:42.914+0000] {manager.py:821} INFO - Searching for files in /opt/airflow/dags
[2025-05-21T19:19:42.934+0000] {manager.py:824} INFO - There are 1 files in /opt/airflow/dags
[2025-05-21T19:19:57.869+0000] {manager.py:997} INFO - 
================================================================================
DAG File Processing Stats

File Path                          PID    Runtime      # DAGs    # Errors  Last Runtime    Last Run               Last # of DB Queries
---------------------------------  -----  ---------  --------  ----------  --------------  -------------------  ----------------------
/opt/airflow/dags/DevSurveyDag.py                           1           0  0.14s           2025-05-21T19:19:39                      12
================================================================================
[2025-05-21T19:20:28.051+0000] {manager.py:997} INFO - 
================================================================================
DAG File Processing Stats

File Path                          PID    Runtime      # DAGs    # Errors  Last Runtime    Last Run               Last # of DB Queries
---------------------------------  -----  ---------  --------  ----------  --------------  -------------------  ----------------------
/opt/airflow/dags/DevSurveyDag.py                           1           0  0.15s           2025-05-21T19:20:10                      12
================================================================================
[2025-05-21T19:20:58.344+0000] {manager.py:997} INFO - 
================================================================================
DAG File Processing Stats

File Path                          PID    Runtime      # DAGs    # Errors  Last Runtime    Last Run               Last # of DB Queries
---------------------------------  -----  ---------  --------  ----------  --------------  -------------------  ----------------------
/opt/airflow/dags/DevSurveyDag.py                           1           0  0.14s           2025-05-21T19:20:40                      12
================================================================================
[2025-05-21T19:21:28.541+0000] {manager.py:997} INFO - 
================================================================================
DAG File Processing Stats

File Path                          PID    Runtime      # DAGs    # Errors  Last Runtime    Last Run               Last # of DB Queries
---------------------------------  -----  ---------  --------  ----------  --------------  -------------------  ----------------------
/opt/airflow/dags/DevSurveyDag.py                           1           0  0.15s           2025-05-21T19:21:10                      12
================================================================================
[2025-05-21T19:21:58.848+0000] {manager.py:997} INFO - 
================================================================================
DAG File Processing Stats

File Path                          PID    Runtime      # DAGs    # Errors  Last Runtime    Last Run               Last # of DB Queries
---------------------------------  -----  ---------  --------  ----------  --------------  -------------------  ----------------------
/opt/airflow/dags/DevSurveyDag.py                           1           0  0.15s           2025-05-21T19:21:40                      12
================================================================================
[2025-05-21T19:22:29.031+0000] {manager.py:997} INFO - 
================================================================================
DAG File Processing Stats

File Path                          PID    Runtime      # DAGs    # Errors  Last Runtime    Last Run               Last # of DB Queries
---------------------------------  -----  ---------  --------  ----------  --------------  -------------------  ----------------------
/opt/airflow/dags/DevSurveyDag.py                           1           0  0.18s           2025-05-21T19:22:11                      12
================================================================================
[2025-05-21T19:22:59.391+0000] {manager.py:997} INFO - 
================================================================================
DAG File Processing Stats

File Path                          PID    Runtime      # DAGs    # Errors  Last Runtime    Last Run               Last # of DB Queries
---------------------------------  -----  ---------  --------  ----------  --------------  -------------------  ----------------------
/opt/airflow/dags/DevSurveyDag.py                           1           0  0.19s           2025-05-21T19:22:41                      12
================================================================================
[2025-05-21T19:23:29.586+0000] {manager.py:997} INFO - 
================================================================================
DAG File Processing Stats

File Path                          PID    Runtime      # DAGs    # Errors  Last Runtime    Last Run               Last # of DB Queries
---------------------------------  -----  ---------  --------  ----------  --------------  -------------------  ----------------------
/opt/airflow/dags/DevSurveyDag.py                           1           0  0.19s           2025-05-21T19:23:11                      12
================================================================================
[2025-05-21T19:23:59.964+0000] {manager.py:997} INFO - 
================================================================================
DAG File Processing Stats

File Path                          PID    Runtime      # DAGs    # Errors  Last Runtime    Last Run               Last # of DB Queries
---------------------------------  -----  ---------  --------  ----------  --------------  -------------------  ----------------------
/opt/airflow/dags/DevSurveyDag.py                           1           0  0.18s           2025-05-21T19:23:42                      12
================================================================================
[2025-05-21T19:24:30.326+0000] {manager.py:997} INFO - 
================================================================================
DAG File Processing Stats

File Path                          PID    Runtime      # DAGs    # Errors  Last Runtime    Last Run               Last # of DB Queries
---------------------------------  -----  ---------  --------  ----------  --------------  -------------------  ----------------------
/opt/airflow/dags/DevSurveyDag.py                           1           0  0.24s           2025-05-21T19:24:12                      12
================================================================================
[2025-05-21T19:24:43.470+0000] {manager.py:821} INFO - Searching for files in /opt/airflow/dags
[2025-05-21T19:24:43.508+0000] {manager.py:824} INFO - There are 1 files in /opt/airflow/dags
[2025-05-21T19:25:00.656+0000] {manager.py:997} INFO - 
================================================================================
DAG File Processing Stats

File Path                          PID    Runtime      # DAGs    # Errors  Last Runtime    Last Run               Last # of DB Queries
---------------------------------  -----  ---------  --------  ----------  --------------  -------------------  ----------------------
/opt/airflow/dags/DevSurveyDag.py                           1           0  0.24s           2025-05-21T19:24:42                      12
================================================================================
[2025-05-21T19:25:30.959+0000] {manager.py:997} INFO - 
================================================================================
DAG File Processing Stats

File Path                          PID    Runtime      # DAGs    # Errors  Last Runtime    Last Run               Last # of DB Queries
---------------------------------  -----  ---------  --------  ----------  --------------  -------------------  ----------------------
/opt/airflow/dags/DevSurveyDag.py                           1           0  0.18s           2025-05-21T19:25:12                      12
================================================================================
[2025-05-21T19:26:01.252+0000] {manager.py:997} INFO - 
================================================================================
DAG File Processing Stats

File Path                          PID    Runtime      # DAGs    # Errors  Last Runtime    Last Run               Last # of DB Queries
---------------------------------  -----  ---------  --------  ----------  --------------  -------------------  ----------------------
/opt/airflow/dags/DevSurveyDag.py                           1           0  0.27s           2025-05-21T19:25:43                      12
================================================================================
[2025-05-21T19:26:31.666+0000] {manager.py:997} INFO - 
================================================================================
DAG File Processing Stats

File Path                          PID    Runtime      # DAGs    # Errors  Last Runtime    Last Run               Last # of DB Queries
---------------------------------  -----  ---------  --------  ----------  --------------  -------------------  ----------------------
/opt/airflow/dags/DevSurveyDag.py                           1           0  0.23s           2025-05-21T19:26:13                      12
================================================================================
[2025-05-21T19:27:01.937+0000] {manager.py:997} INFO - 
================================================================================
DAG File Processing Stats

File Path                          PID    Runtime      # DAGs    # Errors  Last Runtime    Last Run               Last # of DB Queries
---------------------------------  -----  ---------  --------  ----------  --------------  -------------------  ----------------------
/opt/airflow/dags/DevSurveyDag.py                           1           0  0.38s           2025-05-21T19:26:44                      12
================================================================================
[2025-05-21T19:27:32.553+0000] {manager.py:997} INFO - 
================================================================================
DAG File Processing Stats

File Path                          PID    Runtime      # DAGs    # Errors  Last Runtime    Last Run               Last # of DB Queries
---------------------------------  -----  ---------  --------  ----------  --------------  -------------------  ----------------------
/opt/airflow/dags/DevSurveyDag.py                           1           0  0.37s           2025-05-21T19:27:14                      12
================================================================================
[2025-05-21T19:28:03.178+0000] {manager.py:997} INFO - 
================================================================================
DAG File Processing Stats

File Path                          PID    Runtime      # DAGs    # Errors  Last Runtime    Last Run               Last # of DB Queries
---------------------------------  -----  ---------  --------  ----------  --------------  -------------------  ----------------------
/opt/airflow/dags/DevSurveyDag.py                           1           0  0.35s           2025-05-21T19:27:45                      12
================================================================================
[2025-05-21T19:28:33.790+0000] {manager.py:997} INFO - 
================================================================================
DAG File Processing Stats

File Path                          PID    Runtime      # DAGs    # Errors  Last Runtime    Last Run               Last # of DB Queries
---------------------------------  -----  ---------  --------  ----------  --------------  -------------------  ----------------------
/opt/airflow/dags/DevSurveyDag.py                           1           0  0.41s           2025-05-21T19:28:16                      12
================================================================================
[2025-05-21T19:29:04.443+0000] {manager.py:997} INFO - 
================================================================================
DAG File Processing Stats

File Path                          PID    Runtime      # DAGs    # Errors  Last Runtime    Last Run               Last # of DB Queries
---------------------------------  -----  ---------  --------  ----------  --------------  -------------------  ----------------------
/opt/airflow/dags/DevSurveyDag.py                           1           0  0.36s           2025-05-21T19:28:46                      12
================================================================================
[2025-05-21T19:29:35.023+0000] {manager.py:997} INFO - 
================================================================================
DAG File Processing Stats

File Path                          PID    Runtime      # DAGs    # Errors  Last Runtime    Last Run               Last # of DB Queries
---------------------------------  -----  ---------  --------  ----------  --------------  -------------------  ----------------------
/opt/airflow/dags/DevSurveyDag.py                           1           0  0.28s           2025-05-21T19:29:17                      12
================================================================================
[2025-05-21T19:29:44.082+0000] {manager.py:821} INFO - Searching for files in /opt/airflow/dags
[2025-05-21T19:29:44.119+0000] {manager.py:824} INFO - There are 1 files in /opt/airflow/dags
[2025-05-21T19:30:05.503+0000] {manager.py:997} INFO - 
================================================================================
DAG File Processing Stats

File Path                          PID    Runtime      # DAGs    # Errors  Last Runtime    Last Run               Last # of DB Queries
---------------------------------  -----  ---------  --------  ----------  --------------  -------------------  ----------------------
/opt/airflow/dags/DevSurveyDag.py                           1           0  0.29s           2025-05-21T19:29:47                      12
================================================================================
[2025-05-21T19:30:35.795+0000] {manager.py:997} INFO - 
================================================================================
DAG File Processing Stats

File Path                          PID    Runtime      # DAGs    # Errors  Last Runtime    Last Run               Last # of DB Queries
---------------------------------  -----  ---------  --------  ----------  --------------  -------------------  ----------------------
/opt/airflow/dags/DevSurveyDag.py                           1           0  0.23s           2025-05-21T19:30:17                      12
================================================================================
[2025-05-21T19:31:06.131+0000] {manager.py:997} INFO - 
================================================================================
DAG File Processing Stats

File Path                          PID    Runtime      # DAGs    # Errors  Last Runtime    Last Run               Last # of DB Queries
---------------------------------  -----  ---------  --------  ----------  --------------  -------------------  ----------------------
/opt/airflow/dags/DevSurveyDag.py                           1           0  0.28s           2025-05-21T19:30:48                      12
================================================================================
[2025-05-21T19:31:36.495+0000] {manager.py:997} INFO - 
================================================================================
DAG File Processing Stats

File Path                          PID    Runtime      # DAGs    # Errors  Last Runtime    Last Run               Last # of DB Queries
---------------------------------  -----  ---------  --------  ----------  --------------  -------------------  ----------------------
/opt/airflow/dags/DevSurveyDag.py                           1           0  0.25s           2025-05-21T19:31:18                      12
================================================================================
[2025-05-21T19:32:06.765+0000] {manager.py:997} INFO - 
================================================================================
DAG File Processing Stats

File Path                          PID    Runtime      # DAGs    # Errors  Last Runtime    Last Run               Last # of DB Queries
---------------------------------  -----  ---------  --------  ----------  --------------  -------------------  ----------------------
/opt/airflow/dags/DevSurveyDag.py                           1           0  0.16s           2025-05-21T19:31:48                      12
================================================================================
[2025-05-21T19:32:36.993+0000] {manager.py:997} INFO - 
================================================================================
DAG File Processing Stats

File Path                          PID    Runtime      # DAGs    # Errors  Last Runtime    Last Run               Last # of DB Queries
---------------------------------  -----  ---------  --------  ----------  --------------  -------------------  ----------------------
/opt/airflow/dags/DevSurveyDag.py                           1           0  0.15s           2025-05-21T19:32:18                      12
================================================================================
[2025-05-21T19:33:07.267+0000] {manager.py:997} INFO - 
================================================================================
DAG File Processing Stats

File Path                          PID    Runtime      # DAGs    # Errors  Last Runtime    Last Run               Last # of DB Queries
---------------------------------  -----  ---------  --------  ----------  --------------  -------------------  ----------------------
/opt/airflow/dags/DevSurveyDag.py                           1           0  0.15s           2025-05-21T19:32:49                      12
================================================================================
[2025-05-21T19:33:37.490+0000] {manager.py:997} INFO - 
================================================================================
DAG File Processing Stats

File Path                          PID    Runtime      # DAGs    # Errors  Last Runtime    Last Run               Last # of DB Queries
---------------------------------  -----  ---------  --------  ----------  --------------  -------------------  ----------------------
/opt/airflow/dags/DevSurveyDag.py                           1           0  0.16s           2025-05-21T19:33:19                      12
================================================================================
[2025-05-21T19:34:07.810+0000] {manager.py:997} INFO - 
================================================================================
DAG File Processing Stats

File Path                          PID    Runtime      # DAGs    # Errors  Last Runtime    Last Run               Last # of DB Queries
---------------------------------  -----  ---------  --------  ----------  --------------  -------------------  ----------------------
/opt/airflow/dags/DevSurveyDag.py                           1           0  0.26s           2025-05-21T19:33:49                      12
================================================================================
[2025-05-21T19:34:38.175+0000] {manager.py:997} INFO - 
================================================================================
DAG File Processing Stats

File Path                          PID    Runtime      # DAGs    # Errors  Last Runtime    Last Run               Last # of DB Queries
---------------------------------  -----  ---------  --------  ----------  --------------  -------------------  ----------------------
/opt/airflow/dags/DevSurveyDag.py                           1           0  0.28s           2025-05-21T19:34:20                      12
================================================================================
[2025-05-21T19:34:44.218+0000] {manager.py:821} INFO - Searching for files in /opt/airflow/dags
[2025-05-21T19:34:44.254+0000] {manager.py:824} INFO - There are 1 files in /opt/airflow/dags
[2025-05-21T19:35:08.518+0000] {manager.py:997} INFO - 
================================================================================
DAG File Processing Stats

File Path                          PID    Runtime      # DAGs    # Errors  Last Runtime    Last Run               Last # of DB Queries
---------------------------------  -----  ---------  --------  ----------  --------------  -------------------  ----------------------
/opt/airflow/dags/DevSurveyDag.py                           1           0  0.27s           2025-05-21T19:34:50                      12
================================================================================
[2025-05-21T19:35:38.924+0000] {manager.py:997} INFO - 
================================================================================
DAG File Processing Stats

File Path                          PID    Runtime      # DAGs    # Errors  Last Runtime    Last Run               Last # of DB Queries
---------------------------------  -----  ---------  --------  ----------  --------------  -------------------  ----------------------
/opt/airflow/dags/DevSurveyDag.py                           1           0  0.18s           2025-05-21T19:35:20                      12
================================================================================
[2025-05-21T19:36:09.348+0000] {manager.py:997} INFO - 
================================================================================
DAG File Processing Stats

File Path                          PID    Runtime      # DAGs    # Errors  Last Runtime    Last Run               Last # of DB Queries
---------------------------------  -----  ---------  --------  ----------  --------------  -------------------  ----------------------
/opt/airflow/dags/DevSurveyDag.py                           1           0  0.30s           2025-05-21T19:35:51                      12
================================================================================
[2025-05-21T19:36:39.667+0000] {manager.py:997} INFO - 
================================================================================
DAG File Processing Stats

File Path                          PID    Runtime      # DAGs    # Errors  Last Runtime    Last Run               Last # of DB Queries
---------------------------------  -----  ---------  --------  ----------  --------------  -------------------  ----------------------
/opt/airflow/dags/DevSurveyDag.py                           1           0  0.28s           2025-05-21T19:36:21                      12
================================================================================
[2025-05-21T19:37:10.113+0000] {manager.py:997} INFO - 
================================================================================
DAG File Processing Stats

File Path                          PID    Runtime      # DAGs    # Errors  Last Runtime    Last Run               Last # of DB Queries
---------------------------------  -----  ---------  --------  ----------  --------------  -------------------  ----------------------
/opt/airflow/dags/DevSurveyDag.py                           1           0  0.46s           2025-05-21T19:36:52                      12
================================================================================
[2025-05-21T19:37:40.619+0000] {manager.py:997} INFO - 
================================================================================
DAG File Processing Stats

File Path                          PID    Runtime      # DAGs    # Errors  Last Runtime    Last Run               Last # of DB Queries
---------------------------------  -----  ---------  --------  ----------  --------------  -------------------  ----------------------
/opt/airflow/dags/DevSurveyDag.py                           1           0  0.37s           2025-05-21T19:37:22                      12
================================================================================
[2025-05-21T19:38:11.244+0000] {manager.py:997} INFO - 
================================================================================
DAG File Processing Stats

File Path                          PID    Runtime      # DAGs    # Errors  Last Runtime    Last Run               Last # of DB Queries
---------------------------------  -----  ---------  --------  ----------  --------------  -------------------  ----------------------
/opt/airflow/dags/DevSurveyDag.py                           1           0  0.25s           2025-05-21T19:37:53                      12
================================================================================
[2025-05-21T19:38:17.804+0000] {manager.py:465} INFO - Exiting gracefully upon receiving signal 15
[2025-05-21T19:40:21.412+0000] {manager.py:483} INFO - Processing files using up to 2 processes at a time 
[2025-05-21T19:40:21.413+0000] {manager.py:484} INFO - Process each file at most once every 30 seconds
[2025-05-21T19:40:21.413+0000] {manager.py:485} INFO - Checking for new files in /opt/airflow/dags every 300 seconds
[2025-05-21T19:40:21.414+0000] {manager.py:821} INFO - Searching for files in /opt/airflow/dags
[2025-05-21T19:40:21.427+0000] {manager.py:824} INFO - There are 1 files in /opt/airflow/dags
[2025-05-21T19:40:21.553+0000] {manager.py:997} INFO - 
================================================================================
DAG File Processing Stats

File Path                            PID  Runtime      # DAGs    # Errors  Last Runtime    Last Run      Last # of DB Queries
---------------------------------  -----  ---------  --------  ----------  --------------  ----------  ----------------------
/opt/airflow/dags/DevSurveyDag.py     90  0.02s             0           0                                                   0
================================================================================
[2025-05-21T19:40:51.731+0000] {manager.py:997} INFO - 
================================================================================
DAG File Processing Stats

File Path                          PID    Runtime      # DAGs    # Errors  Last Runtime    Last Run               Last # of DB Queries
---------------------------------  -----  ---------  --------  ----------  --------------  -------------------  ----------------------
/opt/airflow/dags/DevSurveyDag.py                           1           0  0.27s           2025-05-21T19:40:21                      12
================================================================================
[2025-05-21T19:41:22.233+0000] {manager.py:997} INFO - 
================================================================================
DAG File Processing Stats

File Path                            PID  Runtime      # DAGs    # Errors  Last Runtime    Last Run               Last # of DB Queries
---------------------------------  -----  ---------  --------  ----------  --------------  -------------------  ----------------------
/opt/airflow/dags/DevSurveyDag.py    110  0.01s             1           0  0.21s           2025-05-21T19:40:52                      12
================================================================================
[2025-05-21T19:41:52.611+0000] {manager.py:997} INFO - 
================================================================================
DAG File Processing Stats

File Path                          PID    Runtime      # DAGs    # Errors  Last Runtime    Last Run               Last # of DB Queries
---------------------------------  -----  ---------  --------  ----------  --------------  -------------------  ----------------------
/opt/airflow/dags/DevSurveyDag.py                           1           0  0.54s           2025-05-21T19:41:22                      12
================================================================================
[2025-05-21T19:42:23.217+0000] {manager.py:997} INFO - 
================================================================================
DAG File Processing Stats

File Path                          PID    Runtime      # DAGs    # Errors  Last Runtime    Last Run               Last # of DB Queries
---------------------------------  -----  ---------  --------  ----------  --------------  -------------------  ----------------------
/opt/airflow/dags/DevSurveyDag.py                           1           0  0.26s           2025-05-21T19:41:53                      12
================================================================================
[2025-05-21T19:42:53.700+0000] {manager.py:997} INFO - 
================================================================================
DAG File Processing Stats

File Path                          PID    Runtime      # DAGs    # Errors  Last Runtime    Last Run               Last # of DB Queries
---------------------------------  -----  ---------  --------  ----------  --------------  -------------------  ----------------------
/opt/airflow/dags/DevSurveyDag.py                           1           0  0.29s           2025-05-21T19:42:23                      12
================================================================================
[2025-05-21T19:43:24.198+0000] {manager.py:997} INFO - 
================================================================================
DAG File Processing Stats

File Path                          PID    Runtime      # DAGs    # Errors  Last Runtime    Last Run               Last # of DB Queries
---------------------------------  -----  ---------  --------  ----------  --------------  -------------------  ----------------------
/opt/airflow/dags/DevSurveyDag.py                           1           0  0.27s           2025-05-21T19:42:54                      12
================================================================================
[2025-05-21T19:43:30.985+0000] {manager.py:465} INFO - Exiting gracefully upon receiving signal 15
[2025-05-21T19:45:27.954+0000] {manager.py:483} INFO - Processing files using up to 2 processes at a time 
[2025-05-21T19:45:27.955+0000] {manager.py:484} INFO - Process each file at most once every 30 seconds
[2025-05-21T19:45:27.956+0000] {manager.py:485} INFO - Checking for new files in /opt/airflow/dags every 300 seconds
[2025-05-21T19:45:27.957+0000] {manager.py:821} INFO - Searching for files in /opt/airflow/dags
[2025-05-21T19:45:27.972+0000] {manager.py:824} INFO - There are 1 files in /opt/airflow/dags
[2025-05-21T19:45:28.110+0000] {manager.py:997} INFO - 
================================================================================
DAG File Processing Stats

File Path                            PID  Runtime      # DAGs    # Errors  Last Runtime    Last Run      Last # of DB Queries
---------------------------------  -----  ---------  --------  ----------  --------------  ----------  ----------------------
/opt/airflow/dags/DevSurveyDag.py     91  0.03s             0           0                                                   0
================================================================================
[2025-05-21T19:45:58.303+0000] {manager.py:997} INFO - 
================================================================================
DAG File Processing Stats

File Path                          PID    Runtime      # DAGs    # Errors  Last Runtime    Last Run               Last # of DB Queries
---------------------------------  -----  ---------  --------  ----------  --------------  -------------------  ----------------------
/opt/airflow/dags/DevSurveyDag.py                           1           0  0.25s           2025-05-21T19:45:28                      12
================================================================================
[2025-05-21T19:46:28.699+0000] {manager.py:997} INFO - 
================================================================================
DAG File Processing Stats

File Path                            PID  Runtime      # DAGs    # Errors  Last Runtime    Last Run               Last # of DB Queries
---------------------------------  -----  ---------  --------  ----------  --------------  -------------------  ----------------------
/opt/airflow/dags/DevSurveyDag.py    111  0.01s             1           0  0.16s           2025-05-21T19:45:58                      12
================================================================================
[2025-05-21T19:46:58.995+0000] {manager.py:997} INFO - 
================================================================================
DAG File Processing Stats

File Path                            PID  Runtime      # DAGs    # Errors  Last Runtime    Last Run               Last # of DB Queries
---------------------------------  -----  ---------  --------  ----------  --------------  -------------------  ----------------------
/opt/airflow/dags/DevSurveyDag.py    118  0.01s             1           0  0.28s           2025-05-21T19:46:28                      12
================================================================================
[2025-05-21T19:47:29.356+0000] {manager.py:997} INFO - 
================================================================================
DAG File Processing Stats

File Path                            PID  Runtime      # DAGs    # Errors  Last Runtime    Last Run               Last # of DB Queries
---------------------------------  -----  ---------  --------  ----------  --------------  -------------------  ----------------------
/opt/airflow/dags/DevSurveyDag.py    125  0.01s             1           0  0.27s           2025-05-21T19:46:59                      12
================================================================================
[2025-05-21T19:47:59.683+0000] {manager.py:997} INFO - 
================================================================================
DAG File Processing Stats

File Path                            PID  Runtime      # DAGs    # Errors  Last Runtime    Last Run               Last # of DB Queries
---------------------------------  -----  ---------  --------  ----------  --------------  -------------------  ----------------------
/opt/airflow/dags/DevSurveyDag.py    132  0.01s             1           0  0.29s           2025-05-21T19:47:29                      12
================================================================================
[2025-05-21T19:48:00.966+0000] {manager.py:465} INFO - Exiting gracefully upon receiving signal 15
[2025-05-21T19:49:12.994+0000] {manager.py:483} INFO - Processing files using up to 2 processes at a time 
[2025-05-21T19:49:12.995+0000] {manager.py:484} INFO - Process each file at most once every 30 seconds
[2025-05-21T19:49:12.996+0000] {manager.py:485} INFO - Checking for new files in /opt/airflow/dags every 300 seconds
[2025-05-21T19:49:12.996+0000] {manager.py:821} INFO - Searching for files in /opt/airflow/dags
[2025-05-21T19:49:13.011+0000] {manager.py:824} INFO - There are 1 files in /opt/airflow/dags
[2025-05-21T19:49:13.147+0000] {manager.py:997} INFO - 
================================================================================
DAG File Processing Stats

File Path                            PID  Runtime      # DAGs    # Errors  Last Runtime    Last Run      Last # of DB Queries
---------------------------------  -----  ---------  --------  ----------  --------------  ----------  ----------------------
/opt/airflow/dags/DevSurveyDag.py     91  0.02s             0           0                                                   0
================================================================================
[2025-05-21T19:49:43.330+0000] {manager.py:997} INFO - 
================================================================================
DAG File Processing Stats

File Path                          PID    Runtime      # DAGs    # Errors  Last Runtime    Last Run               Last # of DB Queries
---------------------------------  -----  ---------  --------  ----------  --------------  -------------------  ----------------------
/opt/airflow/dags/DevSurveyDag.py                           1           0  0.23s           2025-05-21T19:49:13                      12
================================================================================
[2025-05-21T19:50:13.743+0000] {manager.py:997} INFO - 
================================================================================
DAG File Processing Stats

File Path                            PID  Runtime      # DAGs    # Errors  Last Runtime    Last Run               Last # of DB Queries
---------------------------------  -----  ---------  --------  ----------  --------------  -------------------  ----------------------
/opt/airflow/dags/DevSurveyDag.py    111  0.01s             1           0  0.17s           2025-05-21T19:49:43                      12
================================================================================
[2025-05-21T19:50:44.061+0000] {manager.py:997} INFO - 
================================================================================
DAG File Processing Stats

File Path                            PID  Runtime      # DAGs    # Errors  Last Runtime    Last Run               Last # of DB Queries
---------------------------------  -----  ---------  --------  ----------  --------------  -------------------  ----------------------
/opt/airflow/dags/DevSurveyDag.py    118  0.01s             1           0  0.18s           2025-05-21T19:50:13                      12
================================================================================
[2025-05-21T19:51:14.250+0000] {manager.py:997} INFO - 
================================================================================
DAG File Processing Stats

File Path                          PID    Runtime      # DAGs    # Errors  Last Runtime    Last Run               Last # of DB Queries
---------------------------------  -----  ---------  --------  ----------  --------------  -------------------  ----------------------
/opt/airflow/dags/DevSurveyDag.py                           1           0  0.20s           2025-05-21T19:50:44                      12
================================================================================
[2025-05-21T19:51:44.611+0000] {manager.py:997} INFO - 
================================================================================
DAG File Processing Stats

File Path                            PID  Runtime      # DAGs    # Errors  Last Runtime    Last Run               Last # of DB Queries
---------------------------------  -----  ---------  --------  ----------  --------------  -------------------  ----------------------
/opt/airflow/dags/DevSurveyDag.py    132  0.01s             1           0  0.16s           2025-05-21T19:51:14                      12
================================================================================
[2025-05-21T19:52:14.943+0000] {manager.py:997} INFO - 
================================================================================
DAG File Processing Stats

File Path                            PID  Runtime      # DAGs    # Errors  Last Runtime    Last Run               Last # of DB Queries
---------------------------------  -----  ---------  --------  ----------  --------------  -------------------  ----------------------
/opt/airflow/dags/DevSurveyDag.py    139  0.01s             1           0  0.15s           2025-05-21T19:51:44                      12
================================================================================
[2025-05-21T19:52:45.176+0000] {manager.py:997} INFO - 
================================================================================
DAG File Processing Stats

File Path                          PID    Runtime      # DAGs    # Errors  Last Runtime    Last Run               Last # of DB Queries
---------------------------------  -----  ---------  --------  ----------  --------------  -------------------  ----------------------
/opt/airflow/dags/DevSurveyDag.py                           1           0  0.26s           2025-05-21T19:52:15                      12
================================================================================
[2025-05-21T19:53:15.647+0000] {manager.py:997} INFO - 
================================================================================
DAG File Processing Stats

File Path                          PID    Runtime      # DAGs    # Errors  Last Runtime    Last Run               Last # of DB Queries
---------------------------------  -----  ---------  --------  ----------  --------------  -------------------  ----------------------
/opt/airflow/dags/DevSurveyDag.py                           1           0  0.28s           2025-05-21T19:52:45                      12
================================================================================
[2025-05-21T19:53:46.156+0000] {manager.py:997} INFO - 
================================================================================
DAG File Processing Stats

File Path                          PID    Runtime      # DAGs    # Errors  Last Runtime    Last Run               Last # of DB Queries
---------------------------------  -----  ---------  --------  ----------  --------------  -------------------  ----------------------
/opt/airflow/dags/DevSurveyDag.py                           1           0  0.25s           2025-05-21T19:53:16                      12
================================================================================
[2025-05-21T19:54:13.609+0000] {manager.py:821} INFO - Searching for files in /opt/airflow/dags
[2025-05-21T19:54:13.655+0000] {manager.py:824} INFO - There are 1 files in /opt/airflow/dags
[2025-05-21T19:54:16.727+0000] {manager.py:997} INFO - 
================================================================================
DAG File Processing Stats

File Path                          PID    Runtime      # DAGs    # Errors  Last Runtime    Last Run               Last # of DB Queries
---------------------------------  -----  ---------  --------  ----------  --------------  -------------------  ----------------------
/opt/airflow/dags/DevSurveyDag.py                           1           0  0.35s           2025-05-21T19:53:46                      12
================================================================================
[2025-05-21T19:54:47.219+0000] {manager.py:997} INFO - 
================================================================================
DAG File Processing Stats

File Path                          PID    Runtime      # DAGs    # Errors  Last Runtime    Last Run               Last # of DB Queries
---------------------------------  -----  ---------  --------  ----------  --------------  -------------------  ----------------------
/opt/airflow/dags/DevSurveyDag.py                           1           0  0.25s           2025-05-21T19:54:17                      12
================================================================================
[2025-05-21T19:55:17.698+0000] {manager.py:997} INFO - 
================================================================================
DAG File Processing Stats

File Path                          PID    Runtime      # DAGs    # Errors  Last Runtime    Last Run               Last # of DB Queries
---------------------------------  -----  ---------  --------  ----------  --------------  -------------------  ----------------------
/opt/airflow/dags/DevSurveyDag.py                           1           0  0.28s           2025-05-21T19:54:47                      12
================================================================================
[2025-05-21T19:55:48.212+0000] {manager.py:997} INFO - 
================================================================================
DAG File Processing Stats

File Path                          PID    Runtime      # DAGs    # Errors  Last Runtime    Last Run               Last # of DB Queries
---------------------------------  -----  ---------  --------  ----------  --------------  -------------------  ----------------------
/opt/airflow/dags/DevSurveyDag.py                           1           0  0.27s           2025-05-21T19:55:18                      12
================================================================================
[2025-05-21T19:56:18.672+0000] {manager.py:997} INFO - 
================================================================================
DAG File Processing Stats

File Path                            PID  Runtime      # DAGs    # Errors  Last Runtime    Last Run               Last # of DB Queries
---------------------------------  -----  ---------  --------  ----------  --------------  -------------------  ----------------------
/opt/airflow/dags/DevSurveyDag.py    195  0.01s             1           0  0.18s           2025-05-21T19:55:48                      12
================================================================================
[2025-05-21T19:56:49.038+0000] {manager.py:997} INFO - 
================================================================================
DAG File Processing Stats

File Path                            PID  Runtime      # DAGs    # Errors  Last Runtime    Last Run               Last # of DB Queries
---------------------------------  -----  ---------  --------  ----------  --------------  -------------------  ----------------------
/opt/airflow/dags/DevSurveyDag.py    202  0.01s             1           0  0.17s           2025-05-21T19:56:18                      12
================================================================================
[2025-05-21T19:57:19.256+0000] {manager.py:997} INFO - 
================================================================================
DAG File Processing Stats

File Path                          PID    Runtime      # DAGs    # Errors  Last Runtime    Last Run               Last # of DB Queries
---------------------------------  -----  ---------  --------  ----------  --------------  -------------------  ----------------------
/opt/airflow/dags/DevSurveyDag.py                           1           0  0.28s           2025-05-21T19:56:49                      12
================================================================================
[2025-05-21T19:57:49.741+0000] {manager.py:997} INFO - 
================================================================================
DAG File Processing Stats

File Path                          PID    Runtime      # DAGs    # Errors  Last Runtime    Last Run               Last # of DB Queries
---------------------------------  -----  ---------  --------  ----------  --------------  -------------------  ----------------------
/opt/airflow/dags/DevSurveyDag.py                           1           0  0.23s           2025-05-21T19:57:19                      12
================================================================================
[2025-05-21T19:58:20.140+0000] {manager.py:997} INFO - 
================================================================================
DAG File Processing Stats

File Path                          PID    Runtime      # DAGs    # Errors  Last Runtime    Last Run               Last # of DB Queries
---------------------------------  -----  ---------  --------  ----------  --------------  -------------------  ----------------------
/opt/airflow/dags/DevSurveyDag.py                           1           0  0.23s           2025-05-21T19:57:50                      12
================================================================================
[2025-05-21T19:58:50.564+0000] {manager.py:997} INFO - 
================================================================================
DAG File Processing Stats

File Path                          PID    Runtime      # DAGs    # Errors  Last Runtime    Last Run               Last # of DB Queries
---------------------------------  -----  ---------  --------  ----------  --------------  -------------------  ----------------------
/opt/airflow/dags/DevSurveyDag.py                           1           0  0.23s           2025-05-21T19:58:20                      12
================================================================================
[2025-05-21T19:59:13.952+0000] {manager.py:821} INFO - Searching for files in /opt/airflow/dags
[2025-05-21T19:59:13.973+0000] {manager.py:824} INFO - There are 1 files in /opt/airflow/dags
[2025-05-21T19:59:21.054+0000] {manager.py:997} INFO - 
================================================================================
DAG File Processing Stats

File Path                            PID  Runtime      # DAGs    # Errors  Last Runtime    Last Run               Last # of DB Queries
---------------------------------  -----  ---------  --------  ----------  --------------  -------------------  ----------------------
/opt/airflow/dags/DevSurveyDag.py    237  0.01s             1           0  0.23s           2025-05-21T19:58:51                      12
================================================================================
[2025-05-21T19:59:51.409+0000] {manager.py:997} INFO - 
================================================================================
DAG File Processing Stats

File Path                            PID  Runtime      # DAGs    # Errors  Last Runtime    Last Run               Last # of DB Queries
---------------------------------  -----  ---------  --------  ----------  --------------  -------------------  ----------------------
/opt/airflow/dags/DevSurveyDag.py    244  0.01s             1           0  0.19s           2025-05-21T19:59:21                      12
================================================================================
[2025-05-21T20:00:21.610+0000] {manager.py:997} INFO - 
================================================================================
DAG File Processing Stats

File Path                          PID    Runtime      # DAGs    # Errors  Last Runtime    Last Run               Last # of DB Queries
---------------------------------  -----  ---------  --------  ----------  --------------  -------------------  ----------------------
/opt/airflow/dags/DevSurveyDag.py                           1           0  0.25s           2025-05-21T19:59:51                      12
================================================================================
[2025-05-21T20:00:52.045+0000] {manager.py:997} INFO - 
================================================================================
DAG File Processing Stats

File Path                          PID    Runtime      # DAGs    # Errors  Last Runtime    Last Run               Last # of DB Queries
---------------------------------  -----  ---------  --------  ----------  --------------  -------------------  ----------------------
/opt/airflow/dags/DevSurveyDag.py                           1           0  0.31s           2025-05-21T20:00:22                      12
================================================================================
[2025-05-21T20:01:22.550+0000] {manager.py:997} INFO - 
================================================================================
DAG File Processing Stats

File Path                          PID    Runtime      # DAGs    # Errors  Last Runtime    Last Run               Last # of DB Queries
---------------------------------  -----  ---------  --------  ----------  --------------  -------------------  ----------------------
/opt/airflow/dags/DevSurveyDag.py                           1           0  0.27s           2025-05-21T20:00:52                      12
================================================================================
[2025-05-21T20:01:53.019+0000] {manager.py:997} INFO - 
================================================================================
DAG File Processing Stats

File Path                            PID  Runtime      # DAGs    # Errors  Last Runtime    Last Run               Last # of DB Queries
---------------------------------  -----  ---------  --------  ----------  --------------  -------------------  ----------------------
/opt/airflow/dags/DevSurveyDag.py    272  0.01s             1           0  0.19s           2025-05-21T20:01:22                      12
================================================================================
[2025-05-21T20:02:23.376+0000] {manager.py:997} INFO - 
================================================================================
DAG File Processing Stats

File Path                            PID  Runtime      # DAGs    # Errors  Last Runtime    Last Run               Last # of DB Queries
---------------------------------  -----  ---------  --------  ----------  --------------  -------------------  ----------------------
/opt/airflow/dags/DevSurveyDag.py    279  0.01s             1           0  0.20s           2025-05-21T20:01:53                      12
================================================================================
[2025-05-21T20:02:53.645+0000] {manager.py:997} INFO - 
================================================================================
DAG File Processing Stats

File Path                          PID    Runtime      # DAGs    # Errors  Last Runtime    Last Run               Last # of DB Queries
---------------------------------  -----  ---------  --------  ----------  --------------  -------------------  ----------------------
/opt/airflow/dags/DevSurveyDag.py                           1           0  0.27s           2025-05-21T20:02:23                      12
================================================================================
[2025-05-21T20:03:24.085+0000] {manager.py:997} INFO - 
================================================================================
DAG File Processing Stats

File Path                          PID    Runtime      # DAGs    # Errors  Last Runtime    Last Run               Last # of DB Queries
---------------------------------  -----  ---------  --------  ----------  --------------  -------------------  ----------------------
/opt/airflow/dags/DevSurveyDag.py                           1           0  0.26s           2025-05-21T20:02:54                      12
================================================================================
[2025-05-21T20:03:54.576+0000] {manager.py:997} INFO - 
================================================================================
DAG File Processing Stats

File Path                          PID    Runtime      # DAGs    # Errors  Last Runtime    Last Run               Last # of DB Queries
---------------------------------  -----  ---------  --------  ----------  --------------  -------------------  ----------------------
/opt/airflow/dags/DevSurveyDag.py                           1           0  0.28s           2025-05-21T20:03:24                      12
================================================================================
[2025-05-21T20:04:13.964+0000] {manager.py:821} INFO - Searching for files in /opt/airflow/dags
[2025-05-21T20:04:13.979+0000] {manager.py:824} INFO - There are 1 files in /opt/airflow/dags
[2025-05-21T20:04:25.094+0000] {manager.py:997} INFO - 
================================================================================
DAG File Processing Stats

File Path                            PID  Runtime      # DAGs    # Errors  Last Runtime    Last Run               Last # of DB Queries
---------------------------------  -----  ---------  --------  ----------  --------------  -------------------  ----------------------
/opt/airflow/dags/DevSurveyDag.py    308  0.01s             1           0  0.23s           2025-05-21T20:03:55                      12
================================================================================
[2025-05-21T20:04:55.504+0000] {manager.py:997} INFO - 
================================================================================
DAG File Processing Stats

File Path                            PID  Runtime      # DAGs    # Errors  Last Runtime    Last Run               Last # of DB Queries
---------------------------------  -----  ---------  --------  ----------  --------------  -------------------  ----------------------
/opt/airflow/dags/DevSurveyDag.py    315  0.01s             1           0  0.27s           2025-05-21T20:04:25                      12
================================================================================
[2025-05-21T20:05:25.782+0000] {manager.py:997} INFO - 
================================================================================
DAG File Processing Stats

File Path                          PID    Runtime      # DAGs    # Errors  Last Runtime    Last Run               Last # of DB Queries
---------------------------------  -----  ---------  --------  ----------  --------------  -------------------  ----------------------
/opt/airflow/dags/DevSurveyDag.py                           1           0  0.31s           2025-05-21T20:04:55                      12
================================================================================
[2025-05-21T20:05:56.214+0000] {manager.py:997} INFO - 
================================================================================
DAG File Processing Stats

File Path                          PID    Runtime      # DAGs    # Errors  Last Runtime    Last Run               Last # of DB Queries
---------------------------------  -----  ---------  --------  ----------  --------------  -------------------  ----------------------
/opt/airflow/dags/DevSurveyDag.py                           1           0  0.21s           2025-05-21T20:05:26                      12
================================================================================
[2025-05-21T20:06:26.611+0000] {manager.py:997} INFO - 
================================================================================
DAG File Processing Stats

File Path                            PID  Runtime      # DAGs    # Errors  Last Runtime    Last Run               Last # of DB Queries
---------------------------------  -----  ---------  --------  ----------  --------------  -------------------  ----------------------
/opt/airflow/dags/DevSurveyDag.py    336  0.01s             1           0  0.14s           2025-05-21T20:05:56                      12
================================================================================
[2025-05-21T20:06:56.912+0000] {manager.py:997} INFO - 
================================================================================
DAG File Processing Stats

File Path                            PID  Runtime      # DAGs    # Errors  Last Runtime    Last Run               Last # of DB Queries
---------------------------------  -----  ---------  --------  ----------  --------------  -------------------  ----------------------
/opt/airflow/dags/DevSurveyDag.py    343  0.01s             1           0  0.16s           2025-05-21T20:06:26                      12
================================================================================
[2025-05-21T20:07:27.107+0000] {manager.py:997} INFO - 
================================================================================
DAG File Processing Stats

File Path                          PID    Runtime      # DAGs    # Errors  Last Runtime    Last Run               Last # of DB Queries
---------------------------------  -----  ---------  --------  ----------  --------------  -------------------  ----------------------
/opt/airflow/dags/DevSurveyDag.py                           1           0  0.20s           2025-05-21T20:06:57                      12
================================================================================
[2025-05-21T20:07:57.493+0000] {manager.py:997} INFO - 
================================================================================
DAG File Processing Stats

File Path                          PID    Runtime      # DAGs    # Errors  Last Runtime    Last Run               Last # of DB Queries
---------------------------------  -----  ---------  --------  ----------  --------------  -------------------  ----------------------
/opt/airflow/dags/DevSurveyDag.py                           1           0  0.27s           2025-05-21T20:07:27                      12
================================================================================
[2025-05-21T20:08:27.966+0000] {manager.py:997} INFO - 
================================================================================
DAG File Processing Stats

File Path                          PID    Runtime      # DAGs    # Errors  Last Runtime    Last Run               Last # of DB Queries
---------------------------------  -----  ---------  --------  ----------  --------------  -------------------  ----------------------
/opt/airflow/dags/DevSurveyDag.py                           1           0  0.25s           2025-05-21T20:07:57                      12
================================================================================
[2025-05-21T20:08:58.424+0000] {manager.py:997} INFO - 
================================================================================
DAG File Processing Stats

File Path                          PID    Runtime      # DAGs    # Errors  Last Runtime    Last Run               Last # of DB Queries
---------------------------------  -----  ---------  --------  ----------  --------------  -------------------  ----------------------
/opt/airflow/dags/DevSurveyDag.py                           1           0  0.26s           2025-05-21T20:08:28                      12
================================================================================
[2025-05-21T20:09:14.016+0000] {manager.py:821} INFO - Searching for files in /opt/airflow/dags
[2025-05-21T20:09:14.038+0000] {manager.py:824} INFO - There are 1 files in /opt/airflow/dags
[2025-05-21T20:09:28.870+0000] {manager.py:997} INFO - 
================================================================================
DAG File Processing Stats

File Path                          PID    Runtime      # DAGs    # Errors  Last Runtime    Last Run               Last # of DB Queries
---------------------------------  -----  ---------  --------  ----------  --------------  -------------------  ----------------------
/opt/airflow/dags/DevSurveyDag.py                           1           0  0.25s           2025-05-21T20:08:58                      12
================================================================================
[2025-05-21T20:09:59.381+0000] {manager.py:997} INFO - 
================================================================================
DAG File Processing Stats

File Path                          PID    Runtime      # DAGs    # Errors  Last Runtime    Last Run               Last # of DB Queries
---------------------------------  -----  ---------  --------  ----------  --------------  -------------------  ----------------------
/opt/airflow/dags/DevSurveyDag.py                           1           0  0.24s           2025-05-21T20:09:29                      12
================================================================================
[2025-05-21T20:10:29.849+0000] {manager.py:997} INFO - 
================================================================================
DAG File Processing Stats

File Path                          PID    Runtime      # DAGs    # Errors  Last Runtime    Last Run               Last # of DB Queries
---------------------------------  -----  ---------  --------  ----------  --------------  -------------------  ----------------------
/opt/airflow/dags/DevSurveyDag.py                           1           0  0.27s           2025-05-21T20:09:59                      12
================================================================================
[2025-05-21T20:11:00.301+0000] {manager.py:997} INFO - 
================================================================================
DAG File Processing Stats

File Path                          PID    Runtime      # DAGs    # Errors  Last Runtime    Last Run               Last # of DB Queries
---------------------------------  -----  ---------  --------  ----------  --------------  -------------------  ----------------------
/opt/airflow/dags/DevSurveyDag.py                           1           0  0.24s           2025-05-21T20:10:30                      12
================================================================================
[2025-05-21T20:11:30.713+0000] {manager.py:997} INFO - 
================================================================================
DAG File Processing Stats

File Path                            PID  Runtime      # DAGs    # Errors  Last Runtime    Last Run               Last # of DB Queries
---------------------------------  -----  ---------  --------  ----------  --------------  -------------------  ----------------------
/opt/airflow/dags/DevSurveyDag.py    406  0.01s             1           0  0.15s           2025-05-21T20:11:00                      12
================================================================================
[2025-05-21T20:12:01.032+0000] {manager.py:997} INFO - 
================================================================================
DAG File Processing Stats

File Path                            PID  Runtime      # DAGs    # Errors  Last Runtime    Last Run               Last # of DB Queries
---------------------------------  -----  ---------  --------  ----------  --------------  -------------------  ----------------------
/opt/airflow/dags/DevSurveyDag.py    413  0.01s             1           0  0.17s           2025-05-21T20:11:30                      12
================================================================================
[2025-05-21T20:12:31.243+0000] {manager.py:997} INFO - 
================================================================================
DAG File Processing Stats

File Path                            PID  Runtime      # DAGs    # Errors  Last Runtime    Last Run               Last # of DB Queries
---------------------------------  -----  ---------  --------  ----------  --------------  -------------------  ----------------------
/opt/airflow/dags/DevSurveyDag.py    420  0.01s             1           0  0.18s           2025-05-21T20:12:01                      12
================================================================================
[2025-05-21T20:13:01.579+0000] {manager.py:997} INFO - 
================================================================================
DAG File Processing Stats

File Path                            PID  Runtime      # DAGs    # Errors  Last Runtime    Last Run               Last # of DB Queries
---------------------------------  -----  ---------  --------  ----------  --------------  -------------------  ----------------------
/opt/airflow/dags/DevSurveyDag.py    427  0.01s             1           0  0.18s           2025-05-21T20:12:31                      12
================================================================================
[2025-05-21T20:13:31.801+0000] {manager.py:997} INFO - 
================================================================================
DAG File Processing Stats

File Path                            PID  Runtime      # DAGs    # Errors  Last Runtime    Last Run               Last # of DB Queries
---------------------------------  -----  ---------  --------  ----------  --------------  -------------------  ----------------------
/opt/airflow/dags/DevSurveyDag.py    434  0.01s             1           0  0.21s           2025-05-21T20:13:01                      12
================================================================================
[2025-05-21T20:14:02.027+0000] {manager.py:997} INFO - 
================================================================================
DAG File Processing Stats

File Path                            PID  Runtime      # DAGs    # Errors  Last Runtime    Last Run               Last # of DB Queries
---------------------------------  -----  ---------  --------  ----------  --------------  -------------------  ----------------------
/opt/airflow/dags/DevSurveyDag.py    441  0.01s             1           0  0.15s           2025-05-21T20:13:31                      12
================================================================================
[2025-05-21T20:14:14.222+0000] {manager.py:821} INFO - Searching for files in /opt/airflow/dags
[2025-05-21T20:14:14.249+0000] {manager.py:824} INFO - There are 1 files in /opt/airflow/dags
[2025-05-21T20:14:32.404+0000] {manager.py:997} INFO - 
================================================================================
DAG File Processing Stats

File Path                          PID    Runtime      # DAGs    # Errors  Last Runtime    Last Run               Last # of DB Queries
---------------------------------  -----  ---------  --------  ----------  --------------  -------------------  ----------------------
/opt/airflow/dags/DevSurveyDag.py                           1           0  0.41s           2025-05-21T20:14:02                      12
================================================================================
[2025-05-21T20:15:02.853+0000] {manager.py:997} INFO - 
================================================================================
DAG File Processing Stats

File Path                          PID    Runtime      # DAGs    # Errors  Last Runtime    Last Run               Last # of DB Queries
---------------------------------  -----  ---------  --------  ----------  --------------  -------------------  ----------------------
/opt/airflow/dags/DevSurveyDag.py                           1           0  0.36s           2025-05-21T20:14:33                      12
================================================================================
[2025-05-21T20:15:33.453+0000] {manager.py:997} INFO - 
================================================================================
DAG File Processing Stats

File Path                          PID    Runtime      # DAGs    # Errors  Last Runtime    Last Run               Last # of DB Queries
---------------------------------  -----  ---------  --------  ----------  --------------  -------------------  ----------------------
/opt/airflow/dags/DevSurveyDag.py                           1           0  0.26s           2025-05-21T20:15:03                      12
================================================================================
[2025-05-21T20:16:03.907+0000] {manager.py:997} INFO - 
================================================================================
DAG File Processing Stats

File Path                          PID    Runtime      # DAGs    # Errors  Last Runtime    Last Run               Last # of DB Queries
---------------------------------  -----  ---------  --------  ----------  --------------  -------------------  ----------------------
/opt/airflow/dags/DevSurveyDag.py                           1           0  0.27s           2025-05-21T20:15:33                      12
================================================================================
[2025-05-21T20:16:34.393+0000] {manager.py:997} INFO - 
================================================================================
DAG File Processing Stats

File Path                          PID    Runtime      # DAGs    # Errors  Last Runtime    Last Run               Last # of DB Queries
---------------------------------  -----  ---------  --------  ----------  --------------  -------------------  ----------------------
/opt/airflow/dags/DevSurveyDag.py                           1           0  0.22s           2025-05-21T20:16:04                      12
================================================================================
[2025-05-21T20:17:04.831+0000] {manager.py:997} INFO - 
================================================================================
DAG File Processing Stats

File Path                          PID    Runtime      # DAGs    # Errors  Last Runtime    Last Run               Last # of DB Queries
---------------------------------  -----  ---------  --------  ----------  --------------  -------------------  ----------------------
/opt/airflow/dags/DevSurveyDag.py                           1           0  0.24s           2025-05-21T20:16:34                      12
================================================================================
[2025-05-21T20:17:35.249+0000] {manager.py:997} INFO - 
================================================================================
DAG File Processing Stats

File Path                          PID    Runtime      # DAGs    # Errors  Last Runtime    Last Run               Last # of DB Queries
---------------------------------  -----  ---------  --------  ----------  --------------  -------------------  ----------------------
/opt/airflow/dags/DevSurveyDag.py                           1           0  0.26s           2025-05-21T20:17:05                      12
================================================================================
[2025-05-21T20:18:05.711+0000] {manager.py:997} INFO - 
================================================================================
DAG File Processing Stats

File Path                          PID    Runtime      # DAGs    # Errors  Last Runtime    Last Run               Last # of DB Queries
---------------------------------  -----  ---------  --------  ----------  --------------  -------------------  ----------------------
/opt/airflow/dags/DevSurveyDag.py                           1           0  0.22s           2025-05-21T20:17:35                      12
================================================================================
[2025-05-21T20:18:36.104+0000] {manager.py:997} INFO - 
================================================================================
DAG File Processing Stats

File Path                          PID    Runtime      # DAGs    # Errors  Last Runtime    Last Run               Last # of DB Queries
---------------------------------  -----  ---------  --------  ----------  --------------  -------------------  ----------------------
/opt/airflow/dags/DevSurveyDag.py                           1           0  0.22s           2025-05-21T20:18:06                      12
================================================================================
[2025-05-21T20:19:06.546+0000] {manager.py:997} INFO - 
================================================================================
DAG File Processing Stats

File Path                          PID    Runtime      # DAGs    # Errors  Last Runtime    Last Run               Last # of DB Queries
---------------------------------  -----  ---------  --------  ----------  --------------  -------------------  ----------------------
/opt/airflow/dags/DevSurveyDag.py                           1           0  0.23s           2025-05-21T20:18:36                      12
================================================================================
[2025-05-21T20:19:14.808+0000] {manager.py:821} INFO - Searching for files in /opt/airflow/dags
[2025-05-21T20:19:14.829+0000] {manager.py:824} INFO - There are 1 files in /opt/airflow/dags
[2025-05-21T20:19:36.991+0000] {manager.py:997} INFO - 
================================================================================
DAG File Processing Stats

File Path                            PID  Runtime      # DAGs    # Errors  Last Runtime    Last Run               Last # of DB Queries
---------------------------------  -----  ---------  --------  ----------  --------------  -------------------  ----------------------
/opt/airflow/dags/DevSurveyDag.py    518  0.01s             1           0  0.23s           2025-05-21T20:19:06                      12
================================================================================
[2025-05-21T20:20:07.210+0000] {manager.py:997} INFO - 
================================================================================
DAG File Processing Stats

File Path                            PID  Runtime      # DAGs    # Errors  Last Runtime    Last Run               Last # of DB Queries
---------------------------------  -----  ---------  --------  ----------  --------------  -------------------  ----------------------
/opt/airflow/dags/DevSurveyDag.py    525  0.01s             1           0  0.16s           2025-05-21T20:19:37                      12
================================================================================
[2025-05-21T20:20:37.557+0000] {manager.py:997} INFO - 
================================================================================
DAG File Processing Stats

File Path                            PID  Runtime      # DAGs    # Errors  Last Runtime    Last Run               Last # of DB Queries
---------------------------------  -----  ---------  --------  ----------  --------------  -------------------  ----------------------
/opt/airflow/dags/DevSurveyDag.py    532  0.01s             1           0  0.25s           2025-05-21T20:20:07                      12
================================================================================
[2025-05-21T20:21:07.859+0000] {manager.py:997} INFO - 
================================================================================
DAG File Processing Stats

File Path                            PID  Runtime      # DAGs    # Errors  Last Runtime    Last Run               Last # of DB Queries
---------------------------------  -----  ---------  --------  ----------  --------------  -------------------  ----------------------
/opt/airflow/dags/DevSurveyDag.py    539  0.01s             1           0  0.19s           2025-05-21T20:20:37                      12
================================================================================
[2025-05-21T20:21:38.127+0000] {manager.py:997} INFO - 
================================================================================
DAG File Processing Stats

File Path                            PID  Runtime      # DAGs    # Errors  Last Runtime    Last Run               Last # of DB Queries
---------------------------------  -----  ---------  --------  ----------  --------------  -------------------  ----------------------
/opt/airflow/dags/DevSurveyDag.py    546  0.01s             1           0  0.23s           2025-05-21T20:21:08                      12
================================================================================
[2025-05-21T20:22:08.520+0000] {manager.py:997} INFO - 
================================================================================
DAG File Processing Stats

File Path                            PID  Runtime      # DAGs    # Errors  Last Runtime    Last Run               Last # of DB Queries
---------------------------------  -----  ---------  --------  ----------  --------------  -------------------  ----------------------
/opt/airflow/dags/DevSurveyDag.py    553  0.01s             1           0  0.26s           2025-05-21T20:21:38                      12
================================================================================
[2025-05-21T20:22:38.818+0000] {manager.py:997} INFO - 
================================================================================
DAG File Processing Stats

File Path                            PID  Runtime      # DAGs    # Errors  Last Runtime    Last Run               Last # of DB Queries
---------------------------------  -----  ---------  --------  ----------  --------------  -------------------  ----------------------
/opt/airflow/dags/DevSurveyDag.py    560  0.01s             1           0  0.24s           2025-05-21T20:22:08                      12
================================================================================
[2025-05-21T20:23:09.196+0000] {manager.py:997} INFO - 
================================================================================
DAG File Processing Stats

File Path                            PID  Runtime      # DAGs    # Errors  Last Runtime    Last Run               Last # of DB Queries
---------------------------------  -----  ---------  --------  ----------  --------------  -------------------  ----------------------
/opt/airflow/dags/DevSurveyDag.py    567  0.01s             1           0  0.17s           2025-05-21T20:22:38                      12
================================================================================
[2025-05-21T20:23:39.421+0000] {manager.py:997} INFO - 
================================================================================
DAG File Processing Stats

File Path                          PID    Runtime      # DAGs    # Errors  Last Runtime    Last Run               Last # of DB Queries
---------------------------------  -----  ---------  --------  ----------  --------------  -------------------  ----------------------
/opt/airflow/dags/DevSurveyDag.py                           1           0  0.28s           2025-05-21T20:23:09                      12
================================================================================
[2025-05-21T20:24:09.907+0000] {manager.py:997} INFO - 
================================================================================
DAG File Processing Stats

File Path                          PID    Runtime      # DAGs    # Errors  Last Runtime    Last Run               Last # of DB Queries
---------------------------------  -----  ---------  --------  ----------  --------------  -------------------  ----------------------
/opt/airflow/dags/DevSurveyDag.py                           1           0  0.24s           2025-05-21T20:23:39                      12
================================================================================
[2025-05-21T20:24:15.167+0000] {manager.py:821} INFO - Searching for files in /opt/airflow/dags
[2025-05-21T20:24:15.188+0000] {manager.py:824} INFO - There are 1 files in /opt/airflow/dags
[2025-05-21T20:24:40.496+0000] {manager.py:997} INFO - 
================================================================================
DAG File Processing Stats

File Path                            PID  Runtime      # DAGs    # Errors  Last Runtime    Last Run               Last # of DB Queries
---------------------------------  -----  ---------  --------  ----------  --------------  -------------------  ----------------------
/opt/airflow/dags/DevSurveyDag.py    588  0.01s             1           0  0.26s           2025-05-21T20:24:10                      12
================================================================================
[2025-05-21T20:25:10.870+0000] {manager.py:997} INFO - 
================================================================================
DAG File Processing Stats

File Path                            PID  Runtime      # DAGs    # Errors  Last Runtime    Last Run               Last # of DB Queries
---------------------------------  -----  ---------  --------  ----------  --------------  -------------------  ----------------------
/opt/airflow/dags/DevSurveyDag.py    595  0.01s             1           0  0.25s           2025-05-21T20:24:40                      12
================================================================================
[2025-05-21T20:25:41.187+0000] {manager.py:997} INFO - 
================================================================================
DAG File Processing Stats

File Path                            PID  Runtime      # DAGs    # Errors  Last Runtime    Last Run               Last # of DB Queries
---------------------------------  -----  ---------  --------  ----------  --------------  -------------------  ----------------------
/opt/airflow/dags/DevSurveyDag.py    602  0.01s             1           0  0.27s           2025-05-21T20:25:11                      12
================================================================================
[2025-05-21T20:26:11.576+0000] {manager.py:997} INFO - 
================================================================================
DAG File Processing Stats

File Path                            PID  Runtime      # DAGs    # Errors  Last Runtime    Last Run               Last # of DB Queries
---------------------------------  -----  ---------  --------  ----------  --------------  -------------------  ----------------------
/opt/airflow/dags/DevSurveyDag.py    609  0.01s             1           0  0.37s           2025-05-21T20:25:41                      12
================================================================================
[2025-05-21T20:26:41.988+0000] {manager.py:997} INFO - 
================================================================================
DAG File Processing Stats

File Path                            PID  Runtime      # DAGs    # Errors  Last Runtime    Last Run               Last # of DB Queries
---------------------------------  -----  ---------  --------  ----------  --------------  -------------------  ----------------------
/opt/airflow/dags/DevSurveyDag.py    616  0.01s             1           0  0.22s           2025-05-21T20:26:11                      12
================================================================================
[2025-05-21T20:27:12.213+0000] {manager.py:997} INFO - 
================================================================================
DAG File Processing Stats

File Path                          PID    Runtime      # DAGs    # Errors  Last Runtime    Last Run               Last # of DB Queries
---------------------------------  -----  ---------  --------  ----------  --------------  -------------------  ----------------------
/opt/airflow/dags/DevSurveyDag.py                           1           0  0.25s           2025-05-21T20:26:42                      12
================================================================================
[2025-05-21T20:27:42.649+0000] {manager.py:997} INFO - 
================================================================================
DAG File Processing Stats

File Path                          PID    Runtime      # DAGs    # Errors  Last Runtime    Last Run               Last # of DB Queries
---------------------------------  -----  ---------  --------  ----------  --------------  -------------------  ----------------------
/opt/airflow/dags/DevSurveyDag.py                           1           0  0.25s           2025-05-21T20:27:12                      12
================================================================================
[2025-05-21T20:28:13.091+0000] {manager.py:997} INFO - 
================================================================================
DAG File Processing Stats

File Path                          PID    Runtime      # DAGs    # Errors  Last Runtime    Last Run               Last # of DB Queries
---------------------------------  -----  ---------  --------  ----------  --------------  -------------------  ----------------------
/opt/airflow/dags/DevSurveyDag.py                           1           0  0.32s           2025-05-21T20:27:43                      12
================================================================================
[2025-05-21T20:28:43.634+0000] {manager.py:997} INFO - 
================================================================================
DAG File Processing Stats

File Path                          PID    Runtime      # DAGs    # Errors  Last Runtime    Last Run               Last # of DB Queries
---------------------------------  -----  ---------  --------  ----------  --------------  -------------------  ----------------------
/opt/airflow/dags/DevSurveyDag.py                           1           0  0.23s           2025-05-21T20:28:13                      12
================================================================================
[2025-05-21T20:29:14.072+0000] {manager.py:997} INFO - 
================================================================================
DAG File Processing Stats

File Path                          PID    Runtime      # DAGs    # Errors  Last Runtime    Last Run               Last # of DB Queries
---------------------------------  -----  ---------  --------  ----------  --------------  -------------------  ----------------------
/opt/airflow/dags/DevSurveyDag.py                           1           0  0.23s           2025-05-21T20:28:44                      12
================================================================================
[2025-05-21T20:29:15.306+0000] {manager.py:821} INFO - Searching for files in /opt/airflow/dags
[2025-05-21T20:29:15.335+0000] {manager.py:824} INFO - There are 1 files in /opt/airflow/dags
[2025-05-21T20:29:44.557+0000] {manager.py:997} INFO - 
================================================================================
DAG File Processing Stats

File Path                          PID    Runtime      # DAGs    # Errors  Last Runtime    Last Run               Last # of DB Queries
---------------------------------  -----  ---------  --------  ----------  --------------  -------------------  ----------------------
/opt/airflow/dags/DevSurveyDag.py                           1           0  0.27s           2025-05-21T20:29:14                      12
================================================================================
[2025-05-21T20:30:14.989+0000] {manager.py:997} INFO - 
================================================================================
DAG File Processing Stats

File Path                            PID  Runtime      # DAGs    # Errors  Last Runtime    Last Run               Last # of DB Queries
---------------------------------  -----  ---------  --------  ----------  --------------  -------------------  ----------------------
/opt/airflow/dags/DevSurveyDag.py    665  0.01s             1           0  0.21s           2025-05-21T20:29:44                      12
================================================================================
[2025-05-21T20:30:45.036+0000] {manager.py:997} INFO - 
================================================================================
DAG File Processing Stats

File Path                          PID    Runtime      # DAGs    # Errors  Last Runtime    Last Run               Last # of DB Queries
---------------------------------  -----  ---------  --------  ----------  --------------  -------------------  ----------------------
/opt/airflow/dags/DevSurveyDag.py                           1           0  1.86s           2025-05-21T20:30:16                      12
================================================================================
[2025-05-21T20:31:15.267+0000] {manager.py:997} INFO - 
================================================================================
DAG File Processing Stats

File Path                          PID    Runtime      # DAGs    # Errors  Last Runtime    Last Run               Last # of DB Queries
---------------------------------  -----  ---------  --------  ----------  --------------  -------------------  ----------------------
/opt/airflow/dags/DevSurveyDag.py                           1           0  0.16s           2025-05-21T20:30:47                      12
================================================================================
[2025-05-21T20:31:45.630+0000] {manager.py:997} INFO - 
================================================================================
DAG File Processing Stats

File Path                          PID    Runtime      # DAGs    # Errors  Last Runtime    Last Run               Last # of DB Queries
---------------------------------  -----  ---------  --------  ----------  --------------  -------------------  ----------------------
/opt/airflow/dags/DevSurveyDag.py                           1           0  0.25s           2025-05-21T20:31:17                      12
================================================================================
[2025-05-21T20:32:15.929+0000] {manager.py:997} INFO - 
================================================================================
DAG File Processing Stats

File Path                          PID    Runtime      # DAGs    # Errors  Last Runtime    Last Run               Last # of DB Queries
---------------------------------  -----  ---------  --------  ----------  --------------  -------------------  ----------------------
/opt/airflow/dags/DevSurveyDag.py                           1           0  0.20s           2025-05-21T20:31:47                      12
================================================================================
[2025-05-21T20:32:46.256+0000] {manager.py:997} INFO - 
================================================================================
DAG File Processing Stats

File Path                          PID    Runtime      # DAGs    # Errors  Last Runtime    Last Run               Last # of DB Queries
---------------------------------  -----  ---------  --------  ----------  --------------  -------------------  ----------------------
/opt/airflow/dags/DevSurveyDag.py                           1           0  0.27s           2025-05-21T20:32:18                      12
================================================================================
[2025-05-21T20:33:16.627+0000] {manager.py:997} INFO - 
================================================================================
DAG File Processing Stats

File Path                          PID    Runtime      # DAGs    # Errors  Last Runtime    Last Run               Last # of DB Queries
---------------------------------  -----  ---------  --------  ----------  --------------  -------------------  ----------------------
/opt/airflow/dags/DevSurveyDag.py                           1           0  0.24s           2025-05-21T20:32:48                      12
================================================================================
[2025-05-21T20:33:46.900+0000] {manager.py:997} INFO - 
================================================================================
DAG File Processing Stats

File Path                          PID    Runtime      # DAGs    # Errors  Last Runtime    Last Run               Last # of DB Queries
---------------------------------  -----  ---------  --------  ----------  --------------  -------------------  ----------------------
/opt/airflow/dags/DevSurveyDag.py                           1           0  0.26s           2025-05-21T20:33:18                      12
================================================================================
[2025-05-21T20:34:16.289+0000] {manager.py:821} INFO - Searching for files in /opt/airflow/dags
[2025-05-21T20:34:16.316+0000] {manager.py:824} INFO - There are 1 files in /opt/airflow/dags
[2025-05-21T20:34:17.349+0000] {manager.py:997} INFO - 
================================================================================
DAG File Processing Stats

File Path                          PID    Runtime      # DAGs    # Errors  Last Runtime    Last Run               Last # of DB Queries
---------------------------------  -----  ---------  --------  ----------  --------------  -------------------  ----------------------
/opt/airflow/dags/DevSurveyDag.py                           1           0  0.19s           2025-05-21T20:33:49                      12
================================================================================
[2025-05-21T20:34:47.572+0000] {manager.py:997} INFO - 
================================================================================
DAG File Processing Stats

File Path                          PID    Runtime      # DAGs    # Errors  Last Runtime    Last Run               Last # of DB Queries
---------------------------------  -----  ---------  --------  ----------  --------------  -------------------  ----------------------
/opt/airflow/dags/DevSurveyDag.py                           1           0  0.17s           2025-05-21T20:34:19                      12
================================================================================
[2025-05-21T20:35:17.921+0000] {manager.py:997} INFO - 
================================================================================
DAG File Processing Stats

File Path                          PID    Runtime      # DAGs    # Errors  Last Runtime    Last Run               Last # of DB Queries
---------------------------------  -----  ---------  --------  ----------  --------------  -------------------  ----------------------
/opt/airflow/dags/DevSurveyDag.py                           1           0  0.20s           2025-05-21T20:34:49                      12
================================================================================
[2025-05-21T20:35:48.163+0000] {manager.py:997} INFO - 
================================================================================
DAG File Processing Stats

File Path                          PID    Runtime      # DAGs    # Errors  Last Runtime    Last Run               Last # of DB Queries
---------------------------------  -----  ---------  --------  ----------  --------------  -------------------  ----------------------
/opt/airflow/dags/DevSurveyDag.py                           1           0  0.14s           2025-05-21T20:35:20                      12
================================================================================
[2025-05-21T20:36:18.482+0000] {manager.py:997} INFO - 
================================================================================
DAG File Processing Stats

File Path                          PID    Runtime      # DAGs    # Errors  Last Runtime    Last Run               Last # of DB Queries
---------------------------------  -----  ---------  --------  ----------  --------------  -------------------  ----------------------
/opt/airflow/dags/DevSurveyDag.py                           1           0  0.23s           2025-05-21T20:35:50                      12
================================================================================
[2025-05-21T20:36:48.792+0000] {manager.py:997} INFO - 
================================================================================
DAG File Processing Stats

File Path                          PID    Runtime      # DAGs    # Errors  Last Runtime    Last Run               Last # of DB Queries
---------------------------------  -----  ---------  --------  ----------  --------------  -------------------  ----------------------
/opt/airflow/dags/DevSurveyDag.py                           1           0  0.21s           2025-05-21T20:36:20                      12
================================================================================
[2025-05-21T20:37:19.097+0000] {manager.py:997} INFO - 
================================================================================
DAG File Processing Stats

File Path                          PID    Runtime      # DAGs    # Errors  Last Runtime    Last Run               Last # of DB Queries
---------------------------------  -----  ---------  --------  ----------  --------------  -------------------  ----------------------
/opt/airflow/dags/DevSurveyDag.py                           1           0  0.16s           2025-05-21T20:36:50                      12
================================================================================
[2025-05-21T20:37:46.123+0000] {manager.py:465} INFO - Exiting gracefully upon receiving signal 15
[2025-05-21T20:39:03.532+0000] {manager.py:483} INFO - Processing files using up to 2 processes at a time 
[2025-05-21T20:39:03.533+0000] {manager.py:484} INFO - Process each file at most once every 30 seconds
[2025-05-21T20:39:03.533+0000] {manager.py:485} INFO - Checking for new files in /opt/airflow/dags every 300 seconds
[2025-05-21T20:39:03.534+0000] {manager.py:821} INFO - Searching for files in /opt/airflow/dags
[2025-05-21T20:39:03.550+0000] {manager.py:824} INFO - There are 1 files in /opt/airflow/dags
[2025-05-21T20:39:03.678+0000] {manager.py:997} INFO - 
================================================================================
DAG File Processing Stats

File Path                            PID  Runtime      # DAGs    # Errors  Last Runtime    Last Run      Last # of DB Queries
---------------------------------  -----  ---------  --------  ----------  --------------  ----------  ----------------------
/opt/airflow/dags/DevSurveyDag.py     90  0.03s             0           0                                                   0
================================================================================
[2025-05-21T20:39:33.857+0000] {manager.py:997} INFO - 
================================================================================
DAG File Processing Stats

File Path                          PID    Runtime      # DAGs    # Errors  Last Runtime    Last Run               Last # of DB Queries
---------------------------------  -----  ---------  --------  ----------  --------------  -------------------  ----------------------
/opt/airflow/dags/DevSurveyDag.py                           1           0  0.22s           2025-05-21T20:39:03                      12
================================================================================
[2025-05-21T20:40:04.229+0000] {manager.py:997} INFO - 
================================================================================
DAG File Processing Stats

File Path                            PID  Runtime      # DAGs    # Errors  Last Runtime    Last Run               Last # of DB Queries
---------------------------------  -----  ---------  --------  ----------  --------------  -------------------  ----------------------
/opt/airflow/dags/DevSurveyDag.py    110  0.01s             1           0  0.16s           2025-05-21T20:39:34                      12
================================================================================
[2025-05-21T20:40:34.546+0000] {manager.py:997} INFO - 
================================================================================
DAG File Processing Stats

File Path                            PID  Runtime      # DAGs    # Errors  Last Runtime    Last Run               Last # of DB Queries
---------------------------------  -----  ---------  --------  ----------  --------------  -------------------  ----------------------
/opt/airflow/dags/DevSurveyDag.py    117  0.00s             1           0  0.22s           2025-05-21T20:40:04                      12
================================================================================
[2025-05-21T20:41:04.771+0000] {manager.py:997} INFO - 
================================================================================
DAG File Processing Stats

File Path                          PID    Runtime      # DAGs    # Errors  Last Runtime    Last Run               Last # of DB Queries
---------------------------------  -----  ---------  --------  ----------  --------------  -------------------  ----------------------
/opt/airflow/dags/DevSurveyDag.py                           1           0  0.26s           2025-05-21T20:40:34                      12
================================================================================
[2025-05-21T20:41:35.136+0000] {manager.py:997} INFO - 
================================================================================
DAG File Processing Stats

File Path                          PID    Runtime      # DAGs    # Errors  Last Runtime    Last Run               Last # of DB Queries
---------------------------------  -----  ---------  --------  ----------  --------------  -------------------  ----------------------
/opt/airflow/dags/DevSurveyDag.py                           1           0  0.22s           2025-05-21T20:41:05                      12
================================================================================
[2025-05-21T20:42:05.537+0000] {manager.py:997} INFO - 
================================================================================
DAG File Processing Stats

File Path                            PID  Runtime      # DAGs    # Errors  Last Runtime    Last Run               Last # of DB Queries
---------------------------------  -----  ---------  --------  ----------  --------------  -------------------  ----------------------
/opt/airflow/dags/DevSurveyDag.py    138  0.01s             1           0  0.18s           2025-05-21T20:41:35                      12
================================================================================
[2025-05-21T20:42:35.883+0000] {manager.py:997} INFO - 
================================================================================
DAG File Processing Stats

File Path                            PID  Runtime      # DAGs    # Errors  Last Runtime    Last Run               Last # of DB Queries
---------------------------------  -----  ---------  --------  ----------  --------------  -------------------  ----------------------
/opt/airflow/dags/DevSurveyDag.py    145  0.00s             1           0  0.18s           2025-05-21T20:42:05                      12
================================================================================
[2025-05-21T20:43:06.083+0000] {manager.py:997} INFO - 
================================================================================
DAG File Processing Stats

File Path                            PID  Runtime      # DAGs    # Errors  Last Runtime    Last Run               Last # of DB Queries
---------------------------------  -----  ---------  --------  ----------  --------------  -------------------  ----------------------
/opt/airflow/dags/DevSurveyDag.py    152  0.01s             1           0  0.15s           2025-05-21T20:42:36                      12
================================================================================
[2025-05-21T20:43:15.099+0000] {manager.py:465} INFO - Exiting gracefully upon receiving signal 15
[2025-05-21T20:44:41.124+0000] {manager.py:483} INFO - Processing files using up to 2 processes at a time 
[2025-05-21T20:44:41.125+0000] {manager.py:484} INFO - Process each file at most once every 30 seconds
[2025-05-21T20:44:41.125+0000] {manager.py:485} INFO - Checking for new files in /opt/airflow/dags every 300 seconds
[2025-05-21T20:44:41.126+0000] {manager.py:821} INFO - Searching for files in /opt/airflow/dags
[2025-05-21T20:44:41.159+0000] {manager.py:824} INFO - There are 1 files in /opt/airflow/dags
[2025-05-21T20:44:41.302+0000] {manager.py:997} INFO - 
================================================================================
DAG File Processing Stats

File Path                            PID  Runtime      # DAGs    # Errors  Last Runtime    Last Run      Last # of DB Queries
---------------------------------  -----  ---------  --------  ----------  --------------  ----------  ----------------------
/opt/airflow/dags/DevSurveyDag.py     90  0.02s             0           0                                                   0
================================================================================
[2025-05-21T20:45:11.488+0000] {manager.py:997} INFO - 
================================================================================
DAG File Processing Stats

File Path                          PID    Runtime      # DAGs    # Errors  Last Runtime    Last Run               Last # of DB Queries
---------------------------------  -----  ---------  --------  ----------  --------------  -------------------  ----------------------
/opt/airflow/dags/DevSurveyDag.py                           1           0  0.26s           2025-05-21T20:44:41                      12
================================================================================
[2025-05-21T20:45:21.932+0000] {manager.py:465} INFO - Exiting gracefully upon receiving signal 15
[2025-05-21T20:46:49.894+0000] {manager.py:483} INFO - Processing files using up to 2 processes at a time 
[2025-05-21T20:46:49.894+0000] {manager.py:484} INFO - Process each file at most once every 30 seconds
[2025-05-21T20:46:49.895+0000] {manager.py:485} INFO - Checking for new files in /opt/airflow/dags every 300 seconds
[2025-05-21T20:46:49.896+0000] {manager.py:821} INFO - Searching for files in /opt/airflow/dags
[2025-05-21T20:46:49.907+0000] {manager.py:824} INFO - There are 1 files in /opt/airflow/dags
[2025-05-21T20:46:50.019+0000] {manager.py:997} INFO - 
================================================================================
DAG File Processing Stats

File Path                            PID  Runtime      # DAGs    # Errors  Last Runtime    Last Run      Last # of DB Queries
---------------------------------  -----  ---------  --------  ----------  --------------  ----------  ----------------------
/opt/airflow/dags/DevSurveyDag.py     91  0.02s             0           0                                                   0
================================================================================
[2025-05-21T20:47:20.206+0000] {manager.py:997} INFO - 
================================================================================
DAG File Processing Stats

File Path                          PID    Runtime      # DAGs    # Errors  Last Runtime    Last Run               Last # of DB Queries
---------------------------------  -----  ---------  --------  ----------  --------------  -------------------  ----------------------
/opt/airflow/dags/DevSurveyDag.py                           1           0  0.22s           2025-05-21T20:46:50                      12
================================================================================
[2025-05-21T20:47:50.578+0000] {manager.py:997} INFO - 
================================================================================
DAG File Processing Stats

File Path                          PID    Runtime      # DAGs    # Errors  Last Runtime    Last Run               Last # of DB Queries
---------------------------------  -----  ---------  --------  ----------  --------------  -------------------  ----------------------
/opt/airflow/dags/DevSurveyDag.py                           1           0  0.26s           2025-05-21T20:47:20                      12
================================================================================
[2025-05-21T20:48:21.007+0000] {manager.py:997} INFO - 
================================================================================
DAG File Processing Stats

File Path                          PID    Runtime      # DAGs    # Errors  Last Runtime    Last Run               Last # of DB Queries
---------------------------------  -----  ---------  --------  ----------  --------------  -------------------  ----------------------
/opt/airflow/dags/DevSurveyDag.py                           1           0  0.30s           2025-05-21T20:47:51                      12
================================================================================
[2025-05-21T20:48:51.491+0000] {manager.py:997} INFO - 
================================================================================
DAG File Processing Stats

File Path                            PID  Runtime      # DAGs    # Errors  Last Runtime    Last Run               Last # of DB Queries
---------------------------------  -----  ---------  --------  ----------  --------------  -------------------  ----------------------
/opt/airflow/dags/DevSurveyDag.py    119  0.01s             1           0  0.16s           2025-05-21T20:48:21                      12
================================================================================
[2025-05-21T20:49:21.808+0000] {manager.py:997} INFO - 
================================================================================
DAG File Processing Stats

File Path                            PID  Runtime      # DAGs    # Errors  Last Runtime    Last Run               Last # of DB Queries
---------------------------------  -----  ---------  --------  ----------  --------------  -------------------  ----------------------
/opt/airflow/dags/DevSurveyDag.py    126  0.01s             1           0  0.15s           2025-05-21T20:48:51                      12
================================================================================
[2025-05-21T20:49:52.012+0000] {manager.py:997} INFO - 
================================================================================
DAG File Processing Stats

File Path                            PID  Runtime      # DAGs    # Errors  Last Runtime    Last Run               Last # of DB Queries
---------------------------------  -----  ---------  --------  ----------  --------------  -------------------  ----------------------
/opt/airflow/dags/DevSurveyDag.py    133  0.01s             1           0  0.17s           2025-05-21T20:49:21                      12
================================================================================
[2025-05-21T20:50:22.330+0000] {manager.py:997} INFO - 
================================================================================
DAG File Processing Stats

File Path                            PID  Runtime      # DAGs    # Errors  Last Runtime    Last Run               Last # of DB Queries
---------------------------------  -----  ---------  --------  ----------  --------------  -------------------  ----------------------
/opt/airflow/dags/DevSurveyDag.py    140  0.01s             1           0  0.15s           2025-05-21T20:49:52                      12
================================================================================
[2025-05-21T20:50:52.531+0000] {manager.py:997} INFO - 
================================================================================
DAG File Processing Stats

File Path                            PID  Runtime      # DAGs    # Errors  Last Runtime    Last Run               Last # of DB Queries
---------------------------------  -----  ---------  --------  ----------  --------------  -------------------  ----------------------
/opt/airflow/dags/DevSurveyDag.py    147  0.00s             1           0  0.14s           2025-05-21T20:50:22                      12
================================================================================
[2025-05-21T20:51:22.793+0000] {manager.py:997} INFO - 
================================================================================
DAG File Processing Stats

File Path                            PID  Runtime      # DAGs    # Errors  Last Runtime    Last Run               Last # of DB Queries
---------------------------------  -----  ---------  --------  ----------  --------------  -------------------  ----------------------
/opt/airflow/dags/DevSurveyDag.py    154  0.00s             1           0  0.14s           2025-05-21T20:50:52                      12
================================================================================
[2025-05-21T20:51:49.975+0000] {manager.py:821} INFO - Searching for files in /opt/airflow/dags
[2025-05-21T20:51:49.989+0000] {manager.py:824} INFO - There are 1 files in /opt/airflow/dags
[2025-05-21T20:51:53.031+0000] {manager.py:997} INFO - 
================================================================================
DAG File Processing Stats

File Path                            PID  Runtime      # DAGs    # Errors  Last Runtime    Last Run               Last # of DB Queries
---------------------------------  -----  ---------  --------  ----------  --------------  -------------------  ----------------------
/opt/airflow/dags/DevSurveyDag.py    167  0.00s             1           0  0.15s           2025-05-21T20:51:22                      12
================================================================================
[2025-05-21T20:52:23.299+0000] {manager.py:997} INFO - 
================================================================================
DAG File Processing Stats

File Path                            PID  Runtime      # DAGs    # Errors  Last Runtime    Last Run               Last # of DB Queries
---------------------------------  -----  ---------  --------  ----------  --------------  -------------------  ----------------------
/opt/airflow/dags/DevSurveyDag.py    174  0.00s             1           0  0.14s           2025-05-21T20:51:53                      12
================================================================================
[2025-05-21T20:52:53.521+0000] {manager.py:997} INFO - 
================================================================================
DAG File Processing Stats

File Path                            PID  Runtime      # DAGs    # Errors  Last Runtime    Last Run               Last # of DB Queries
---------------------------------  -----  ---------  --------  ----------  --------------  -------------------  ----------------------
/opt/airflow/dags/DevSurveyDag.py    181  0.01s             1           0  0.14s           2025-05-21T20:52:23                      12
================================================================================
[2025-05-21T20:53:23.789+0000] {manager.py:997} INFO - 
================================================================================
DAG File Processing Stats

File Path                            PID  Runtime      # DAGs    # Errors  Last Runtime    Last Run               Last # of DB Queries
---------------------------------  -----  ---------  --------  ----------  --------------  -------------------  ----------------------
/opt/airflow/dags/DevSurveyDag.py    188  0.01s             1           0  0.15s           2025-05-21T20:52:53                      12
================================================================================
[2025-05-21T20:53:53.995+0000] {manager.py:997} INFO - 
================================================================================
DAG File Processing Stats

File Path                            PID  Runtime      # DAGs    # Errors  Last Runtime    Last Run               Last # of DB Queries
---------------------------------  -----  ---------  --------  ----------  --------------  -------------------  ----------------------
/opt/airflow/dags/DevSurveyDag.py    195  0.00s             1           0  0.15s           2025-05-21T20:53:23                      12
================================================================================
[2025-05-21T20:54:24.277+0000] {manager.py:997} INFO - 
================================================================================
DAG File Processing Stats

File Path                            PID  Runtime      # DAGs    # Errors  Last Runtime    Last Run               Last # of DB Queries
---------------------------------  -----  ---------  --------  ----------  --------------  -------------------  ----------------------
/opt/airflow/dags/DevSurveyDag.py    202  0.01s             1           0  0.14s           2025-05-21T20:53:54                      12
================================================================================
[2025-05-21T20:54:54.468+0000] {manager.py:997} INFO - 
================================================================================
DAG File Processing Stats

File Path                            PID  Runtime      # DAGs    # Errors  Last Runtime    Last Run               Last # of DB Queries
---------------------------------  -----  ---------  --------  ----------  --------------  -------------------  ----------------------
/opt/airflow/dags/DevSurveyDag.py    209  0.00s             1           0  0.14s           2025-05-21T20:54:24                      12
================================================================================
[2025-05-21T20:55:24.779+0000] {manager.py:997} INFO - 
================================================================================
DAG File Processing Stats

File Path                            PID  Runtime      # DAGs    # Errors  Last Runtime    Last Run               Last # of DB Queries
---------------------------------  -----  ---------  --------  ----------  --------------  -------------------  ----------------------
/opt/airflow/dags/DevSurveyDag.py    216  0.01s             1           0  0.14s           2025-05-21T20:54:54                      12
================================================================================
[2025-05-21T20:55:55.002+0000] {manager.py:997} INFO - 
================================================================================
DAG File Processing Stats

File Path                            PID  Runtime      # DAGs    # Errors  Last Runtime    Last Run               Last # of DB Queries
---------------------------------  -----  ---------  --------  ----------  --------------  -------------------  ----------------------
/opt/airflow/dags/DevSurveyDag.py    223  0.00s             1           0  0.20s           2025-05-21T20:55:24                      12
================================================================================
[2025-05-21T20:56:25.227+0000] {manager.py:997} INFO - 
================================================================================
DAG File Processing Stats

File Path                            PID  Runtime      # DAGs    # Errors  Last Runtime    Last Run               Last # of DB Queries
---------------------------------  -----  ---------  --------  ----------  --------------  -------------------  ----------------------
/opt/airflow/dags/DevSurveyDag.py    230  0.01s             1           0  0.15s           2025-05-21T20:55:55                      12
================================================================================
[2025-05-21T20:56:50.510+0000] {manager.py:821} INFO - Searching for files in /opt/airflow/dags
[2025-05-21T20:56:50.531+0000] {manager.py:824} INFO - There are 1 files in /opt/airflow/dags
[2025-05-21T20:56:55.596+0000] {manager.py:997} INFO - 
================================================================================
DAG File Processing Stats

File Path                            PID  Runtime      # DAGs    # Errors  Last Runtime    Last Run               Last # of DB Queries
---------------------------------  -----  ---------  --------  ----------  --------------  -------------------  ----------------------
/opt/airflow/dags/DevSurveyDag.py    237  0.01s             1           0  0.26s           2025-05-21T20:56:25                      12
================================================================================
[2025-05-21T20:57:25.891+0000] {manager.py:997} INFO - 
================================================================================
DAG File Processing Stats

File Path                            PID  Runtime      # DAGs    # Errors  Last Runtime    Last Run               Last # of DB Queries
---------------------------------  -----  ---------  --------  ----------  --------------  -------------------  ----------------------
/opt/airflow/dags/DevSurveyDag.py    244  0.01s             1           0  0.21s           2025-05-21T20:56:55                      12
================================================================================
[2025-05-21T20:57:56.238+0000] {manager.py:997} INFO - 
================================================================================
DAG File Processing Stats

File Path                            PID  Runtime      # DAGs    # Errors  Last Runtime    Last Run               Last # of DB Queries
---------------------------------  -----  ---------  --------  ----------  --------------  -------------------  ----------------------
/opt/airflow/dags/DevSurveyDag.py    251  0.01s             1           0  0.18s           2025-05-21T20:57:26                      12
================================================================================
[2025-05-21T20:58:26.490+0000] {manager.py:997} INFO - 
================================================================================
DAG File Processing Stats

File Path                            PID  Runtime      # DAGs    # Errors  Last Runtime    Last Run               Last # of DB Queries
---------------------------------  -----  ---------  --------  ----------  --------------  -------------------  ----------------------
/opt/airflow/dags/DevSurveyDag.py    258  0.01s             1           0  0.22s           2025-05-21T20:57:56                      12
================================================================================
[2025-05-21T20:58:56.890+0000] {manager.py:997} INFO - 
================================================================================
DAG File Processing Stats

File Path                            PID  Runtime      # DAGs    # Errors  Last Runtime    Last Run               Last # of DB Queries
---------------------------------  -----  ---------  --------  ----------  --------------  -------------------  ----------------------
/opt/airflow/dags/DevSurveyDag.py    265  0.01s             1           0  0.22s           2025-05-21T20:58:26                      12
================================================================================
[2025-05-21T20:59:27.134+0000] {manager.py:997} INFO - 
================================================================================
DAG File Processing Stats

File Path                          PID    Runtime      # DAGs    # Errors  Last Runtime    Last Run               Last # of DB Queries
---------------------------------  -----  ---------  --------  ----------  --------------  -------------------  ----------------------
/opt/airflow/dags/DevSurveyDag.py                           1           0  0.33s           2025-05-21T20:58:57                      12
================================================================================
[2025-05-21T20:59:57.628+0000] {manager.py:997} INFO - 
================================================================================
DAG File Processing Stats

File Path                            PID  Runtime      # DAGs    # Errors  Last Runtime    Last Run               Last # of DB Queries
---------------------------------  -----  ---------  --------  ----------  --------------  -------------------  ----------------------
/opt/airflow/dags/DevSurveyDag.py    280  0.01s             1           0  0.18s           2025-05-21T20:59:27                      12
================================================================================
[2025-05-21T21:00:27.983+0000] {manager.py:997} INFO - 
================================================================================
DAG File Processing Stats

File Path                            PID  Runtime      # DAGs    # Errors  Last Runtime    Last Run               Last # of DB Queries
---------------------------------  -----  ---------  --------  ----------  --------------  -------------------  ----------------------
/opt/airflow/dags/DevSurveyDag.py    287  0.01s             1           0  0.18s           2025-05-21T20:59:57                      12
================================================================================
[2025-05-21T21:00:58.197+0000] {manager.py:997} INFO - 
================================================================================
DAG File Processing Stats

File Path                            PID  Runtime      # DAGs    # Errors  Last Runtime    Last Run               Last # of DB Queries
---------------------------------  -----  ---------  --------  ----------  --------------  -------------------  ----------------------
/opt/airflow/dags/DevSurveyDag.py    294  0.01s             1           0  0.17s           2025-05-21T21:00:28                      12
================================================================================
[2025-05-21T21:01:28.566+0000] {manager.py:997} INFO - 
================================================================================
DAG File Processing Stats

File Path                            PID  Runtime      # DAGs    # Errors  Last Runtime    Last Run               Last # of DB Queries
---------------------------------  -----  ---------  --------  ----------  --------------  -------------------  ----------------------
/opt/airflow/dags/DevSurveyDag.py    301  0.01s             1           0  0.17s           2025-05-21T21:00:58                      12
================================================================================
[2025-05-21T21:01:50.721+0000] {manager.py:821} INFO - Searching for files in /opt/airflow/dags
[2025-05-21T21:01:50.739+0000] {manager.py:824} INFO - There are 1 files in /opt/airflow/dags
[2025-05-21T21:01:58.822+0000] {manager.py:997} INFO - 
================================================================================
DAG File Processing Stats

File Path                            PID  Runtime      # DAGs    # Errors  Last Runtime    Last Run               Last # of DB Queries
---------------------------------  -----  ---------  --------  ----------  --------------  -------------------  ----------------------
/opt/airflow/dags/DevSurveyDag.py    308  0.01s             1           0  0.19s           2025-05-21T21:01:28                      12
================================================================================
[2025-05-21T21:02:29.169+0000] {manager.py:997} INFO - 
================================================================================
DAG File Processing Stats

File Path                            PID  Runtime      # DAGs    # Errors  Last Runtime    Last Run               Last # of DB Queries
---------------------------------  -----  ---------  --------  ----------  --------------  -------------------  ----------------------
/opt/airflow/dags/DevSurveyDag.py    315  0.01s             1           0  0.19s           2025-05-21T21:01:59                      12
================================================================================
[2025-05-21T21:02:59.378+0000] {manager.py:997} INFO - 
================================================================================
DAG File Processing Stats

File Path                            PID  Runtime      # DAGs    # Errors  Last Runtime    Last Run               Last # of DB Queries
---------------------------------  -----  ---------  --------  ----------  --------------  -------------------  ----------------------
/opt/airflow/dags/DevSurveyDag.py    322  0.00s             1           0  0.18s           2025-05-21T21:02:29                      12
================================================================================
[2025-05-21T21:03:29.692+0000] {manager.py:997} INFO - 
================================================================================
DAG File Processing Stats

File Path                            PID  Runtime      # DAGs    # Errors  Last Runtime    Last Run               Last # of DB Queries
---------------------------------  -----  ---------  --------  ----------  --------------  -------------------  ----------------------
/opt/airflow/dags/DevSurveyDag.py    329  0.01s             1           0  0.15s           2025-05-21T21:02:59                      12
================================================================================
[2025-05-21T21:03:59.881+0000] {manager.py:997} INFO - 
================================================================================
DAG File Processing Stats

File Path                            PID  Runtime      # DAGs    # Errors  Last Runtime    Last Run               Last # of DB Queries
---------------------------------  -----  ---------  --------  ----------  --------------  -------------------  ----------------------
/opt/airflow/dags/DevSurveyDag.py    336  0.01s             1           0  0.15s           2025-05-21T21:03:29                      12
================================================================================
[2025-05-21T21:04:30.167+0000] {manager.py:997} INFO - 
================================================================================
DAG File Processing Stats

File Path                            PID  Runtime      # DAGs    # Errors  Last Runtime    Last Run               Last # of DB Queries
---------------------------------  -----  ---------  --------  ----------  --------------  -------------------  ----------------------
/opt/airflow/dags/DevSurveyDag.py    343  0.01s             1           0  0.15s           2025-05-21T21:04:00                      12
================================================================================
[2025-05-21T21:05:00.369+0000] {manager.py:997} INFO - 
================================================================================
DAG File Processing Stats

File Path                            PID  Runtime      # DAGs    # Errors  Last Runtime    Last Run               Last # of DB Queries
---------------------------------  -----  ---------  --------  ----------  --------------  -------------------  ----------------------
/opt/airflow/dags/DevSurveyDag.py    350  0.01s             1           0  0.18s           2025-05-21T21:04:30                      12
================================================================================
[2025-05-21T21:05:30.701+0000] {manager.py:997} INFO - 
================================================================================
DAG File Processing Stats

File Path                            PID  Runtime      # DAGs    # Errors  Last Runtime    Last Run               Last # of DB Queries
---------------------------------  -----  ---------  --------  ----------  --------------  -------------------  ----------------------
/opt/airflow/dags/DevSurveyDag.py    357  0.01s             1           0  0.20s           2025-05-21T21:05:00                      12
================================================================================
[2025-05-21T21:06:00.891+0000] {manager.py:997} INFO - 
================================================================================
DAG File Processing Stats

File Path                          PID    Runtime      # DAGs    # Errors  Last Runtime    Last Run               Last # of DB Queries
---------------------------------  -----  ---------  --------  ----------  --------------  -------------------  ----------------------
/opt/airflow/dags/DevSurveyDag.py                           1           0  0.22s           2025-05-21T21:05:30                      12
================================================================================
[2025-05-21T21:06:31.258+0000] {manager.py:997} INFO - 
================================================================================
DAG File Processing Stats

File Path                          PID    Runtime      # DAGs    # Errors  Last Runtime    Last Run               Last # of DB Queries
---------------------------------  -----  ---------  --------  ----------  --------------  -------------------  ----------------------
/opt/airflow/dags/DevSurveyDag.py                           1           0  0.22s           2025-05-21T21:06:01                      12
================================================================================
[2025-05-21T21:06:50.827+0000] {manager.py:821} INFO - Searching for files in /opt/airflow/dags
[2025-05-21T21:06:50.841+0000] {manager.py:824} INFO - There are 1 files in /opt/airflow/dags
[2025-05-21T21:07:01.647+0000] {manager.py:997} INFO - 
================================================================================
DAG File Processing Stats

File Path                          PID    Runtime      # DAGs    # Errors  Last Runtime    Last Run               Last # of DB Queries
---------------------------------  -----  ---------  --------  ----------  --------------  -------------------  ----------------------
/opt/airflow/dags/DevSurveyDag.py                           1           0  0.26s           2025-05-21T21:06:31                      12
================================================================================
[2025-05-21T21:07:32.103+0000] {manager.py:997} INFO - 
================================================================================
DAG File Processing Stats

File Path                            PID  Runtime      # DAGs    # Errors  Last Runtime    Last Run               Last # of DB Queries
---------------------------------  -----  ---------  --------  ----------  --------------  -------------------  ----------------------
/opt/airflow/dags/DevSurveyDag.py    385  0.01s             1           0  0.16s           2025-05-21T21:07:02                      12
================================================================================
[2025-05-21T21:08:02.423+0000] {manager.py:997} INFO - 
================================================================================
DAG File Processing Stats

File Path                            PID  Runtime      # DAGs    # Errors  Last Runtime    Last Run               Last # of DB Queries
---------------------------------  -----  ---------  --------  ----------  --------------  -------------------  ----------------------
/opt/airflow/dags/DevSurveyDag.py    392  0.01s             1           0  0.15s           2025-05-21T21:07:32                      12
================================================================================
[2025-05-21T21:08:32.607+0000] {manager.py:997} INFO - 
================================================================================
DAG File Processing Stats

File Path                          PID    Runtime      # DAGs    # Errors  Last Runtime    Last Run               Last # of DB Queries
---------------------------------  -----  ---------  --------  ----------  --------------  -------------------  ----------------------
/opt/airflow/dags/DevSurveyDag.py                           1           0  0.19s           2025-05-21T21:08:02                      12
================================================================================
[2025-05-21T21:09:02.942+0000] {manager.py:997} INFO - 
================================================================================
DAG File Processing Stats

File Path                          PID    Runtime      # DAGs    # Errors  Last Runtime    Last Run               Last # of DB Queries
---------------------------------  -----  ---------  --------  ----------  --------------  -------------------  ----------------------
/opt/airflow/dags/DevSurveyDag.py                           1           0  0.18s           2025-05-21T21:08:32                      12
================================================================================
[2025-05-21T21:09:33.300+0000] {manager.py:997} INFO - 
================================================================================
DAG File Processing Stats

File Path                            PID  Runtime      # DAGs    # Errors  Last Runtime    Last Run               Last # of DB Queries
---------------------------------  -----  ---------  --------  ----------  --------------  -------------------  ----------------------
/opt/airflow/dags/DevSurveyDag.py    413  0.01s             1           0  0.18s           2025-05-21T21:09:03                      12
================================================================================
[2025-05-21T21:10:03.483+0000] {manager.py:997} INFO - 
================================================================================
DAG File Processing Stats

File Path                            PID  Runtime      # DAGs    # Errors  Last Runtime    Last Run               Last # of DB Queries
---------------------------------  -----  ---------  --------  ----------  --------------  -------------------  ----------------------
/opt/airflow/dags/DevSurveyDag.py    420  0.01s             1           0  0.14s           2025-05-21T21:09:33                      12
================================================================================
[2025-05-21T21:10:33.783+0000] {manager.py:997} INFO - 
================================================================================
DAG File Processing Stats

File Path                            PID  Runtime      # DAGs    # Errors  Last Runtime    Last Run               Last # of DB Queries
---------------------------------  -----  ---------  --------  ----------  --------------  -------------------  ----------------------
/opt/airflow/dags/DevSurveyDag.py    427  0.01s             1           0  0.15s           2025-05-21T21:10:03                      12
================================================================================
[2025-05-21T21:11:03.976+0000] {manager.py:997} INFO - 
================================================================================
DAG File Processing Stats

File Path                            PID  Runtime      # DAGs    # Errors  Last Runtime    Last Run               Last # of DB Queries
---------------------------------  -----  ---------  --------  ----------  --------------  -------------------  ----------------------
/opt/airflow/dags/DevSurveyDag.py    434  0.01s             1           0  0.17s           2025-05-21T21:10:33                      12
================================================================================
[2025-05-21T21:11:34.290+0000] {manager.py:997} INFO - 
================================================================================
DAG File Processing Stats

File Path                            PID  Runtime      # DAGs    # Errors  Last Runtime    Last Run               Last # of DB Queries
---------------------------------  -----  ---------  --------  ----------  --------------  -------------------  ----------------------
/opt/airflow/dags/DevSurveyDag.py    441  0.01s             1           0  0.14s           2025-05-21T21:11:04                      12
================================================================================
[2025-05-21T21:11:51.392+0000] {manager.py:821} INFO - Searching for files in /opt/airflow/dags
[2025-05-21T21:11:51.406+0000] {manager.py:824} INFO - There are 1 files in /opt/airflow/dags
[2025-05-21T21:12:04.505+0000] {manager.py:997} INFO - 
================================================================================
DAG File Processing Stats

File Path                            PID  Runtime      # DAGs    # Errors  Last Runtime    Last Run               Last # of DB Queries
---------------------------------  -----  ---------  --------  ----------  --------------  -------------------  ----------------------
/opt/airflow/dags/DevSurveyDag.py    448  0.00s             1           0  0.16s           2025-05-21T21:11:34                      12
================================================================================
[2025-05-21T21:12:34.789+0000] {manager.py:997} INFO - 
================================================================================
DAG File Processing Stats

File Path                            PID  Runtime      # DAGs    # Errors  Last Runtime    Last Run               Last # of DB Queries
---------------------------------  -----  ---------  --------  ----------  --------------  -------------------  ----------------------
/opt/airflow/dags/DevSurveyDag.py    455  0.01s             1           0  0.15s           2025-05-21T21:12:04                      12
================================================================================
[2025-05-21T21:13:04.982+0000] {manager.py:997} INFO - 
================================================================================
DAG File Processing Stats

File Path                            PID  Runtime      # DAGs    # Errors  Last Runtime    Last Run               Last # of DB Queries
---------------------------------  -----  ---------  --------  ----------  --------------  -------------------  ----------------------
/opt/airflow/dags/DevSurveyDag.py    462  0.00s             1           0  0.17s           2025-05-21T21:12:34                      12
================================================================================
[2025-05-21T21:13:35.291+0000] {manager.py:997} INFO - 
================================================================================
DAG File Processing Stats

File Path                            PID  Runtime      # DAGs    # Errors  Last Runtime    Last Run               Last # of DB Queries
---------------------------------  -----  ---------  --------  ----------  --------------  -------------------  ----------------------
/opt/airflow/dags/DevSurveyDag.py    469  0.00s             1           0  0.14s           2025-05-21T21:13:05                      12
================================================================================
[2025-05-21T21:14:05.496+0000] {manager.py:997} INFO - 
================================================================================
DAG File Processing Stats

File Path                            PID  Runtime      # DAGs    # Errors  Last Runtime    Last Run               Last # of DB Queries
---------------------------------  -----  ---------  --------  ----------  --------------  -------------------  ----------------------
/opt/airflow/dags/DevSurveyDag.py    476  0.01s             1           0  0.16s           2025-05-21T21:13:35                      12
================================================================================
[2025-05-21T21:14:35.796+0000] {manager.py:997} INFO - 
================================================================================
DAG File Processing Stats

File Path                            PID  Runtime      # DAGs    # Errors  Last Runtime    Last Run               Last # of DB Queries
---------------------------------  -----  ---------  --------  ----------  --------------  -------------------  ----------------------
/opt/airflow/dags/DevSurveyDag.py    483  0.01s             1           0  0.16s           2025-05-21T21:14:05                      12
================================================================================
[2025-05-21T21:15:05.999+0000] {manager.py:997} INFO - 
================================================================================
DAG File Processing Stats

File Path                            PID  Runtime      # DAGs    # Errors  Last Runtime    Last Run               Last # of DB Queries
---------------------------------  -----  ---------  --------  ----------  --------------  -------------------  ----------------------
/opt/airflow/dags/DevSurveyDag.py    490  0.01s             1           0  0.17s           2025-05-21T21:14:35                      12
================================================================================
[2025-05-21T21:15:36.311+0000] {manager.py:997} INFO - 
================================================================================
DAG File Processing Stats

File Path                            PID  Runtime      # DAGs    # Errors  Last Runtime    Last Run               Last # of DB Queries
---------------------------------  -----  ---------  --------  ----------  --------------  -------------------  ----------------------
/opt/airflow/dags/DevSurveyDag.py    497  0.01s             1           0  0.17s           2025-05-21T21:15:06                      12
================================================================================
[2025-05-21T21:16:06.509+0000] {manager.py:997} INFO - 
================================================================================
DAG File Processing Stats

File Path                            PID  Runtime      # DAGs    # Errors  Last Runtime    Last Run               Last # of DB Queries
---------------------------------  -----  ---------  --------  ----------  --------------  -------------------  ----------------------
/opt/airflow/dags/DevSurveyDag.py    504  0.01s             1           0  0.14s           2025-05-21T21:15:36                      12
================================================================================
[2025-05-21T21:16:36.793+0000] {manager.py:997} INFO - 
================================================================================
DAG File Processing Stats

File Path                            PID  Runtime      # DAGs    # Errors  Last Runtime    Last Run               Last # of DB Queries
---------------------------------  -----  ---------  --------  ----------  --------------  -------------------  ----------------------
/opt/airflow/dags/DevSurveyDag.py    511  0.00s             1           0  0.14s           2025-05-21T21:16:06                      12
================================================================================
[2025-05-21T21:16:51.883+0000] {manager.py:821} INFO - Searching for files in /opt/airflow/dags
[2025-05-21T21:16:51.907+0000] {manager.py:824} INFO - There are 1 files in /opt/airflow/dags
[2025-05-21T21:17:07.025+0000] {manager.py:997} INFO - 
================================================================================
DAG File Processing Stats

File Path                            PID  Runtime      # DAGs    # Errors  Last Runtime    Last Run               Last # of DB Queries
---------------------------------  -----  ---------  --------  ----------  --------------  -------------------  ----------------------
/opt/airflow/dags/DevSurveyDag.py    518  0.01s             1           0  0.14s           2025-05-21T21:16:36                      12
================================================================================
[2025-05-21T21:17:37.286+0000] {manager.py:997} INFO - 
================================================================================
DAG File Processing Stats

File Path                            PID  Runtime      # DAGs    # Errors  Last Runtime    Last Run               Last # of DB Queries
---------------------------------  -----  ---------  --------  ----------  --------------  -------------------  ----------------------
/opt/airflow/dags/DevSurveyDag.py    525  0.01s             1           0  0.14s           2025-05-21T21:17:07                      12
================================================================================
[2025-05-21T21:18:07.503+0000] {manager.py:997} INFO - 
================================================================================
DAG File Processing Stats

File Path                            PID  Runtime      # DAGs    # Errors  Last Runtime    Last Run               Last # of DB Queries
---------------------------------  -----  ---------  --------  ----------  --------------  -------------------  ----------------------
/opt/airflow/dags/DevSurveyDag.py    532  0.00s             1           0  0.15s           2025-05-21T21:17:37                      12
================================================================================
[2025-05-21T21:18:37.774+0000] {manager.py:997} INFO - 
================================================================================
DAG File Processing Stats

File Path                            PID  Runtime      # DAGs    # Errors  Last Runtime    Last Run               Last # of DB Queries
---------------------------------  -----  ---------  --------  ----------  --------------  -------------------  ----------------------
/opt/airflow/dags/DevSurveyDag.py    539  0.01s             1           0  0.14s           2025-05-21T21:18:07                      12
================================================================================
[2025-05-21T21:19:07.984+0000] {manager.py:997} INFO - 
================================================================================
DAG File Processing Stats

File Path                            PID  Runtime      # DAGs    # Errors  Last Runtime    Last Run               Last # of DB Queries
---------------------------------  -----  ---------  --------  ----------  --------------  -------------------  ----------------------
/opt/airflow/dags/DevSurveyDag.py    546  0.01s             1           0  0.14s           2025-05-21T21:18:37                      12
================================================================================
[2025-05-21T21:19:38.260+0000] {manager.py:997} INFO - 
================================================================================
DAG File Processing Stats

File Path                            PID  Runtime      # DAGs    # Errors  Last Runtime    Last Run               Last # of DB Queries
---------------------------------  -----  ---------  --------  ----------  --------------  -------------------  ----------------------
/opt/airflow/dags/DevSurveyDag.py    553  0.00s             1           0  0.20s           2025-05-21T21:19:08                      12
================================================================================
[2025-05-21T21:20:08.529+0000] {manager.py:997} INFO - 
================================================================================
DAG File Processing Stats

File Path                            PID  Runtime      # DAGs    # Errors  Last Runtime    Last Run               Last # of DB Queries
---------------------------------  -----  ---------  --------  ----------  --------------  -------------------  ----------------------
/opt/airflow/dags/DevSurveyDag.py    560  0.01s             1           0  0.15s           2025-05-21T21:19:38                      12
================================================================================
[2025-05-21T21:20:38.742+0000] {manager.py:997} INFO - 
================================================================================
DAG File Processing Stats

File Path                            PID  Runtime      # DAGs    # Errors  Last Runtime    Last Run               Last # of DB Queries
---------------------------------  -----  ---------  --------  ----------  --------------  -------------------  ----------------------
/opt/airflow/dags/DevSurveyDag.py    567  0.01s             1           0  0.15s           2025-05-21T21:20:08                      12
================================================================================
[2025-05-21T21:21:09.023+0000] {manager.py:997} INFO - 
================================================================================
DAG File Processing Stats

File Path                            PID  Runtime      # DAGs    # Errors  Last Runtime    Last Run               Last # of DB Queries
---------------------------------  -----  ---------  --------  ----------  --------------  -------------------  ----------------------
/opt/airflow/dags/DevSurveyDag.py    574  0.01s             1           0  0.15s           2025-05-21T21:20:38                      12
================================================================================
[2025-05-21T21:21:22.898+0000] {manager.py:465} INFO - Exiting gracefully upon receiving signal 15
[2025-05-21T21:26:32.337+0000] {manager.py:483} INFO - Processing files using up to 2 processes at a time 
[2025-05-21T21:26:32.338+0000] {manager.py:484} INFO - Process each file at most once every 30 seconds
[2025-05-21T21:26:32.339+0000] {manager.py:485} INFO - Checking for new files in /opt/airflow/dags every 300 seconds
[2025-05-21T21:26:32.340+0000] {manager.py:821} INFO - Searching for files in /opt/airflow/dags
[2025-05-21T21:26:32.361+0000] {manager.py:824} INFO - There are 1 files in /opt/airflow/dags
[2025-05-21T21:26:32.539+0000] {manager.py:997} INFO - 
================================================================================
DAG File Processing Stats

File Path                            PID  Runtime      # DAGs    # Errors  Last Runtime    Last Run      Last # of DB Queries
---------------------------------  -----  ---------  --------  ----------  --------------  ----------  ----------------------
/opt/airflow/dags/DevSurveyDag.py     90  0.03s             0           0                                                   0
================================================================================
[2025-05-21T21:27:02.958+0000] {manager.py:997} INFO - 
================================================================================
DAG File Processing Stats

File Path                          PID    Runtime      # DAGs    # Errors  Last Runtime    Last Run               Last # of DB Queries
---------------------------------  -----  ---------  --------  ----------  --------------  -------------------  ----------------------
/opt/airflow/dags/DevSurveyDag.py                           1           0  0.35s           2025-05-21T21:26:43                      21
================================================================================
[2025-05-21T21:27:33.475+0000] {manager.py:997} INFO - 
================================================================================
DAG File Processing Stats

File Path                          PID    Runtime      # DAGs    # Errors  Last Runtime    Last Run               Last # of DB Queries
---------------------------------  -----  ---------  --------  ----------  --------------  -------------------  ----------------------
/opt/airflow/dags/DevSurveyDag.py                           1           0  0.16s           2025-05-21T21:27:13                      12
================================================================================
[2025-05-21T21:28:03.816+0000] {manager.py:997} INFO - 
================================================================================
DAG File Processing Stats

File Path                          PID    Runtime      # DAGs    # Errors  Last Runtime    Last Run               Last # of DB Queries
---------------------------------  -----  ---------  --------  ----------  --------------  -------------------  ----------------------
/opt/airflow/dags/DevSurveyDag.py                           1           0  0.20s           2025-05-21T21:27:43                      12
================================================================================
[2025-05-21T21:28:34.038+0000] {manager.py:997} INFO - 
================================================================================
DAG File Processing Stats

File Path                          PID    Runtime      # DAGs    # Errors  Last Runtime    Last Run               Last # of DB Queries
---------------------------------  -----  ---------  --------  ----------  --------------  -------------------  ----------------------
/opt/airflow/dags/DevSurveyDag.py                           1           0  0.56s           2025-05-21T21:28:14                      12
================================================================================
[2025-05-21T21:29:04.774+0000] {manager.py:997} INFO - 
================================================================================
DAG File Processing Stats

File Path                          PID    Runtime      # DAGs    # Errors  Last Runtime    Last Run               Last # of DB Queries
---------------------------------  -----  ---------  --------  ----------  --------------  -------------------  ----------------------
/opt/airflow/dags/DevSurveyDag.py                           1           0  0.25s           2025-05-21T21:28:44                      12
================================================================================
[2025-05-21T21:29:35.186+0000] {manager.py:997} INFO - 
================================================================================
DAG File Processing Stats

File Path                          PID    Runtime      # DAGs    # Errors  Last Runtime    Last Run               Last # of DB Queries
---------------------------------  -----  ---------  --------  ----------  --------------  -------------------  ----------------------
/opt/airflow/dags/DevSurveyDag.py                           1           0  0.15s           2025-05-21T21:29:15                      12
================================================================================
[2025-05-21T21:30:05.489+0000] {manager.py:997} INFO - 
================================================================================
DAG File Processing Stats

File Path                          PID    Runtime      # DAGs    # Errors  Last Runtime    Last Run               Last # of DB Queries
---------------------------------  -----  ---------  --------  ----------  --------------  -------------------  ----------------------
/opt/airflow/dags/DevSurveyDag.py                           1           0  0.19s           2025-05-21T21:29:45                      12
================================================================================
[2025-05-21T21:30:35.716+0000] {manager.py:997} INFO - 
================================================================================
DAG File Processing Stats

File Path                          PID    Runtime      # DAGs    # Errors  Last Runtime    Last Run               Last # of DB Queries
---------------------------------  -----  ---------  --------  ----------  --------------  -------------------  ----------------------
/opt/airflow/dags/DevSurveyDag.py                           1           0  0.23s           2025-05-21T21:30:15                      12
================================================================================
[2025-05-21T21:31:06.062+0000] {manager.py:997} INFO - 
================================================================================
DAG File Processing Stats

File Path                          PID    Runtime      # DAGs    # Errors  Last Runtime    Last Run               Last # of DB Queries
---------------------------------  -----  ---------  --------  ----------  --------------  -------------------  ----------------------
/opt/airflow/dags/DevSurveyDag.py                           1           0  0.16s           2025-05-21T21:30:46                      12
================================================================================
[2025-05-21T21:31:32.362+0000] {manager.py:821} INFO - Searching for files in /opt/airflow/dags
[2025-05-21T21:31:32.379+0000] {manager.py:824} INFO - There are 1 files in /opt/airflow/dags
[2025-05-21T21:31:36.424+0000] {manager.py:997} INFO - 
================================================================================
DAG File Processing Stats

File Path                          PID    Runtime      # DAGs    # Errors  Last Runtime    Last Run               Last # of DB Queries
---------------------------------  -----  ---------  --------  ----------  --------------  -------------------  ----------------------
/opt/airflow/dags/DevSurveyDag.py                           1           0  0.17s           2025-05-21T21:31:16                      12
================================================================================
[2025-05-21T21:32:06.615+0000] {manager.py:997} INFO - 
================================================================================
DAG File Processing Stats

File Path                          PID    Runtime      # DAGs    # Errors  Last Runtime    Last Run               Last # of DB Queries
---------------------------------  -----  ---------  --------  ----------  --------------  -------------------  ----------------------
/opt/airflow/dags/DevSurveyDag.py                           1           0  0.16s           2025-05-21T21:31:46                      12
================================================================================
[2025-05-21T21:32:36.930+0000] {manager.py:997} INFO - 
================================================================================
DAG File Processing Stats

File Path                          PID    Runtime      # DAGs    # Errors  Last Runtime    Last Run               Last # of DB Queries
---------------------------------  -----  ---------  --------  ----------  --------------  -------------------  ----------------------
/opt/airflow/dags/DevSurveyDag.py                           1           0  0.16s           2025-05-21T21:32:16                      12
================================================================================
[2025-05-21T21:33:07.119+0000] {manager.py:997} INFO - 
================================================================================
DAG File Processing Stats

File Path                          PID    Runtime      # DAGs    # Errors  Last Runtime    Last Run               Last # of DB Queries
---------------------------------  -----  ---------  --------  ----------  --------------  -------------------  ----------------------
/opt/airflow/dags/DevSurveyDag.py                           1           0  0.21s           2025-05-21T21:32:47                      12
================================================================================
[2025-05-21T21:33:10.761+0000] {manager.py:465} INFO - Exiting gracefully upon receiving signal 15
[2025-05-21T21:34:54.970+0000] {manager.py:483} INFO - Processing files using up to 2 processes at a time 
[2025-05-21T21:34:54.971+0000] {manager.py:484} INFO - Process each file at most once every 30 seconds
[2025-05-21T21:34:54.972+0000] {manager.py:485} INFO - Checking for new files in /opt/airflow/dags every 300 seconds
[2025-05-21T21:34:54.972+0000] {manager.py:821} INFO - Searching for files in /opt/airflow/dags
[2025-05-21T21:34:54.984+0000] {manager.py:824} INFO - There are 1 files in /opt/airflow/dags
[2025-05-21T21:34:55.100+0000] {manager.py:997} INFO - 
================================================================================
DAG File Processing Stats

File Path                            PID  Runtime      # DAGs    # Errors  Last Runtime    Last Run      Last # of DB Queries
---------------------------------  -----  ---------  --------  ----------  --------------  ----------  ----------------------
/opt/airflow/dags/DevSurveyDag.py     90  0.02s             0           0                                                   0
================================================================================
[2025-05-21T21:35:25.272+0000] {manager.py:997} INFO - 
================================================================================
DAG File Processing Stats

File Path                          PID    Runtime      # DAGs    # Errors  Last Runtime    Last Run               Last # of DB Queries
---------------------------------  -----  ---------  --------  ----------  --------------  -------------------  ----------------------
/opt/airflow/dags/DevSurveyDag.py                           1           0  0.23s           2025-05-21T21:34:55                      12
================================================================================
[2025-05-21T21:35:55.655+0000] {manager.py:997} INFO - 
================================================================================
DAG File Processing Stats

File Path                            PID  Runtime      # DAGs    # Errors  Last Runtime    Last Run               Last # of DB Queries
---------------------------------  -----  ---------  --------  ----------  --------------  -------------------  ----------------------
/opt/airflow/dags/DevSurveyDag.py    104  0.01s             1           0  0.16s           2025-05-21T21:35:25                      12
================================================================================
[2025-05-21T21:36:25.951+0000] {manager.py:997} INFO - 
================================================================================
DAG File Processing Stats

File Path                            PID  Runtime      # DAGs    # Errors  Last Runtime    Last Run               Last # of DB Queries
---------------------------------  -----  ---------  --------  ----------  --------------  -------------------  ----------------------
/opt/airflow/dags/DevSurveyDag.py    111  0.01s             1           0  0.24s           2025-05-21T21:35:55                      12
================================================================================
[2025-05-21T21:36:56.204+0000] {manager.py:997} INFO - 
================================================================================
DAG File Processing Stats

File Path                            PID  Runtime      # DAGs    # Errors  Last Runtime    Last Run               Last # of DB Queries
---------------------------------  -----  ---------  --------  ----------  --------------  -------------------  ----------------------
/opt/airflow/dags/DevSurveyDag.py    118  0.01s             1           0  0.16s           2025-05-21T21:36:26                      12
================================================================================
[2025-05-21T21:37:26.428+0000] {manager.py:997} INFO - 
================================================================================
DAG File Processing Stats

File Path                            PID  Runtime      # DAGs    # Errors  Last Runtime    Last Run               Last # of DB Queries
---------------------------------  -----  ---------  --------  ----------  --------------  -------------------  ----------------------
/opt/airflow/dags/DevSurveyDag.py    125  0.01s             1           0  0.17s           2025-05-21T21:36:56                      12
================================================================================
[2025-05-21T21:37:56.704+0000] {manager.py:997} INFO - 
================================================================================
DAG File Processing Stats

File Path                            PID  Runtime      # DAGs    # Errors  Last Runtime    Last Run               Last # of DB Queries
---------------------------------  -----  ---------  --------  ----------  --------------  -------------------  ----------------------
/opt/airflow/dags/DevSurveyDag.py    132  0.00s             1           0  0.17s           2025-05-21T21:37:26                      12
================================================================================
[2025-05-21T21:38:26.917+0000] {manager.py:997} INFO - 
================================================================================
DAG File Processing Stats

File Path                            PID  Runtime      # DAGs    # Errors  Last Runtime    Last Run               Last # of DB Queries
---------------------------------  -----  ---------  --------  ----------  --------------  -------------------  ----------------------
/opt/airflow/dags/DevSurveyDag.py    139  0.01s             1           0  0.16s           2025-05-21T21:37:56                      12
================================================================================
[2025-05-21T21:38:57.198+0000] {manager.py:997} INFO - 
================================================================================
DAG File Processing Stats

File Path                            PID  Runtime      # DAGs    # Errors  Last Runtime    Last Run               Last # of DB Queries
---------------------------------  -----  ---------  --------  ----------  --------------  -------------------  ----------------------
/opt/airflow/dags/DevSurveyDag.py    146  0.01s             1           0  0.18s           2025-05-21T21:38:27                      12
================================================================================
[2025-05-21T21:39:27.440+0000] {manager.py:997} INFO - 
================================================================================
DAG File Processing Stats

File Path                            PID  Runtime      # DAGs    # Errors  Last Runtime    Last Run               Last # of DB Queries
---------------------------------  -----  ---------  --------  ----------  --------------  -------------------  ----------------------
/opt/airflow/dags/DevSurveyDag.py    159  0.01s             1           0  0.19s           2025-05-21T21:38:57                      12
================================================================================
[2025-05-21T21:39:55.715+0000] {manager.py:821} INFO - Searching for files in /opt/airflow/dags
[2025-05-21T21:39:55.732+0000] {manager.py:824} INFO - There are 1 files in /opt/airflow/dags
[2025-05-21T21:39:57.767+0000] {manager.py:997} INFO - 
================================================================================
DAG File Processing Stats

File Path                            PID  Runtime      # DAGs    # Errors  Last Runtime    Last Run               Last # of DB Queries
---------------------------------  -----  ---------  --------  ----------  --------------  -------------------  ----------------------
/opt/airflow/dags/DevSurveyDag.py    166  0.01s             1           0  0.19s           2025-05-21T21:39:27                      12
================================================================================
[2025-05-21T21:40:27.960+0000] {manager.py:997} INFO - 
================================================================================
DAG File Processing Stats

File Path                            PID  Runtime      # DAGs    # Errors  Last Runtime    Last Run               Last # of DB Queries
---------------------------------  -----  ---------  --------  ----------  --------------  -------------------  ----------------------
/opt/airflow/dags/DevSurveyDag.py    173  0.00s             1           0  0.18s           2025-05-21T21:39:57                      12
================================================================================
[2025-05-21T21:40:58.277+0000] {manager.py:997} INFO - 
================================================================================
DAG File Processing Stats

File Path                            PID  Runtime      # DAGs    # Errors  Last Runtime    Last Run               Last # of DB Queries
---------------------------------  -----  ---------  --------  ----------  --------------  -------------------  ----------------------
/opt/airflow/dags/DevSurveyDag.py    180  0.01s             1           0  0.17s           2025-05-21T21:40:28                      12
================================================================================
[2025-05-21T21:41:28.468+0000] {manager.py:997} INFO - 
================================================================================
DAG File Processing Stats

File Path                          PID    Runtime      # DAGs    # Errors  Last Runtime    Last Run               Last # of DB Queries
---------------------------------  -----  ---------  --------  ----------  --------------  -------------------  ----------------------
/opt/airflow/dags/DevSurveyDag.py                           1           0  0.20s           2025-05-21T21:40:58                      12
================================================================================
[2025-05-21T21:41:58.834+0000] {manager.py:997} INFO - 
================================================================================
DAG File Processing Stats

File Path                            PID  Runtime      # DAGs    # Errors  Last Runtime    Last Run               Last # of DB Queries
---------------------------------  -----  ---------  --------  ----------  --------------  -------------------  ----------------------
/opt/airflow/dags/DevSurveyDag.py    194  0.01s             1           0  0.16s           2025-05-21T21:41:28                      12
================================================================================
[2025-05-21T21:42:29.125+0000] {manager.py:997} INFO - 
================================================================================
DAG File Processing Stats

File Path                            PID  Runtime      # DAGs    # Errors  Last Runtime    Last Run               Last # of DB Queries
---------------------------------  -----  ---------  --------  ----------  --------------  -------------------  ----------------------
/opt/airflow/dags/DevSurveyDag.py    201  0.01s             1           0  0.20s           2025-05-21T21:41:59                      12
================================================================================
[2025-05-21T21:42:59.358+0000] {manager.py:997} INFO - 
================================================================================
DAG File Processing Stats

File Path                            PID  Runtime      # DAGs    # Errors  Last Runtime    Last Run               Last # of DB Queries
---------------------------------  -----  ---------  --------  ----------  --------------  -------------------  ----------------------
/opt/airflow/dags/DevSurveyDag.py    208  0.01s             1           0  0.16s           2025-05-21T21:42:29                      12
================================================================================
[2025-05-21T21:43:29.627+0000] {manager.py:997} INFO - 
================================================================================
DAG File Processing Stats

File Path                            PID  Runtime      # DAGs    # Errors  Last Runtime    Last Run               Last # of DB Queries
---------------------------------  -----  ---------  --------  ----------  --------------  -------------------  ----------------------
/opt/airflow/dags/DevSurveyDag.py    215  0.00s             1           0  0.16s           2025-05-21T21:42:59                      12
================================================================================
[2025-05-21T21:43:59.842+0000] {manager.py:997} INFO - 
================================================================================
DAG File Processing Stats

File Path                            PID  Runtime      # DAGs    # Errors  Last Runtime    Last Run               Last # of DB Queries
---------------------------------  -----  ---------  --------  ----------  --------------  -------------------  ----------------------
/opt/airflow/dags/DevSurveyDag.py    222  0.01s             1           0  0.16s           2025-05-21T21:43:29                      12
================================================================================
[2025-05-21T21:44:30.122+0000] {manager.py:997} INFO - 
================================================================================
DAG File Processing Stats

File Path                            PID  Runtime      # DAGs    # Errors  Last Runtime    Last Run               Last # of DB Queries
---------------------------------  -----  ---------  --------  ----------  --------------  -------------------  ----------------------
/opt/airflow/dags/DevSurveyDag.py    229  0.01s             1           0  0.15s           2025-05-21T21:43:59                      12
================================================================================
[2025-05-21T21:44:40.043+0000] {manager.py:465} INFO - Exiting gracefully upon receiving signal 15
[2025-05-21T21:49:08.365+0000] {manager.py:483} INFO - Processing files using up to 2 processes at a time 
[2025-05-21T21:49:08.367+0000] {manager.py:484} INFO - Process each file at most once every 30 seconds
[2025-05-21T21:49:08.367+0000] {manager.py:485} INFO - Checking for new files in /opt/airflow/dags every 300 seconds
[2025-05-21T21:49:08.368+0000] {manager.py:821} INFO - Searching for files in /opt/airflow/dags
[2025-05-21T21:49:08.381+0000] {manager.py:824} INFO - There are 1 files in /opt/airflow/dags
[2025-05-21T21:49:08.501+0000] {manager.py:997} INFO - 
================================================================================
DAG File Processing Stats

File Path                            PID  Runtime      # DAGs    # Errors  Last Runtime    Last Run      Last # of DB Queries
---------------------------------  -----  ---------  --------  ----------  --------------  ----------  ----------------------
/opt/airflow/dags/DevSurveyDag.py     97  0.02s             0           0                                                   0
================================================================================
[2025-05-21T21:49:38.693+0000] {manager.py:997} INFO - 
================================================================================
DAG File Processing Stats

File Path                          PID    Runtime      # DAGs    # Errors  Last Runtime    Last Run               Last # of DB Queries
---------------------------------  -----  ---------  --------  ----------  --------------  -------------------  ----------------------
/opt/airflow/dags/DevSurveyDag.py                           1           0  0.28s           2025-05-21T21:49:08                      12
================================================================================
[2025-05-21T21:50:09.133+0000] {manager.py:997} INFO - 
================================================================================
DAG File Processing Stats

File Path                          PID    Runtime      # DAGs    # Errors  Last Runtime    Last Run               Last # of DB Queries
---------------------------------  -----  ---------  --------  ----------  --------------  -------------------  ----------------------
/opt/airflow/dags/DevSurveyDag.py                           1           0  0.33s           2025-05-21T21:49:39                      12
================================================================================
[2025-05-21T21:50:39.199+0000] {manager.py:997} INFO - 
================================================================================
DAG File Processing Stats

File Path                          PID    Runtime      # DAGs    # Errors  Last Runtime    Last Run               Last # of DB Queries
---------------------------------  -----  ---------  --------  ----------  --------------  -------------------  ----------------------
/opt/airflow/dags/DevSurveyDag.py                           1           0  0.58s           2025-05-21T21:50:10                      12
================================================================================
[2025-05-21T21:51:09.383+0000] {manager.py:997} INFO - 
================================================================================
DAG File Processing Stats

File Path                          PID    Runtime      # DAGs    # Errors  Last Runtime    Last Run               Last # of DB Queries
---------------------------------  -----  ---------  --------  ----------  --------------  -------------------  ----------------------
/opt/airflow/dags/DevSurveyDag.py                           1           0  0.15s           2025-05-21T21:50:40                      12
================================================================================
[2025-05-21T21:51:39.680+0000] {manager.py:997} INFO - 
================================================================================
DAG File Processing Stats

File Path                          PID    Runtime      # DAGs    # Errors  Last Runtime    Last Run               Last # of DB Queries
---------------------------------  -----  ---------  --------  ----------  --------------  -------------------  ----------------------
/opt/airflow/dags/DevSurveyDag.py                           1           0  0.14s           2025-05-21T21:51:10                      12
================================================================================
[2025-05-21T21:52:09.875+0000] {manager.py:997} INFO - 
================================================================================
DAG File Processing Stats

File Path                          PID    Runtime      # DAGs    # Errors  Last Runtime    Last Run               Last # of DB Queries
---------------------------------  -----  ---------  --------  ----------  --------------  -------------------  ----------------------
/opt/airflow/dags/DevSurveyDag.py                           1           0  0.14s           2025-05-21T21:51:40                      12
================================================================================
[2025-05-21T21:52:40.136+0000] {manager.py:997} INFO - 
================================================================================
DAG File Processing Stats

File Path                          PID    Runtime      # DAGs    # Errors  Last Runtime    Last Run               Last # of DB Queries
---------------------------------  -----  ---------  --------  ----------  --------------  -------------------  ----------------------
/opt/airflow/dags/DevSurveyDag.py                           1           0  0.16s           2025-05-21T21:52:11                      12
================================================================================
[2025-05-21T21:53:10.356+0000] {manager.py:997} INFO - 
================================================================================
DAG File Processing Stats

File Path                          PID    Runtime      # DAGs    # Errors  Last Runtime    Last Run               Last # of DB Queries
---------------------------------  -----  ---------  --------  ----------  --------------  -------------------  ----------------------
/opt/airflow/dags/DevSurveyDag.py                           1           0  0.18s           2025-05-21T21:52:41                      12
================================================================================
[2025-05-21T21:53:40.669+0000] {manager.py:997} INFO - 
================================================================================
DAG File Processing Stats

File Path                          PID    Runtime      # DAGs    # Errors  Last Runtime    Last Run               Last # of DB Queries
---------------------------------  -----  ---------  --------  ----------  --------------  -------------------  ----------------------
/opt/airflow/dags/DevSurveyDag.py                           1           0  0.22s           2025-05-21T21:53:11                      12
================================================================================
[2025-05-21T21:54:08.893+0000] {manager.py:821} INFO - Searching for files in /opt/airflow/dags
[2025-05-21T21:54:08.909+0000] {manager.py:824} INFO - There are 1 files in /opt/airflow/dags
[2025-05-21T21:54:10.942+0000] {manager.py:997} INFO - 
================================================================================
DAG File Processing Stats

File Path                          PID    Runtime      # DAGs    # Errors  Last Runtime    Last Run               Last # of DB Queries
---------------------------------  -----  ---------  --------  ----------  --------------  -------------------  ----------------------
/opt/airflow/dags/DevSurveyDag.py                           1           0  0.15s           2025-05-21T21:53:41                      12
================================================================================
[2025-05-21T21:54:41.136+0000] {manager.py:997} INFO - 
================================================================================
DAG File Processing Stats

File Path                          PID    Runtime      # DAGs    # Errors  Last Runtime    Last Run               Last # of DB Queries
---------------------------------  -----  ---------  --------  ----------  --------------  -------------------  ----------------------
/opt/airflow/dags/DevSurveyDag.py                           1           0  0.15s           2025-05-21T21:54:12                      12
================================================================================
[2025-05-21T21:55:11.412+0000] {manager.py:997} INFO - 
================================================================================
DAG File Processing Stats

File Path                          PID    Runtime      # DAGs    # Errors  Last Runtime    Last Run               Last # of DB Queries
---------------------------------  -----  ---------  --------  ----------  --------------  -------------------  ----------------------
/opt/airflow/dags/DevSurveyDag.py                           1           0  0.14s           2025-05-21T21:54:42                      12
================================================================================
[2025-05-21T21:55:41.605+0000] {manager.py:997} INFO - 
================================================================================
DAG File Processing Stats

File Path                          PID    Runtime      # DAGs    # Errors  Last Runtime    Last Run               Last # of DB Queries
---------------------------------  -----  ---------  --------  ----------  --------------  -------------------  ----------------------
/opt/airflow/dags/DevSurveyDag.py                           1           0  0.15s           2025-05-21T21:55:12                      12
================================================================================
[2025-05-21T21:56:11.912+0000] {manager.py:997} INFO - 
================================================================================
DAG File Processing Stats

File Path                          PID    Runtime      # DAGs    # Errors  Last Runtime    Last Run               Last # of DB Queries
---------------------------------  -----  ---------  --------  ----------  --------------  -------------------  ----------------------
/opt/airflow/dags/DevSurveyDag.py                           1           0  0.16s           2025-05-21T21:55:42                      12
================================================================================
[2025-05-21T21:56:37.847+0000] {manager.py:465} INFO - Exiting gracefully upon receiving signal 15
[2025-05-21T21:58:17.577+0000] {manager.py:483} INFO - Processing files using up to 2 processes at a time 
[2025-05-21T21:58:17.577+0000] {manager.py:484} INFO - Process each file at most once every 30 seconds
[2025-05-21T21:58:17.578+0000] {manager.py:485} INFO - Checking for new files in /opt/airflow/dags every 300 seconds
[2025-05-21T21:58:17.578+0000] {manager.py:821} INFO - Searching for files in /opt/airflow/dags
[2025-05-21T21:58:17.598+0000] {manager.py:824} INFO - There are 1 files in /opt/airflow/dags
[2025-05-21T21:58:17.726+0000] {manager.py:997} INFO - 
================================================================================
DAG File Processing Stats

File Path                            PID  Runtime      # DAGs    # Errors  Last Runtime    Last Run      Last # of DB Queries
---------------------------------  -----  ---------  --------  ----------  --------------  ----------  ----------------------
/opt/airflow/dags/DevSurveyDag.py     91  0.02s             0           0                                                   0
================================================================================
[2025-05-21T21:58:47.908+0000] {manager.py:997} INFO - 
================================================================================
DAG File Processing Stats

File Path                          PID    Runtime      # DAGs    # Errors  Last Runtime    Last Run               Last # of DB Queries
---------------------------------  -----  ---------  --------  ----------  --------------  -------------------  ----------------------
/opt/airflow/dags/DevSurveyDag.py                           1           0  0.30s           2025-05-21T21:58:17                      12
================================================================================
[2025-05-21T21:59:18.349+0000] {manager.py:997} INFO - 
================================================================================
DAG File Processing Stats

File Path                          PID    Runtime      # DAGs    # Errors  Last Runtime    Last Run               Last # of DB Queries
---------------------------------  -----  ---------  --------  ----------  --------------  -------------------  ----------------------
/opt/airflow/dags/DevSurveyDag.py                           1           0  0.27s           2025-05-21T21:58:48                      12
================================================================================
[2025-05-21T21:59:48.989+0000] {manager.py:997} INFO - 
================================================================================
DAG File Processing Stats

File Path                          PID    Runtime      # DAGs    # Errors  Last Runtime    Last Run               Last # of DB Queries
---------------------------------  -----  ---------  --------  ----------  --------------  -------------------  ----------------------
/opt/airflow/dags/DevSurveyDag.py                           1           0  0.17s           2025-05-21T21:59:33                      12
================================================================================
[2025-05-21T22:00:19.349+0000] {manager.py:997} INFO - 
================================================================================
DAG File Processing Stats

File Path                          PID    Runtime      # DAGs    # Errors  Last Runtime    Last Run               Last # of DB Queries
---------------------------------  -----  ---------  --------  ----------  --------------  -------------------  ----------------------
/opt/airflow/dags/DevSurveyDag.py                           1           0  0.34s           2025-05-21T22:00:02                      34
================================================================================
[2025-05-21T22:00:49.880+0000] {manager.py:997} INFO - 
================================================================================
DAG File Processing Stats

File Path                          PID    Runtime      # DAGs    # Errors  Last Runtime    Last Run               Last # of DB Queries
---------------------------------  -----  ---------  --------  ----------  --------------  -------------------  ----------------------
/opt/airflow/dags/DevSurveyDag.py                           1           0  0.26s           2025-05-21T22:00:44                      12
================================================================================
[2025-05-21T22:01:20.371+0000] {manager.py:997} INFO - 
================================================================================
DAG File Processing Stats

File Path                          PID    Runtime      # DAGs    # Errors  Last Runtime    Last Run               Last # of DB Queries
---------------------------------  -----  ---------  --------  ----------  --------------  -------------------  ----------------------
/opt/airflow/dags/DevSurveyDag.py                           1           0  0.23s           2025-05-21T22:01:14                      12
================================================================================
[2025-05-21T22:01:50.844+0000] {manager.py:997} INFO - 
================================================================================
DAG File Processing Stats

File Path                          PID    Runtime      # DAGs    # Errors  Last Runtime    Last Run               Last # of DB Queries
---------------------------------  -----  ---------  --------  ----------  --------------  -------------------  ----------------------
/opt/airflow/dags/DevSurveyDag.py                           1           0  0.54s           2025-05-21T22:01:45                      12
================================================================================
[2025-05-21T22:02:21.409+0000] {manager.py:997} INFO - 
================================================================================
DAG File Processing Stats

File Path                          PID    Runtime      # DAGs    # Errors  Last Runtime    Last Run               Last # of DB Queries
---------------------------------  -----  ---------  --------  ----------  --------------  -------------------  ----------------------
/opt/airflow/dags/DevSurveyDag.py                           1           0  0.24s           2025-05-21T22:02:15                      12
================================================================================
[2025-05-21T22:02:51.881+0000] {manager.py:997} INFO - 
================================================================================
DAG File Processing Stats

File Path                          PID    Runtime      # DAGs    # Errors  Last Runtime    Last Run               Last # of DB Queries
---------------------------------  -----  ---------  --------  ----------  --------------  -------------------  ----------------------
/opt/airflow/dags/DevSurveyDag.py                           1           0  0.25s           2025-05-21T22:02:45                      12
================================================================================
[2025-05-21T22:03:18.140+0000] {manager.py:821} INFO - Searching for files in /opt/airflow/dags
[2025-05-21T22:03:18.169+0000] {manager.py:824} INFO - There are 1 files in /opt/airflow/dags
[2025-05-21T22:03:22.238+0000] {manager.py:997} INFO - 
================================================================================
DAG File Processing Stats

File Path                          PID    Runtime      # DAGs    # Errors  Last Runtime    Last Run               Last # of DB Queries
---------------------------------  -----  ---------  --------  ----------  --------------  -------------------  ----------------------
/opt/airflow/dags/DevSurveyDag.py                           1           0  0.22s           2025-05-21T22:03:16                      12
================================================================================
[2025-05-21T22:03:52.636+0000] {manager.py:997} INFO - 
================================================================================
DAG File Processing Stats

File Path                          PID    Runtime      # DAGs    # Errors  Last Runtime    Last Run               Last # of DB Queries
---------------------------------  -----  ---------  --------  ----------  --------------  -------------------  ----------------------
/opt/airflow/dags/DevSurveyDag.py                           1           0  0.23s           2025-05-21T22:03:46                      12
================================================================================
[2025-05-21T22:04:22.975+0000] {manager.py:997} INFO - 
================================================================================
DAG File Processing Stats

File Path                          PID    Runtime      # DAGs    # Errors  Last Runtime    Last Run               Last # of DB Queries
---------------------------------  -----  ---------  --------  ----------  --------------  -------------------  ----------------------
/opt/airflow/dags/DevSurveyDag.py                           1           0  0.25s           2025-05-21T22:04:17                      12
================================================================================
[2025-05-21T22:04:53.396+0000] {manager.py:997} INFO - 
================================================================================
DAG File Processing Stats

File Path                          PID    Runtime      # DAGs    # Errors  Last Runtime    Last Run               Last # of DB Queries
---------------------------------  -----  ---------  --------  ----------  --------------  -------------------  ----------------------
/opt/airflow/dags/DevSurveyDag.py                           1           0  0.27s           2025-05-21T22:04:47                      12
================================================================================
[2025-05-21T22:05:23.724+0000] {manager.py:997} INFO - 
================================================================================
DAG File Processing Stats

File Path                          PID    Runtime      # DAGs    # Errors  Last Runtime    Last Run               Last # of DB Queries
---------------------------------  -----  ---------  --------  ----------  --------------  -------------------  ----------------------
/opt/airflow/dags/DevSurveyDag.py                           1           0  0.25s           2025-05-21T22:05:17                      12
================================================================================
[2025-05-21T22:05:54.144+0000] {manager.py:997} INFO - 
================================================================================
DAG File Processing Stats

File Path                          PID    Runtime      # DAGs    # Errors  Last Runtime    Last Run               Last # of DB Queries
---------------------------------  -----  ---------  --------  ----------  --------------  -------------------  ----------------------
/opt/airflow/dags/DevSurveyDag.py                           1           0  0.27s           2025-05-21T22:05:48                      12
================================================================================
[2025-05-21T22:06:24.476+0000] {manager.py:997} INFO - 
================================================================================
DAG File Processing Stats

File Path                          PID    Runtime      # DAGs    # Errors  Last Runtime    Last Run               Last # of DB Queries
---------------------------------  -----  ---------  --------  ----------  --------------  -------------------  ----------------------
/opt/airflow/dags/DevSurveyDag.py                           1           0  0.35s           2025-05-21T22:06:15                      12
================================================================================
[2025-05-21T22:06:55.066+0000] {manager.py:997} INFO - 
================================================================================
DAG File Processing Stats

File Path                          PID    Runtime      # DAGs    # Errors  Last Runtime    Last Run               Last # of DB Queries
---------------------------------  -----  ---------  --------  ----------  --------------  -------------------  ----------------------
/opt/airflow/dags/DevSurveyDag.py                           1           0  0.39s           2025-05-21T22:06:46                      12
================================================================================
[2025-05-21T22:07:25.704+0000] {manager.py:997} INFO - 
================================================================================
DAG File Processing Stats

File Path                          PID    Runtime      # DAGs    # Errors  Last Runtime    Last Run               Last # of DB Queries
---------------------------------  -----  ---------  --------  ----------  --------------  -------------------  ----------------------
/opt/airflow/dags/DevSurveyDag.py                           1           0  0.24s           2025-05-21T22:07:16                      12
================================================================================
[2025-05-21T22:07:56.189+0000] {manager.py:997} INFO - 
================================================================================
DAG File Processing Stats

File Path                          PID    Runtime      # DAGs    # Errors  Last Runtime    Last Run               Last # of DB Queries
---------------------------------  -----  ---------  --------  ----------  --------------  -------------------  ----------------------
/opt/airflow/dags/DevSurveyDag.py                           1           0  0.25s           2025-05-21T22:07:47                      12
================================================================================
[2025-05-21T22:08:18.387+0000] {manager.py:821} INFO - Searching for files in /opt/airflow/dags
[2025-05-21T22:08:18.419+0000] {manager.py:824} INFO - There are 1 files in /opt/airflow/dags
[2025-05-21T22:08:26.522+0000] {manager.py:997} INFO - 
================================================================================
DAG File Processing Stats

File Path                          PID    Runtime      # DAGs    # Errors  Last Runtime    Last Run               Last # of DB Queries
---------------------------------  -----  ---------  --------  ----------  --------------  -------------------  ----------------------
/opt/airflow/dags/DevSurveyDag.py                           1           0  0.26s           2025-05-21T22:08:17                      12
================================================================================
[2025-05-21T22:08:56.944+0000] {manager.py:997} INFO - 
================================================================================
DAG File Processing Stats

File Path                          PID    Runtime      # DAGs    # Errors  Last Runtime    Last Run               Last # of DB Queries
---------------------------------  -----  ---------  --------  ----------  --------------  -------------------  ----------------------
/opt/airflow/dags/DevSurveyDag.py                           1           0  0.24s           2025-05-21T22:08:47                      12
================================================================================
[2025-05-21T22:09:27.251+0000] {manager.py:997} INFO - 
================================================================================
DAG File Processing Stats

File Path                          PID    Runtime      # DAGs    # Errors  Last Runtime    Last Run               Last # of DB Queries
---------------------------------  -----  ---------  --------  ----------  --------------  -------------------  ----------------------
/opt/airflow/dags/DevSurveyDag.py                           1           0  0.30s           2025-05-21T22:09:18                      12
================================================================================
[2025-05-21T22:09:57.767+0000] {manager.py:997} INFO - 
================================================================================
DAG File Processing Stats

File Path                          PID    Runtime      # DAGs    # Errors  Last Runtime    Last Run               Last # of DB Queries
---------------------------------  -----  ---------  --------  ----------  --------------  -------------------  ----------------------
/opt/airflow/dags/DevSurveyDag.py                           1           0  0.33s           2025-05-21T22:09:49                      12
================================================================================
[2025-05-21T22:10:28.369+0000] {manager.py:997} INFO - 
================================================================================
DAG File Processing Stats

File Path                          PID    Runtime      # DAGs    # Errors  Last Runtime    Last Run               Last # of DB Queries
---------------------------------  -----  ---------  --------  ----------  --------------  -------------------  ----------------------
/opt/airflow/dags/DevSurveyDag.py                           1           0  0.21s           2025-05-21T22:10:19                      12
================================================================================
[2025-05-21T22:10:58.815+0000] {manager.py:997} INFO - 
================================================================================
DAG File Processing Stats

File Path                          PID    Runtime      # DAGs    # Errors  Last Runtime    Last Run               Last # of DB Queries
---------------------------------  -----  ---------  --------  ----------  --------------  -------------------  ----------------------
/opt/airflow/dags/DevSurveyDag.py                           1           0  0.24s           2025-05-21T22:10:49                      12
================================================================================
[2025-05-21T22:11:29.106+0000] {manager.py:997} INFO - 
================================================================================
DAG File Processing Stats

File Path                          PID    Runtime      # DAGs    # Errors  Last Runtime    Last Run               Last # of DB Queries
---------------------------------  -----  ---------  --------  ----------  --------------  -------------------  ----------------------
/opt/airflow/dags/DevSurveyDag.py                           1           0  0.23s           2025-05-21T22:11:20                      12
================================================================================
[2025-05-21T22:11:59.570+0000] {manager.py:997} INFO - 
================================================================================
DAG File Processing Stats

File Path                          PID    Runtime      # DAGs    # Errors  Last Runtime    Last Run               Last # of DB Queries
---------------------------------  -----  ---------  --------  ----------  --------------  -------------------  ----------------------
/opt/airflow/dags/DevSurveyDag.py                           1           0  0.22s           2025-05-21T22:11:50                      12
================================================================================
[2025-05-21T22:12:29.844+0000] {manager.py:997} INFO - 
================================================================================
DAG File Processing Stats

File Path                          PID    Runtime      # DAGs    # Errors  Last Runtime    Last Run               Last # of DB Queries
---------------------------------  -----  ---------  --------  ----------  --------------  -------------------  ----------------------
/opt/airflow/dags/DevSurveyDag.py                           1           0  0.34s           2025-05-21T22:12:17                      12
================================================================================
[2025-05-21T22:13:05.396+0000] {manager.py:997} INFO - 
================================================================================
DAG File Processing Stats

File Path                          PID    Runtime      # DAGs    # Errors  Last Runtime    Last Run               Last # of DB Queries
---------------------------------  -----  ---------  --------  ----------  --------------  -------------------  ----------------------
/opt/airflow/dags/DevSurveyDag.py                           1           0  2.64s           2025-05-21T22:12:50                      12
================================================================================
[2025-05-21T22:13:18.507+0000] {manager.py:821} INFO - Searching for files in /opt/airflow/dags
[2025-05-21T22:13:18.532+0000] {manager.py:824} INFO - There are 1 files in /opt/airflow/dags
[2025-05-21T22:13:35.589+0000] {manager.py:997} INFO - 
================================================================================
DAG File Processing Stats

File Path                          PID    Runtime      # DAGs    # Errors  Last Runtime    Last Run               Last # of DB Queries
---------------------------------  -----  ---------  --------  ----------  --------------  -------------------  ----------------------
/opt/airflow/dags/DevSurveyDag.py                           1           0  4.72s           2025-05-21T22:13:20                      22
================================================================================
[2025-05-21T22:14:05.844+0000] {manager.py:997} INFO - 
================================================================================
DAG File Processing Stats

File Path                          PID    Runtime      # DAGs    # Errors  Last Runtime    Last Run               Last # of DB Queries
---------------------------------  -----  ---------  --------  ----------  --------------  -------------------  ----------------------
/opt/airflow/dags/DevSurveyDag.py                           1           0  0.25s           2025-05-21T22:13:50                      12
================================================================================
[2025-05-21T22:14:36.337+0000] {manager.py:997} INFO - 
================================================================================
DAG File Processing Stats

File Path                          PID    Runtime      # DAGs    # Errors  Last Runtime    Last Run               Last # of DB Queries
---------------------------------  -----  ---------  --------  ----------  --------------  -------------------  ----------------------
/opt/airflow/dags/DevSurveyDag.py                           1           0  0.33s           2025-05-21T22:14:21                      12
================================================================================
[2025-05-21T22:15:06.687+0000] {manager.py:997} INFO - 
================================================================================
DAG File Processing Stats

File Path                          PID    Runtime      # DAGs    # Errors  Last Runtime    Last Run               Last # of DB Queries
---------------------------------  -----  ---------  --------  ----------  --------------  -------------------  ----------------------
/opt/airflow/dags/DevSurveyDag.py                           1           0  0.31s           2025-05-21T22:14:51                      12
================================================================================
[2025-05-21T22:15:37.132+0000] {manager.py:997} INFO - 
================================================================================
DAG File Processing Stats

File Path                          PID    Runtime      # DAGs    # Errors  Last Runtime    Last Run               Last # of DB Queries
---------------------------------  -----  ---------  --------  ----------  --------------  -------------------  ----------------------
/opt/airflow/dags/DevSurveyDag.py                           1           0  0.27s           2025-05-21T22:15:22                      12
================================================================================
[2025-05-21T22:16:07.460+0000] {manager.py:997} INFO - 
================================================================================
DAG File Processing Stats

File Path                          PID    Runtime      # DAGs    # Errors  Last Runtime    Last Run               Last # of DB Queries
---------------------------------  -----  ---------  --------  ----------  --------------  -------------------  ----------------------
/opt/airflow/dags/DevSurveyDag.py                           1           0  0.27s           2025-05-21T22:15:52                      12
================================================================================
[2025-05-21T22:16:38.006+0000] {manager.py:997} INFO - 
================================================================================
DAG File Processing Stats

File Path                          PID    Runtime      # DAGs    # Errors  Last Runtime    Last Run               Last # of DB Queries
---------------------------------  -----  ---------  --------  ----------  --------------  -------------------  ----------------------
/opt/airflow/dags/DevSurveyDag.py                           1           0  0.25s           2025-05-21T22:16:22                      12
================================================================================
[2025-05-21T22:17:08.424+0000] {manager.py:997} INFO - 
================================================================================
DAG File Processing Stats

File Path                          PID    Runtime      # DAGs    # Errors  Last Runtime    Last Run               Last # of DB Queries
---------------------------------  -----  ---------  --------  ----------  --------------  -------------------  ----------------------
/opt/airflow/dags/DevSurveyDag.py                           1           0  0.34s           2025-05-21T22:16:53                      12
================================================================================
[2025-05-21T22:17:38.675+0000] {manager.py:997} INFO - 
================================================================================
DAG File Processing Stats

File Path                          PID    Runtime      # DAGs    # Errors  Last Runtime    Last Run               Last # of DB Queries
---------------------------------  -----  ---------  --------  ----------  --------------  -------------------  ----------------------
/opt/airflow/dags/DevSurveyDag.py                           1           0  0.82s           2025-05-21T22:17:24                      12
================================================================================
[2025-05-21T22:18:08.872+0000] {manager.py:997} INFO - 
================================================================================
DAG File Processing Stats

File Path                          PID    Runtime      # DAGs    # Errors  Last Runtime    Last Run               Last # of DB Queries
---------------------------------  -----  ---------  --------  ----------  --------------  -------------------  ----------------------
/opt/airflow/dags/DevSurveyDag.py                           1           0  0.82s           2025-05-21T22:17:55                      12
================================================================================
[2025-05-21T22:18:18.547+0000] {manager.py:821} INFO - Searching for files in /opt/airflow/dags
[2025-05-21T22:18:18.594+0000] {manager.py:824} INFO - There are 1 files in /opt/airflow/dags
[2025-05-21T22:18:39.298+0000] {manager.py:997} INFO - 
================================================================================
DAG File Processing Stats

File Path                          PID    Runtime      # DAGs    # Errors  Last Runtime    Last Run               Last # of DB Queries
---------------------------------  -----  ---------  --------  ----------  --------------  -------------------  ----------------------
/opt/airflow/dags/DevSurveyDag.py                           1           0  0.56s           2025-05-21T22:18:26                      12
================================================================================
[2025-05-21T22:19:09.741+0000] {manager.py:997} INFO - 
================================================================================
DAG File Processing Stats

File Path                          PID    Runtime      # DAGs    # Errors  Last Runtime    Last Run               Last # of DB Queries
---------------------------------  -----  ---------  --------  ----------  --------------  -------------------  ----------------------
/opt/airflow/dags/DevSurveyDag.py                           1           0  0.74s           2025-05-21T22:18:57                      12
================================================================================
[2025-05-21T22:19:39.889+0000] {manager.py:997} INFO - 
================================================================================
DAG File Processing Stats

File Path                          PID    Runtime      # DAGs    # Errors  Last Runtime    Last Run               Last # of DB Queries
---------------------------------  -----  ---------  --------  ----------  --------------  -------------------  ----------------------
/opt/airflow/dags/DevSurveyDag.py                           1           0  0.55s           2025-05-21T22:19:28                      12
================================================================================
[2025-05-21T22:20:10.001+0000] {manager.py:997} INFO - 
================================================================================
DAG File Processing Stats

File Path                          PID    Runtime      # DAGs    # Errors  Last Runtime    Last Run               Last # of DB Queries
---------------------------------  -----  ---------  --------  ----------  --------------  -------------------  ----------------------
/opt/airflow/dags/DevSurveyDag.py                           1           0  0.86s           2025-05-21T22:19:59                      12
================================================================================
[2025-05-21T22:20:40.182+0000] {manager.py:997} INFO - 
================================================================================
DAG File Processing Stats

File Path                          PID    Runtime      # DAGs    # Errors  Last Runtime    Last Run               Last # of DB Queries
---------------------------------  -----  ---------  --------  ----------  --------------  -------------------  ----------------------
/opt/airflow/dags/DevSurveyDag.py                           1           0  0.15s           2025-05-21T22:20:30                      12
================================================================================
[2025-05-21T22:21:10.492+0000] {manager.py:997} INFO - 
================================================================================
DAG File Processing Stats

File Path                          PID    Runtime      # DAGs    # Errors  Last Runtime    Last Run               Last # of DB Queries
---------------------------------  -----  ---------  --------  ----------  --------------  -------------------  ----------------------
/opt/airflow/dags/DevSurveyDag.py                           1           0  0.15s           2025-05-21T22:21:00                      12
================================================================================
[2025-05-21T22:21:40.698+0000] {manager.py:997} INFO - 
================================================================================
DAG File Processing Stats

File Path                          PID    Runtime      # DAGs    # Errors  Last Runtime    Last Run               Last # of DB Queries
---------------------------------  -----  ---------  --------  ----------  --------------  -------------------  ----------------------
/opt/airflow/dags/DevSurveyDag.py                           1           0  0.14s           2025-05-21T22:21:30                      12
================================================================================
[2025-05-21T22:22:10.982+0000] {manager.py:997} INFO - 
================================================================================
DAG File Processing Stats

File Path                          PID    Runtime      # DAGs    # Errors  Last Runtime    Last Run               Last # of DB Queries
---------------------------------  -----  ---------  --------  ----------  --------------  -------------------  ----------------------
/opt/airflow/dags/DevSurveyDag.py                           1           0  0.16s           2025-05-21T22:22:00                      12
================================================================================
[2025-05-21T22:22:41.196+0000] {manager.py:997} INFO - 
================================================================================
DAG File Processing Stats

File Path                          PID    Runtime      # DAGs    # Errors  Last Runtime    Last Run               Last # of DB Queries
---------------------------------  -----  ---------  --------  ----------  --------------  -------------------  ----------------------
/opt/airflow/dags/DevSurveyDag.py                           1           0  0.15s           2025-05-21T22:22:31                      12
================================================================================
[2025-05-21T22:23:11.530+0000] {manager.py:997} INFO - 
================================================================================
DAG File Processing Stats

File Path                          PID    Runtime      # DAGs    # Errors  Last Runtime    Last Run               Last # of DB Queries
---------------------------------  -----  ---------  --------  ----------  --------------  -------------------  ----------------------
/opt/airflow/dags/DevSurveyDag.py                           1           0  0.24s           2025-05-21T22:23:01                      12
================================================================================
[2025-05-21T22:23:18.581+0000] {manager.py:821} INFO - Searching for files in /opt/airflow/dags
[2025-05-21T22:23:18.605+0000] {manager.py:824} INFO - There are 1 files in /opt/airflow/dags
[2025-05-21T22:23:41.851+0000] {manager.py:997} INFO - 
================================================================================
DAG File Processing Stats

File Path                          PID    Runtime      # DAGs    # Errors  Last Runtime    Last Run               Last # of DB Queries
---------------------------------  -----  ---------  --------  ----------  --------------  -------------------  ----------------------
/opt/airflow/dags/DevSurveyDag.py                           1           0  0.22s           2025-05-21T22:23:31                      12
================================================================================
[2025-05-21T22:24:12.215+0000] {manager.py:997} INFO - 
================================================================================
DAG File Processing Stats

File Path                          PID    Runtime      # DAGs    # Errors  Last Runtime    Last Run               Last # of DB Queries
---------------------------------  -----  ---------  --------  ----------  --------------  -------------------  ----------------------
/opt/airflow/dags/DevSurveyDag.py                           1           0  0.24s           2025-05-21T22:24:02                      12
================================================================================
[2025-05-21T22:24:42.452+0000] {manager.py:997} INFO - 
================================================================================
DAG File Processing Stats

File Path                          PID    Runtime      # DAGs    # Errors  Last Runtime    Last Run               Last # of DB Queries
---------------------------------  -----  ---------  --------  ----------  --------------  -------------------  ----------------------
/opt/airflow/dags/DevSurveyDag.py                           1           0  0.18s           2025-05-21T22:24:32                      12
================================================================================
[2025-05-21T22:25:12.768+0000] {manager.py:997} INFO - 
================================================================================
DAG File Processing Stats

File Path                          PID    Runtime      # DAGs    # Errors  Last Runtime    Last Run               Last # of DB Queries
---------------------------------  -----  ---------  --------  ----------  --------------  -------------------  ----------------------
/opt/airflow/dags/DevSurveyDag.py                           1           0  0.21s           2025-05-21T22:25:02                      12
================================================================================
[2025-05-21T22:25:43.044+0000] {manager.py:997} INFO - 
================================================================================
DAG File Processing Stats

File Path                          PID    Runtime      # DAGs    # Errors  Last Runtime    Last Run               Last # of DB Queries
---------------------------------  -----  ---------  --------  ----------  --------------  -------------------  ----------------------
/opt/airflow/dags/DevSurveyDag.py                           1           0  0.21s           2025-05-21T22:25:33                      12
================================================================================
[2025-05-21T22:26:13.355+0000] {manager.py:997} INFO - 
================================================================================
DAG File Processing Stats

File Path                          PID    Runtime      # DAGs    # Errors  Last Runtime    Last Run               Last # of DB Queries
---------------------------------  -----  ---------  --------  ----------  --------------  -------------------  ----------------------
/opt/airflow/dags/DevSurveyDag.py                           1           0  0.25s           2025-05-21T22:26:03                      12
================================================================================
[2025-05-21T22:26:43.639+0000] {manager.py:997} INFO - 
================================================================================
DAG File Processing Stats

File Path                          PID    Runtime      # DAGs    # Errors  Last Runtime    Last Run               Last # of DB Queries
---------------------------------  -----  ---------  --------  ----------  --------------  -------------------  ----------------------
/opt/airflow/dags/DevSurveyDag.py                           1           0  0.21s           2025-05-21T22:26:33                      12
================================================================================
[2025-05-21T22:27:13.989+0000] {manager.py:997} INFO - 
================================================================================
DAG File Processing Stats

File Path                          PID    Runtime      # DAGs    # Errors  Last Runtime    Last Run               Last # of DB Queries
---------------------------------  -----  ---------  --------  ----------  --------------  -------------------  ----------------------
/opt/airflow/dags/DevSurveyDag.py                           1           0  0.31s           2025-05-21T22:27:04                      12
================================================================================
[2025-05-21T22:27:41.401+0000] {manager.py:465} INFO - Exiting gracefully upon receiving signal 15
[2025-05-21T22:30:11.957+0000] {manager.py:483} INFO - Processing files using up to 2 processes at a time 
[2025-05-21T22:30:11.958+0000] {manager.py:484} INFO - Process each file at most once every 30 seconds
[2025-05-21T22:30:11.959+0000] {manager.py:485} INFO - Checking for new files in /opt/airflow/dags every 300 seconds
[2025-05-21T22:30:11.959+0000] {manager.py:821} INFO - Searching for files in /opt/airflow/dags
[2025-05-21T22:30:11.973+0000] {manager.py:824} INFO - There are 1 files in /opt/airflow/dags
[2025-05-21T22:30:12.117+0000] {manager.py:997} INFO - 
================================================================================
DAG File Processing Stats

File Path                            PID  Runtime      # DAGs    # Errors  Last Runtime    Last Run      Last # of DB Queries
---------------------------------  -----  ---------  --------  ----------  --------------  ----------  ----------------------
/opt/airflow/dags/DevSurveyDag.py     96  0.03s             0           0                                                   0
================================================================================
[2025-05-21T22:30:42.289+0000] {manager.py:997} INFO - 
================================================================================
DAG File Processing Stats

File Path                          PID    Runtime      # DAGs    # Errors  Last Runtime    Last Run               Last # of DB Queries
---------------------------------  -----  ---------  --------  ----------  --------------  -------------------  ----------------------
/opt/airflow/dags/DevSurveyDag.py                           1           0  0.26s           2025-05-21T22:30:12                      12
================================================================================
[2025-05-21T22:31:12.785+0000] {manager.py:997} INFO - 
================================================================================
DAG File Processing Stats

File Path                            PID  Runtime      # DAGs    # Errors  Last Runtime    Last Run               Last # of DB Queries
---------------------------------  -----  ---------  --------  ----------  --------------  -------------------  ----------------------
/opt/airflow/dags/DevSurveyDag.py    110  0.01s             1           0  0.15s           2025-05-21T22:30:42                      12
================================================================================
[2025-05-21T22:31:43.139+0000] {manager.py:997} INFO - 
================================================================================
DAG File Processing Stats

File Path                          PID    Runtime      # DAGs    # Errors  Last Runtime    Last Run               Last # of DB Queries
---------------------------------  -----  ---------  --------  ----------  --------------  -------------------  ----------------------
/opt/airflow/dags/DevSurveyDag.py                           1           0  0.56s           2025-05-21T22:31:13                      12
================================================================================
[2025-05-21T22:33:15.181+0000] {manager.py:997} INFO - 
================================================================================
DAG File Processing Stats

File Path                            PID  Runtime      # DAGs    # Errors  Last Runtime    Last Run               Last # of DB Queries
---------------------------------  -----  ---------  --------  ----------  --------------  -------------------  ----------------------
/opt/airflow/dags/DevSurveyDag.py    119  0.02s             1           0  0.64s           2025-05-21T22:31:44                      12
================================================================================
[2025-05-21T22:33:45.247+0000] {manager.py:997} INFO - 
================================================================================
DAG File Processing Stats

File Path                          PID    Runtime      # DAGs    # Errors  Last Runtime    Last Run               Last # of DB Queries
---------------------------------  -----  ---------  --------  ----------  --------------  -------------------  ----------------------
/opt/airflow/dags/DevSurveyDag.py                           1           0  0.58s           2025-05-21T22:33:26                      22
================================================================================
[2025-05-21T22:34:15.460+0000] {manager.py:997} INFO - 
================================================================================
DAG File Processing Stats

File Path                          PID    Runtime      # DAGs    # Errors  Last Runtime    Last Run               Last # of DB Queries
---------------------------------  -----  ---------  --------  ----------  --------------  -------------------  ----------------------
/opt/airflow/dags/DevSurveyDag.py                           1           0  0.26s           2025-05-21T22:33:56                      12
================================================================================
[2025-05-21T22:34:45.621+0000] {manager.py:997} INFO - 
================================================================================
DAG File Processing Stats

File Path                          PID    Runtime      # DAGs    # Errors  Last Runtime    Last Run               Last # of DB Queries
---------------------------------  -----  ---------  --------  ----------  --------------  -------------------  ----------------------
/opt/airflow/dags/DevSurveyDag.py                           1           0  0.61s           2025-05-21T22:34:27                      12
================================================================================
[2025-05-21T22:35:12.157+0000] {manager.py:821} INFO - Searching for files in /opt/airflow/dags
[2025-05-21T22:35:12.199+0000] {manager.py:824} INFO - There are 1 files in /opt/airflow/dags
[2025-05-21T22:35:15.897+0000] {manager.py:997} INFO - 
================================================================================
DAG File Processing Stats

File Path                          PID    Runtime      # DAGs    # Errors  Last Runtime    Last Run               Last # of DB Queries
---------------------------------  -----  ---------  --------  ----------  --------------  -------------------  ----------------------
/opt/airflow/dags/DevSurveyDag.py                           1           0  0.31s           2025-05-21T22:34:58                      12
================================================================================
[2025-05-21T22:35:46.498+0000] {manager.py:997} INFO - 
================================================================================
DAG File Processing Stats

File Path                          PID    Runtime      # DAGs    # Errors  Last Runtime    Last Run               Last # of DB Queries
---------------------------------  -----  ---------  --------  ----------  --------------  -------------------  ----------------------
/opt/airflow/dags/DevSurveyDag.py                           1           0  0.25s           2025-05-21T22:35:28                      12
================================================================================
[2025-05-21T22:36:16.954+0000] {manager.py:997} INFO - 
================================================================================
DAG File Processing Stats

File Path                          PID    Runtime      # DAGs    # Errors  Last Runtime    Last Run               Last # of DB Queries
---------------------------------  -----  ---------  --------  ----------  --------------  -------------------  ----------------------
/opt/airflow/dags/DevSurveyDag.py                           1           0  0.39s           2025-05-21T22:35:59                      12
================================================================================
[2025-05-21T22:36:47.031+0000] {manager.py:997} INFO - 
================================================================================
DAG File Processing Stats

File Path                          PID    Runtime      # DAGs    # Errors  Last Runtime    Last Run               Last # of DB Queries
---------------------------------  -----  ---------  --------  ----------  --------------  -------------------  ----------------------
/opt/airflow/dags/DevSurveyDag.py                           1           0  0.46s           2025-05-21T22:36:29                      12
================================================================================
[2025-05-21T22:37:17.227+0000] {manager.py:997} INFO - 
================================================================================
DAG File Processing Stats

File Path                          PID    Runtime      # DAGs    # Errors  Last Runtime    Last Run               Last # of DB Queries
---------------------------------  -----  ---------  --------  ----------  --------------  -------------------  ----------------------
/opt/airflow/dags/DevSurveyDag.py                           1           0  0.32s           2025-05-21T22:37:00                      12
================================================================================
[2025-05-21T22:37:47.745+0000] {manager.py:997} INFO - 
================================================================================
DAG File Processing Stats

File Path                          PID    Runtime      # DAGs    # Errors  Last Runtime    Last Run               Last # of DB Queries
---------------------------------  -----  ---------  --------  ----------  --------------  -------------------  ----------------------
/opt/airflow/dags/DevSurveyDag.py                           1           0  0.35s           2025-05-21T22:37:30                      12
================================================================================
[2025-05-21T22:38:18.341+0000] {manager.py:997} INFO - 
================================================================================
DAG File Processing Stats

File Path                          PID    Runtime      # DAGs    # Errors  Last Runtime    Last Run               Last # of DB Queries
---------------------------------  -----  ---------  --------  ----------  --------------  -------------------  ----------------------
/opt/airflow/dags/DevSurveyDag.py                           1           0  0.27s           2025-05-21T22:38:01                      12
================================================================================
[2025-05-21T22:38:48.770+0000] {manager.py:997} INFO - 
================================================================================
DAG File Processing Stats

File Path                          PID    Runtime      # DAGs    # Errors  Last Runtime    Last Run               Last # of DB Queries
---------------------------------  -----  ---------  --------  ----------  --------------  -------------------  ----------------------
/opt/airflow/dags/DevSurveyDag.py                           1           0  0.17s           2025-05-21T22:38:31                      12
================================================================================
[2025-05-21T22:39:19.101+0000] {manager.py:997} INFO - 
================================================================================
DAG File Processing Stats

File Path                          PID    Runtime      # DAGs    # Errors  Last Runtime    Last Run               Last # of DB Queries
---------------------------------  -----  ---------  --------  ----------  --------------  -------------------  ----------------------
/opt/airflow/dags/DevSurveyDag.py                           1           0  0.23s           2025-05-21T22:39:02                      12
================================================================================
[2025-05-21T22:39:49.360+0000] {manager.py:997} INFO - 
================================================================================
DAG File Processing Stats

File Path                          PID    Runtime      # DAGs    # Errors  Last Runtime    Last Run               Last # of DB Queries
---------------------------------  -----  ---------  --------  ----------  --------------  -------------------  ----------------------
/opt/airflow/dags/DevSurveyDag.py                           1           0  0.15s           2025-05-21T22:39:32                      12
================================================================================
[2025-05-21T22:40:12.564+0000] {manager.py:821} INFO - Searching for files in /opt/airflow/dags
[2025-05-21T22:40:12.582+0000] {manager.py:824} INFO - There are 1 files in /opt/airflow/dags
[2025-05-21T22:40:19.651+0000] {manager.py:997} INFO - 
================================================================================
DAG File Processing Stats

File Path                          PID    Runtime      # DAGs    # Errors  Last Runtime    Last Run               Last # of DB Queries
---------------------------------  -----  ---------  --------  ----------  --------------  -------------------  ----------------------
/opt/airflow/dags/DevSurveyDag.py                           1           0  0.16s           2025-05-21T22:40:02                      12
================================================================================
[2025-05-21T22:40:49.888+0000] {manager.py:997} INFO - 
================================================================================
DAG File Processing Stats

File Path                          PID    Runtime      # DAGs    # Errors  Last Runtime    Last Run               Last # of DB Queries
---------------------------------  -----  ---------  --------  ----------  --------------  -------------------  ----------------------
/opt/airflow/dags/DevSurveyDag.py                           1           0  0.21s           2025-05-21T22:40:32                      12
================================================================================
[2025-05-21T22:41:20.210+0000] {manager.py:997} INFO - 
================================================================================
DAG File Processing Stats

File Path                          PID    Runtime      # DAGs    # Errors  Last Runtime    Last Run               Last # of DB Queries
---------------------------------  -----  ---------  --------  ----------  --------------  -------------------  ----------------------
/opt/airflow/dags/DevSurveyDag.py                           1           0  0.18s           2025-05-21T22:41:03                      12
================================================================================
[2025-05-21T22:41:50.414+0000] {manager.py:997} INFO - 
================================================================================
DAG File Processing Stats

File Path                          PID    Runtime      # DAGs    # Errors  Last Runtime    Last Run               Last # of DB Queries
---------------------------------  -----  ---------  --------  ----------  --------------  -------------------  ----------------------
/opt/airflow/dags/DevSurveyDag.py                           1           0  0.22s           2025-05-21T22:41:33                      12
================================================================================
[2025-05-21T22:42:20.795+0000] {manager.py:997} INFO - 
================================================================================
DAG File Processing Stats

File Path                          PID    Runtime      # DAGs    # Errors  Last Runtime    Last Run               Last # of DB Queries
---------------------------------  -----  ---------  --------  ----------  --------------  -------------------  ----------------------
/opt/airflow/dags/DevSurveyDag.py                           1           0  0.17s           2025-05-21T22:42:03                      12
================================================================================
[2025-05-21T22:42:51.140+0000] {manager.py:997} INFO - 
================================================================================
DAG File Processing Stats

File Path                          PID    Runtime      # DAGs    # Errors  Last Runtime    Last Run               Last # of DB Queries
---------------------------------  -----  ---------  --------  ----------  --------------  -------------------  ----------------------
/opt/airflow/dags/DevSurveyDag.py                           1           0  0.16s           2025-05-21T22:42:34                      12
================================================================================
[2025-05-21T22:43:21.379+0000] {manager.py:997} INFO - 
================================================================================
DAG File Processing Stats

File Path                          PID    Runtime      # DAGs    # Errors  Last Runtime    Last Run               Last # of DB Queries
---------------------------------  -----  ---------  --------  ----------  --------------  -------------------  ----------------------
/opt/airflow/dags/DevSurveyDag.py                           1           0  0.34s           2025-05-21T22:43:04                      12
================================================================================
[2025-05-21T22:43:51.912+0000] {manager.py:997} INFO - 
================================================================================
DAG File Processing Stats

File Path                          PID    Runtime      # DAGs    # Errors  Last Runtime    Last Run               Last # of DB Queries
---------------------------------  -----  ---------  --------  ----------  --------------  -------------------  ----------------------
/opt/airflow/dags/DevSurveyDag.py                           1           0  0.22s           2025-05-21T22:43:35                      12
================================================================================
[2025-05-21T22:43:56.688+0000] {manager.py:465} INFO - Exiting gracefully upon receiving signal 15
