[2025-04-09T13:15:35.874+0000] {processor.py:186} INFO - Started process (PID=135) to work on /opt/airflow/dags/DevSurveyDag.py
[2025-04-09T13:15:35.876+0000] {processor.py:914} INFO - Processing file /opt/airflow/dags/DevSurveyDag.py for tasks to queue
[2025-04-09T13:15:35.881+0000] {logging_mixin.py:190} INFO - [2025-04-09T13:15:35.881+0000] {dagbag.py:588} INFO - Filling up the DagBag from /opt/airflow/dags/DevSurveyDag.py
[2025-04-09T13:15:36.036+0000] {logging_mixin.py:190} INFO - [2025-04-09T13:15:36.012+0000] {dagbag.py:387} ERROR - Failed to import: /opt/airflow/dags/DevSurveyDag.py
Traceback (most recent call last):
  File "/home/airflow/.local/lib/python3.12/site-packages/airflow/models/dagbag.py", line 383, in parse
    loader.exec_module(new_module)
  File "<frozen importlib._bootstrap_external>", line 999, in exec_module
  File "<frozen importlib._bootstrap>", line 488, in _call_with_frames_removed
  File "/opt/airflow/dags/DevSurveyDag.py", line 70, in <module>
    dev_survey_dag = dev_survey_dag()
                     ^^^^^^^^^^^^^^^^
  File "/home/airflow/.local/lib/python3.12/site-packages/airflow/models/dag.py", line 4307, in factory
    f(**f_kwargs)
  File "/opt/airflow/dags/DevSurveyDag.py", line 32, in dev_survey_dag
    spotify_raw_data = spotify_extraction()
                       ^^^^^^^^^^^^^^^^^^
NameError: name 'spotify_extraction' is not defined
[2025-04-09T13:15:36.050+0000] {processor.py:927} WARNING - No viable dags retrieved from /opt/airflow/dags/DevSurveyDag.py
[2025-04-09T13:15:36.089+0000] {processor.py:208} INFO - Processing /opt/airflow/dags/DevSurveyDag.py took 0.224 seconds
[2025-04-09T13:15:55.947+0000] {processor.py:186} INFO - Started process (PID=136) to work on /opt/airflow/dags/DevSurveyDag.py
[2025-04-09T13:15:55.951+0000] {processor.py:914} INFO - Processing file /opt/airflow/dags/DevSurveyDag.py for tasks to queue
[2025-04-09T13:15:55.961+0000] {logging_mixin.py:190} INFO - [2025-04-09T13:15:55.960+0000] {dagbag.py:588} INFO - Filling up the DagBag from /opt/airflow/dags/DevSurveyDag.py
[2025-04-09T13:15:56.103+0000] {logging_mixin.py:190} INFO - [2025-04-09T13:15:56.078+0000] {dagbag.py:387} ERROR - Failed to import: /opt/airflow/dags/DevSurveyDag.py
Traceback (most recent call last):
  File "/home/airflow/.local/lib/python3.12/site-packages/airflow/models/dagbag.py", line 383, in parse
    loader.exec_module(new_module)
  File "<frozen importlib._bootstrap_external>", line 999, in exec_module
  File "<frozen importlib._bootstrap>", line 488, in _call_with_frames_removed
  File "/opt/airflow/dags/DevSurveyDag.py", line 69, in <module>
    dev_survey_dag = dev_survey_dag()
                     ^^^^^^^^^^^^^^^^
  File "/home/airflow/.local/lib/python3.12/site-packages/airflow/models/dag.py", line 4307, in factory
    f(**f_kwargs)
  File "/opt/airflow/dags/DevSurveyDag.py", line 43, in dev_survey_dag
    spotify_data = spotify_transformation(spotify_raw_data)
                                          ^^^^^^^^^^^^^^^^
NameError: name 'spotify_raw_data' is not defined
[2025-04-09T13:15:56.117+0000] {processor.py:927} WARNING - No viable dags retrieved from /opt/airflow/dags/DevSurveyDag.py
[2025-04-09T13:15:56.183+0000] {processor.py:208} INFO - Processing /opt/airflow/dags/DevSurveyDag.py took 0.249 seconds
[2025-04-09T13:16:17.154+0000] {processor.py:186} INFO - Started process (PID=143) to work on /opt/airflow/dags/DevSurveyDag.py
[2025-04-09T13:16:17.156+0000] {processor.py:914} INFO - Processing file /opt/airflow/dags/DevSurveyDag.py for tasks to queue
[2025-04-09T13:16:17.161+0000] {logging_mixin.py:190} INFO - [2025-04-09T13:16:17.160+0000] {dagbag.py:588} INFO - Filling up the DagBag from /opt/airflow/dags/DevSurveyDag.py
[2025-04-09T13:16:17.286+0000] {logging_mixin.py:190} INFO - [2025-04-09T13:16:17.267+0000] {dagbag.py:387} ERROR - Failed to import: /opt/airflow/dags/DevSurveyDag.py
Traceback (most recent call last):
  File "/home/airflow/.local/lib/python3.12/site-packages/airflow/models/dagbag.py", line 383, in parse
    loader.exec_module(new_module)
  File "<frozen importlib._bootstrap_external>", line 999, in exec_module
  File "<frozen importlib._bootstrap>", line 488, in _call_with_frames_removed
  File "/opt/airflow/dags/DevSurveyDag.py", line 62, in <module>
    dev_survey_dag = dev_survey_dag()
                     ^^^^^^^^^^^^^^^^
  File "/home/airflow/.local/lib/python3.12/site-packages/airflow/models/dag.py", line 4307, in factory
    f(**f_kwargs)
  File "/opt/airflow/dags/DevSurveyDag.py", line 48, in dev_survey_dag
    df = data_merging(spotify_data, grammys_data)
                      ^^^^^^^^^^^^
NameError: name 'spotify_data' is not defined
[2025-04-09T13:16:17.295+0000] {processor.py:927} WARNING - No viable dags retrieved from /opt/airflow/dags/DevSurveyDag.py
[2025-04-09T13:16:17.333+0000] {processor.py:208} INFO - Processing /opt/airflow/dags/DevSurveyDag.py took 0.188 seconds
[2025-04-09T13:16:31.399+0000] {processor.py:186} INFO - Started process (PID=149) to work on /opt/airflow/dags/DevSurveyDag.py
[2025-04-09T13:16:31.401+0000] {processor.py:914} INFO - Processing file /opt/airflow/dags/DevSurveyDag.py for tasks to queue
[2025-04-09T13:16:31.405+0000] {logging_mixin.py:190} INFO - [2025-04-09T13:16:31.405+0000] {dagbag.py:588} INFO - Filling up the DagBag from /opt/airflow/dags/DevSurveyDag.py
[2025-04-09T13:16:31.503+0000] {processor.py:925} INFO - DAG(s) 'dev_survey_dag' retrieved from /opt/airflow/dags/DevSurveyDag.py
[2025-04-09T13:16:32.147+0000] {logging_mixin.py:190} INFO - [2025-04-09T13:16:32.145+0000] {override.py:1912} INFO - Created Permission View: can edit on DAG:dev_survey_dag
[2025-04-09T13:16:32.173+0000] {logging_mixin.py:190} INFO - [2025-04-09T13:16:32.173+0000] {override.py:1912} INFO - Created Permission View: can read on DAG:dev_survey_dag
[2025-04-09T13:16:32.200+0000] {logging_mixin.py:190} INFO - [2025-04-09T13:16:32.200+0000] {override.py:1912} INFO - Created Permission View: can delete on DAG:dev_survey_dag
[2025-04-09T13:16:32.217+0000] {logging_mixin.py:190} INFO - [2025-04-09T13:16:32.217+0000] {override.py:1912} INFO - Created Permission View: menu access on DAG Run:dev_survey_dag
[2025-04-09T13:16:32.231+0000] {logging_mixin.py:190} INFO - [2025-04-09T13:16:32.230+0000] {override.py:1912} INFO - Created Permission View: can create on DAG Run:dev_survey_dag
[2025-04-09T13:16:32.243+0000] {logging_mixin.py:190} INFO - [2025-04-09T13:16:32.243+0000] {override.py:1912} INFO - Created Permission View: can read on DAG Run:dev_survey_dag
[2025-04-09T13:16:32.253+0000] {logging_mixin.py:190} INFO - [2025-04-09T13:16:32.252+0000] {override.py:1912} INFO - Created Permission View: can delete on DAG Run:dev_survey_dag
[2025-04-09T13:16:32.255+0000] {logging_mixin.py:190} INFO - [2025-04-09T13:16:32.254+0000] {dag.py:3239} INFO - Sync 1 DAGs
[2025-04-09T13:16:32.274+0000] {logging_mixin.py:190} INFO - [2025-04-09T13:16:32.273+0000] {dag.py:3262} INFO - Creating ORM DAG for dev_survey_dag
[2025-04-09T13:16:32.289+0000] {logging_mixin.py:190} INFO - [2025-04-09T13:16:32.289+0000] {dag.py:4180} INFO - Setting next_dagrun for dev_survey_dag to 2025-04-08 00:00:00+00:00, run_after=2025-04-09 00:00:00+00:00
[2025-04-09T13:16:32.322+0000] {processor.py:208} INFO - Processing /opt/airflow/dags/DevSurveyDag.py took 0.931 seconds
[2025-04-09T13:16:37.563+0000] {processor.py:186} INFO - Started process (PID=150) to work on /opt/airflow/dags/DevSurveyDag.py
[2025-04-09T13:16:37.566+0000] {processor.py:914} INFO - Processing file /opt/airflow/dags/DevSurveyDag.py for tasks to queue
[2025-04-09T13:16:37.571+0000] {logging_mixin.py:190} INFO - [2025-04-09T13:16:37.570+0000] {dagbag.py:588} INFO - Filling up the DagBag from /opt/airflow/dags/DevSurveyDag.py
[2025-04-09T13:16:37.716+0000] {processor.py:925} INFO - DAG(s) 'dev_survey_dag' retrieved from /opt/airflow/dags/DevSurveyDag.py
[2025-04-09T13:16:37.742+0000] {logging_mixin.py:190} INFO - [2025-04-09T13:16:37.741+0000] {dag.py:3239} INFO - Sync 1 DAGs
[2025-04-09T13:16:38.113+0000] {logging_mixin.py:190} INFO - [2025-04-09T13:16:38.113+0000] {dag.py:4180} INFO - Setting next_dagrun for dev_survey_dag to 2025-04-08 00:00:00+00:00, run_after=2025-04-09 00:00:00+00:00
[2025-04-09T13:16:38.161+0000] {processor.py:208} INFO - Processing /opt/airflow/dags/DevSurveyDag.py took 0.607 seconds
[2025-04-09T13:16:46.904+0000] {processor.py:186} INFO - Started process (PID=151) to work on /opt/airflow/dags/DevSurveyDag.py
[2025-04-09T13:16:46.907+0000] {processor.py:914} INFO - Processing file /opt/airflow/dags/DevSurveyDag.py for tasks to queue
[2025-04-09T13:16:46.912+0000] {logging_mixin.py:190} INFO - [2025-04-09T13:16:46.912+0000] {dagbag.py:588} INFO - Filling up the DagBag from /opt/airflow/dags/DevSurveyDag.py
[2025-04-09T13:16:47.020+0000] {processor.py:925} INFO - DAG(s) 'dev_survey_dag' retrieved from /opt/airflow/dags/DevSurveyDag.py
[2025-04-09T13:16:47.048+0000] {logging_mixin.py:190} INFO - [2025-04-09T13:16:47.047+0000] {dag.py:3239} INFO - Sync 1 DAGs
[2025-04-09T13:16:47.339+0000] {logging_mixin.py:190} INFO - [2025-04-09T13:16:47.339+0000] {dag.py:4180} INFO - Setting next_dagrun for dev_survey_dag to 2025-04-08 00:00:00+00:00, run_after=2025-04-09 00:00:00+00:00
[2025-04-09T13:16:47.402+0000] {processor.py:208} INFO - Processing /opt/airflow/dags/DevSurveyDag.py took 0.508 seconds
[2025-04-09T13:17:10.835+0000] {processor.py:186} INFO - Started process (PID=158) to work on /opt/airflow/dags/DevSurveyDag.py
[2025-04-09T13:17:10.842+0000] {processor.py:914} INFO - Processing file /opt/airflow/dags/DevSurveyDag.py for tasks to queue
[2025-04-09T13:17:10.852+0000] {logging_mixin.py:190} INFO - [2025-04-09T13:17:10.850+0000] {dagbag.py:588} INFO - Filling up the DagBag from /opt/airflow/dags/DevSurveyDag.py
[2025-04-09T13:17:10.916+0000] {logging_mixin.py:190} INFO - [2025-04-09T13:17:10.915+0000] {dagbag.py:387} ERROR - Failed to import: /opt/airflow/dags/DevSurveyDag.py
Traceback (most recent call last):
  File "/home/airflow/.local/lib/python3.12/site-packages/airflow/models/dagbag.py", line 383, in parse
    loader.exec_module(new_module)
  File "<frozen importlib._bootstrap_external>", line 995, in exec_module
  File "<frozen importlib._bootstrap_external>", line 1133, in get_code
  File "<frozen importlib._bootstrap_external>", line 1063, in source_to_code
  File "<frozen importlib._bootstrap>", line 488, in _call_with_frames_removed
  File "/opt/airflow/dags/DevSurveyDag.py", line 59
    transformed_api = 
                      ^
SyntaxError: invalid syntax
[2025-04-09T13:17:10.918+0000] {processor.py:927} WARNING - No viable dags retrieved from /opt/airflow/dags/DevSurveyDag.py
[2025-04-09T13:17:10.986+0000] {processor.py:208} INFO - Processing /opt/airflow/dags/DevSurveyDag.py took 0.178 seconds
[2025-04-09T13:17:37.833+0000] {processor.py:186} INFO - Started process (PID=165) to work on /opt/airflow/dags/DevSurveyDag.py
[2025-04-09T13:17:37.838+0000] {processor.py:914} INFO - Processing file /opt/airflow/dags/DevSurveyDag.py for tasks to queue
[2025-04-09T13:17:37.843+0000] {logging_mixin.py:190} INFO - [2025-04-09T13:17:37.842+0000] {dagbag.py:588} INFO - Filling up the DagBag from /opt/airflow/dags/DevSurveyDag.py
[2025-04-09T13:17:37.912+0000] {logging_mixin.py:190} INFO - [2025-04-09T13:17:37.910+0000] {dagbag.py:387} ERROR - Failed to import: /opt/airflow/dags/DevSurveyDag.py
Traceback (most recent call last):
  File "/home/airflow/.local/lib/python3.12/site-packages/airflow/models/dagbag.py", line 383, in parse
    loader.exec_module(new_module)
  File "<frozen importlib._bootstrap_external>", line 995, in exec_module
  File "<frozen importlib._bootstrap_external>", line 1133, in get_code
  File "<frozen importlib._bootstrap_external>", line 1063, in source_to_code
  File "<frozen importlib._bootstrap>", line 488, in _call_with_frames_removed
  File "/opt/airflow/dags/DevSurveyDag.py", line 55
    transformed_api = 
                      ^
SyntaxError: invalid syntax
[2025-04-09T13:17:37.913+0000] {processor.py:927} WARNING - No viable dags retrieved from /opt/airflow/dags/DevSurveyDag.py
[2025-04-09T13:17:37.958+0000] {processor.py:208} INFO - Processing /opt/airflow/dags/DevSurveyDag.py took 0.138 seconds
[2025-04-09T13:17:55.813+0000] {processor.py:186} INFO - Started process (PID=166) to work on /opt/airflow/dags/DevSurveyDag.py
[2025-04-09T13:17:55.817+0000] {processor.py:914} INFO - Processing file /opt/airflow/dags/DevSurveyDag.py for tasks to queue
[2025-04-09T13:17:55.820+0000] {logging_mixin.py:190} INFO - [2025-04-09T13:17:55.819+0000] {dagbag.py:588} INFO - Filling up the DagBag from /opt/airflow/dags/DevSurveyDag.py
[2025-04-09T13:17:55.953+0000] {logging_mixin.py:190} INFO - [2025-04-09T13:17:55.951+0000] {dagbag.py:387} ERROR - Failed to import: /opt/airflow/dags/DevSurveyDag.py
Traceback (most recent call last):
  File "/home/airflow/.local/lib/python3.12/site-packages/airflow/models/dagbag.py", line 383, in parse
    loader.exec_module(new_module)
  File "<frozen importlib._bootstrap_external>", line 995, in exec_module
  File "<frozen importlib._bootstrap_external>", line 1133, in get_code
  File "<frozen importlib._bootstrap_external>", line 1063, in source_to_code
  File "<frozen importlib._bootstrap>", line 488, in _call_with_frames_removed
  File "/opt/airflow/dags/DevSurveyDag.py", line 55
    transformed_api = 
                      ^
SyntaxError: invalid syntax
[2025-04-09T13:17:55.955+0000] {processor.py:927} WARNING - No viable dags retrieved from /opt/airflow/dags/DevSurveyDag.py
[2025-04-09T13:17:56.000+0000] {processor.py:208} INFO - Processing /opt/airflow/dags/DevSurveyDag.py took 0.197 seconds
[2025-04-09T13:18:14.560+0000] {processor.py:186} INFO - Started process (PID=173) to work on /opt/airflow/dags/DevSurveyDag.py
[2025-04-09T13:18:14.561+0000] {processor.py:914} INFO - Processing file /opt/airflow/dags/DevSurveyDag.py for tasks to queue
[2025-04-09T13:18:14.565+0000] {logging_mixin.py:190} INFO - [2025-04-09T13:18:14.564+0000] {dagbag.py:588} INFO - Filling up the DagBag from /opt/airflow/dags/DevSurveyDag.py
[2025-04-09T13:18:14.626+0000] {logging_mixin.py:190} INFO - [2025-04-09T13:18:14.623+0000] {dagbag.py:387} ERROR - Failed to import: /opt/airflow/dags/DevSurveyDag.py
Traceback (most recent call last):
  File "/home/airflow/.local/lib/python3.12/site-packages/airflow/models/dagbag.py", line 383, in parse
    loader.exec_module(new_module)
  File "<frozen importlib._bootstrap_external>", line 995, in exec_module
  File "<frozen importlib._bootstrap_external>", line 1133, in get_code
  File "<frozen importlib._bootstrap_external>", line 1063, in source_to_code
  File "<frozen importlib._bootstrap>", line 488, in _call_with_frames_removed
  File "/opt/airflow/dags/DevSurveyDag.py", line 55
    transformed_api = 
                      ^
SyntaxError: invalid syntax
[2025-04-09T13:18:14.627+0000] {processor.py:927} WARNING - No viable dags retrieved from /opt/airflow/dags/DevSurveyDag.py
[2025-04-09T13:18:14.694+0000] {processor.py:208} INFO - Processing /opt/airflow/dags/DevSurveyDag.py took 0.146 seconds
[2025-04-09T13:18:18.690+0000] {processor.py:186} INFO - Started process (PID=174) to work on /opt/airflow/dags/DevSurveyDag.py
[2025-04-09T13:18:18.694+0000] {processor.py:914} INFO - Processing file /opt/airflow/dags/DevSurveyDag.py for tasks to queue
[2025-04-09T13:18:18.698+0000] {logging_mixin.py:190} INFO - [2025-04-09T13:18:18.696+0000] {dagbag.py:588} INFO - Filling up the DagBag from /opt/airflow/dags/DevSurveyDag.py
[2025-04-09T13:18:18.773+0000] {logging_mixin.py:190} INFO - [2025-04-09T13:18:18.770+0000] {dagbag.py:387} ERROR - Failed to import: /opt/airflow/dags/DevSurveyDag.py
Traceback (most recent call last):
  File "/home/airflow/.local/lib/python3.12/site-packages/airflow/models/dagbag.py", line 383, in parse
    loader.exec_module(new_module)
  File "<frozen importlib._bootstrap_external>", line 995, in exec_module
  File "<frozen importlib._bootstrap_external>", line 1133, in get_code
  File "<frozen importlib._bootstrap_external>", line 1063, in source_to_code
  File "<frozen importlib._bootstrap>", line 488, in _call_with_frames_removed
  File "/opt/airflow/dags/DevSurveyDag.py", line 55
    transformed_api = 
                      ^
SyntaxError: invalid syntax
[2025-04-09T13:18:18.776+0000] {processor.py:927} WARNING - No viable dags retrieved from /opt/airflow/dags/DevSurveyDag.py
[2025-04-09T13:18:18.831+0000] {processor.py:208} INFO - Processing /opt/airflow/dags/DevSurveyDag.py took 0.164 seconds
[2025-04-09T13:18:26.816+0000] {processor.py:186} INFO - Started process (PID=175) to work on /opt/airflow/dags/DevSurveyDag.py
[2025-04-09T13:18:26.818+0000] {processor.py:914} INFO - Processing file /opt/airflow/dags/DevSurveyDag.py for tasks to queue
[2025-04-09T13:18:26.822+0000] {logging_mixin.py:190} INFO - [2025-04-09T13:18:26.821+0000] {dagbag.py:588} INFO - Filling up the DagBag from /opt/airflow/dags/DevSurveyDag.py
[2025-04-09T13:18:26.901+0000] {logging_mixin.py:190} INFO - [2025-04-09T13:18:26.898+0000] {dagbag.py:387} ERROR - Failed to import: /opt/airflow/dags/DevSurveyDag.py
Traceback (most recent call last):
  File "/home/airflow/.local/lib/python3.12/site-packages/airflow/models/dagbag.py", line 383, in parse
    loader.exec_module(new_module)
  File "<frozen importlib._bootstrap_external>", line 995, in exec_module
  File "<frozen importlib._bootstrap_external>", line 1133, in get_code
  File "<frozen importlib._bootstrap_external>", line 1063, in source_to_code
  File "<frozen importlib._bootstrap>", line 488, in _call_with_frames_removed
  File "/opt/airflow/dags/DevSurveyDag.py", line 55
    transformed_api = 
                      ^
SyntaxError: invalid syntax
[2025-04-09T13:18:26.903+0000] {processor.py:927} WARNING - No viable dags retrieved from /opt/airflow/dags/DevSurveyDag.py
[2025-04-09T13:18:26.964+0000] {processor.py:208} INFO - Processing /opt/airflow/dags/DevSurveyDag.py took 0.164 seconds
[2025-04-09T13:18:35.100+0000] {processor.py:186} INFO - Started process (PID=176) to work on /opt/airflow/dags/DevSurveyDag.py
[2025-04-09T13:18:35.104+0000] {processor.py:914} INFO - Processing file /opt/airflow/dags/DevSurveyDag.py for tasks to queue
[2025-04-09T13:18:35.107+0000] {logging_mixin.py:190} INFO - [2025-04-09T13:18:35.107+0000] {dagbag.py:588} INFO - Filling up the DagBag from /opt/airflow/dags/DevSurveyDag.py
[2025-04-09T13:18:35.189+0000] {logging_mixin.py:190} INFO - [2025-04-09T13:18:35.186+0000] {dagbag.py:387} ERROR - Failed to import: /opt/airflow/dags/DevSurveyDag.py
Traceback (most recent call last):
  File "/home/airflow/.local/lib/python3.12/site-packages/airflow/models/dagbag.py", line 383, in parse
    loader.exec_module(new_module)
  File "<frozen importlib._bootstrap_external>", line 995, in exec_module
  File "<frozen importlib._bootstrap_external>", line 1133, in get_code
  File "<frozen importlib._bootstrap_external>", line 1063, in source_to_code
  File "<frozen importlib._bootstrap>", line 488, in _call_with_frames_removed
  File "/opt/airflow/dags/DevSurveyDag.py", line 55
    transformed_api = 
                      ^
SyntaxError: invalid syntax
[2025-04-09T13:18:35.192+0000] {processor.py:927} WARNING - No viable dags retrieved from /opt/airflow/dags/DevSurveyDag.py
[2025-04-09T13:18:35.234+0000] {processor.py:208} INFO - Processing /opt/airflow/dags/DevSurveyDag.py took 0.152 seconds
[2025-04-09T13:18:59.346+0000] {processor.py:186} INFO - Started process (PID=183) to work on /opt/airflow/dags/DevSurveyDag.py
[2025-04-09T13:18:59.348+0000] {processor.py:914} INFO - Processing file /opt/airflow/dags/DevSurveyDag.py for tasks to queue
[2025-04-09T13:18:59.350+0000] {logging_mixin.py:190} INFO - [2025-04-09T13:18:59.349+0000] {dagbag.py:588} INFO - Filling up the DagBag from /opt/airflow/dags/DevSurveyDag.py
[2025-04-09T13:18:59.414+0000] {logging_mixin.py:190} INFO - [2025-04-09T13:18:59.412+0000] {dagbag.py:387} ERROR - Failed to import: /opt/airflow/dags/DevSurveyDag.py
Traceback (most recent call last):
  File "/home/airflow/.local/lib/python3.12/site-packages/airflow/models/dagbag.py", line 383, in parse
    loader.exec_module(new_module)
  File "<frozen importlib._bootstrap_external>", line 995, in exec_module
  File "<frozen importlib._bootstrap_external>", line 1133, in get_code
  File "<frozen importlib._bootstrap_external>", line 1063, in source_to_code
  File "<frozen importlib._bootstrap>", line 488, in _call_with_frames_removed
  File "/opt/airflow/dags/DevSurveyDag.py", line 55
    transformed_api = 
                      ^
SyntaxError: invalid syntax
[2025-04-09T13:18:59.415+0000] {processor.py:927} WARNING - No viable dags retrieved from /opt/airflow/dags/DevSurveyDag.py
[2025-04-09T13:18:59.452+0000] {processor.py:208} INFO - Processing /opt/airflow/dags/DevSurveyDag.py took 0.114 seconds
[2025-04-09T13:19:06.680+0000] {processor.py:186} INFO - Started process (PID=184) to work on /opt/airflow/dags/DevSurveyDag.py
[2025-04-09T13:19:06.683+0000] {processor.py:914} INFO - Processing file /opt/airflow/dags/DevSurveyDag.py for tasks to queue
[2025-04-09T13:19:06.687+0000] {logging_mixin.py:190} INFO - [2025-04-09T13:19:06.686+0000] {dagbag.py:588} INFO - Filling up the DagBag from /opt/airflow/dags/DevSurveyDag.py
[2025-04-09T13:19:06.786+0000] {logging_mixin.py:190} INFO - [2025-04-09T13:19:06.781+0000] {dagbag.py:387} ERROR - Failed to import: /opt/airflow/dags/DevSurveyDag.py
Traceback (most recent call last):
  File "/home/airflow/.local/lib/python3.12/site-packages/airflow/models/dagbag.py", line 383, in parse
    loader.exec_module(new_module)
  File "<frozen importlib._bootstrap_external>", line 995, in exec_module
  File "<frozen importlib._bootstrap_external>", line 1133, in get_code
  File "<frozen importlib._bootstrap_external>", line 1063, in source_to_code
  File "<frozen importlib._bootstrap>", line 488, in _call_with_frames_removed
  File "/opt/airflow/dags/DevSurveyDag.py", line 58
    transformed_api = 
                      ^
SyntaxError: invalid syntax
[2025-04-09T13:19:06.788+0000] {processor.py:927} WARNING - No viable dags retrieved from /opt/airflow/dags/DevSurveyDag.py
[2025-04-09T13:19:06.823+0000] {processor.py:208} INFO - Processing /opt/airflow/dags/DevSurveyDag.py took 0.172 seconds
[2025-04-09T13:19:10.896+0000] {processor.py:186} INFO - Started process (PID=185) to work on /opt/airflow/dags/DevSurveyDag.py
[2025-04-09T13:19:10.899+0000] {processor.py:914} INFO - Processing file /opt/airflow/dags/DevSurveyDag.py for tasks to queue
[2025-04-09T13:19:10.902+0000] {logging_mixin.py:190} INFO - [2025-04-09T13:19:10.901+0000] {dagbag.py:588} INFO - Filling up the DagBag from /opt/airflow/dags/DevSurveyDag.py
[2025-04-09T13:19:10.972+0000] {logging_mixin.py:190} INFO - [2025-04-09T13:19:10.968+0000] {dagbag.py:387} ERROR - Failed to import: /opt/airflow/dags/DevSurveyDag.py
Traceback (most recent call last):
  File "/home/airflow/.local/lib/python3.12/site-packages/airflow/models/dagbag.py", line 383, in parse
    loader.exec_module(new_module)
  File "<frozen importlib._bootstrap_external>", line 995, in exec_module
  File "<frozen importlib._bootstrap_external>", line 1133, in get_code
  File "<frozen importlib._bootstrap_external>", line 1063, in source_to_code
  File "<frozen importlib._bootstrap>", line 488, in _call_with_frames_removed
  File "/opt/airflow/dags/DevSurveyDag.py", line 47
    data = 
           ^
SyntaxError: invalid syntax
[2025-04-09T13:19:10.975+0000] {processor.py:927} WARNING - No viable dags retrieved from /opt/airflow/dags/DevSurveyDag.py
[2025-04-09T13:19:11.042+0000] {processor.py:208} INFO - Processing /opt/airflow/dags/DevSurveyDag.py took 0.158 seconds
[2025-04-09T13:19:14.087+0000] {processor.py:186} INFO - Started process (PID=191) to work on /opt/airflow/dags/DevSurveyDag.py
[2025-04-09T13:19:14.089+0000] {processor.py:914} INFO - Processing file /opt/airflow/dags/DevSurveyDag.py for tasks to queue
[2025-04-09T13:19:14.093+0000] {logging_mixin.py:190} INFO - [2025-04-09T13:19:14.091+0000] {dagbag.py:588} INFO - Filling up the DagBag from /opt/airflow/dags/DevSurveyDag.py
[2025-04-09T13:19:14.189+0000] {logging_mixin.py:190} INFO - [2025-04-09T13:19:14.186+0000] {dagbag.py:387} ERROR - Failed to import: /opt/airflow/dags/DevSurveyDag.py
Traceback (most recent call last):
  File "/home/airflow/.local/lib/python3.12/site-packages/airflow/models/dagbag.py", line 383, in parse
    loader.exec_module(new_module)
  File "<frozen importlib._bootstrap_external>", line 995, in exec_module
  File "<frozen importlib._bootstrap_external>", line 1133, in get_code
  File "<frozen importlib._bootstrap_external>", line 1063, in source_to_code
  File "<frozen importlib._bootstrap>", line 488, in _call_with_frames_removed
  File "/opt/airflow/dags/DevSurveyDag.py", line 58
    transformed_api = 
                      ^
SyntaxError: invalid syntax
[2025-04-09T13:19:14.194+0000] {processor.py:927} WARNING - No viable dags retrieved from /opt/airflow/dags/DevSurveyDag.py
[2025-04-09T13:19:14.258+0000] {processor.py:208} INFO - Processing /opt/airflow/dags/DevSurveyDag.py took 0.184 seconds
[2025-04-09T13:19:17.327+0000] {processor.py:186} INFO - Started process (PID=192) to work on /opt/airflow/dags/DevSurveyDag.py
[2025-04-09T13:19:17.329+0000] {processor.py:914} INFO - Processing file /opt/airflow/dags/DevSurveyDag.py for tasks to queue
[2025-04-09T13:19:17.332+0000] {logging_mixin.py:190} INFO - [2025-04-09T13:19:17.331+0000] {dagbag.py:588} INFO - Filling up the DagBag from /opt/airflow/dags/DevSurveyDag.py
[2025-04-09T13:19:17.380+0000] {logging_mixin.py:190} INFO - [2025-04-09T13:19:17.378+0000] {dagbag.py:387} ERROR - Failed to import: /opt/airflow/dags/DevSurveyDag.py
Traceback (most recent call last):
  File "/home/airflow/.local/lib/python3.12/site-packages/airflow/models/dagbag.py", line 383, in parse
    loader.exec_module(new_module)
  File "<frozen importlib._bootstrap_external>", line 995, in exec_module
  File "<frozen importlib._bootstrap_external>", line 1133, in get_code
  File "<frozen importlib._bootstrap_external>", line 1063, in source_to_code
  File "<frozen importlib._bootstrap>", line 488, in _call_with_frames_removed
  File "/opt/airflow/dags/DevSurveyDag.py", line 58
    transformed_api = 
                      ^
SyntaxError: invalid syntax
[2025-04-09T13:19:17.381+0000] {processor.py:927} WARNING - No viable dags retrieved from /opt/airflow/dags/DevSurveyDag.py
[2025-04-09T13:19:17.447+0000] {processor.py:208} INFO - Processing /opt/airflow/dags/DevSurveyDag.py took 0.130 seconds
[2025-04-09T13:19:18.663+0000] {processor.py:186} INFO - Started process (PID=193) to work on /opt/airflow/dags/DevSurveyDag.py
[2025-04-09T13:19:18.666+0000] {processor.py:914} INFO - Processing file /opt/airflow/dags/DevSurveyDag.py for tasks to queue
[2025-04-09T13:19:18.670+0000] {logging_mixin.py:190} INFO - [2025-04-09T13:19:18.669+0000] {dagbag.py:588} INFO - Filling up the DagBag from /opt/airflow/dags/DevSurveyDag.py
[2025-04-09T13:19:18.724+0000] {logging_mixin.py:190} INFO - [2025-04-09T13:19:18.722+0000] {dagbag.py:387} ERROR - Failed to import: /opt/airflow/dags/DevSurveyDag.py
Traceback (most recent call last):
  File "/home/airflow/.local/lib/python3.12/site-packages/airflow/models/dagbag.py", line 383, in parse
    loader.exec_module(new_module)
  File "<frozen importlib._bootstrap_external>", line 995, in exec_module
  File "<frozen importlib._bootstrap_external>", line 1133, in get_code
  File "<frozen importlib._bootstrap_external>", line 1063, in source_to_code
  File "<frozen importlib._bootstrap>", line 488, in _call_with_frames_removed
  File "/opt/airflow/dags/DevSurveyDag.py", line 58
    transformed_api = 
                      ^
SyntaxError: invalid syntax
[2025-04-09T13:19:18.726+0000] {processor.py:927} WARNING - No viable dags retrieved from /opt/airflow/dags/DevSurveyDag.py
[2025-04-09T13:19:18.782+0000] {processor.py:208} INFO - Processing /opt/airflow/dags/DevSurveyDag.py took 0.139 seconds
[2025-04-09T13:19:36.689+0000] {processor.py:186} INFO - Started process (PID=194) to work on /opt/airflow/dags/DevSurveyDag.py
[2025-04-09T13:19:36.693+0000] {processor.py:914} INFO - Processing file /opt/airflow/dags/DevSurveyDag.py for tasks to queue
[2025-04-09T13:19:36.697+0000] {logging_mixin.py:190} INFO - [2025-04-09T13:19:36.696+0000] {dagbag.py:588} INFO - Filling up the DagBag from /opt/airflow/dags/DevSurveyDag.py
[2025-04-09T13:19:36.793+0000] {logging_mixin.py:190} INFO - [2025-04-09T13:19:36.790+0000] {dagbag.py:387} ERROR - Failed to import: /opt/airflow/dags/DevSurveyDag.py
Traceback (most recent call last):
  File "/home/airflow/.local/lib/python3.12/site-packages/airflow/models/dagbag.py", line 383, in parse
    loader.exec_module(new_module)
  File "<frozen importlib._bootstrap_external>", line 995, in exec_module
  File "<frozen importlib._bootstrap_external>", line 1133, in get_code
  File "<frozen importlib._bootstrap_external>", line 1063, in source_to_code
  File "<frozen importlib._bootstrap>", line 488, in _call_with_frames_removed
  File "/opt/airflow/dags/DevSurveyDag.py", line 58
    transformed_api = 
                      ^
SyntaxError: invalid syntax
[2025-04-09T13:19:36.795+0000] {processor.py:927} WARNING - No viable dags retrieved from /opt/airflow/dags/DevSurveyDag.py
[2025-04-09T13:19:36.834+0000] {processor.py:208} INFO - Processing /opt/airflow/dags/DevSurveyDag.py took 0.156 seconds
[2025-04-09T13:19:48.063+0000] {processor.py:186} INFO - Started process (PID=201) to work on /opt/airflow/dags/DevSurveyDag.py
[2025-04-09T13:19:48.065+0000] {processor.py:914} INFO - Processing file /opt/airflow/dags/DevSurveyDag.py for tasks to queue
[2025-04-09T13:19:48.067+0000] {logging_mixin.py:190} INFO - [2025-04-09T13:19:48.067+0000] {dagbag.py:588} INFO - Filling up the DagBag from /opt/airflow/dags/DevSurveyDag.py
[2025-04-09T13:19:48.159+0000] {logging_mixin.py:190} INFO - [2025-04-09T13:19:48.156+0000] {dagbag.py:387} ERROR - Failed to import: /opt/airflow/dags/DevSurveyDag.py
Traceback (most recent call last):
  File "/home/airflow/.local/lib/python3.12/site-packages/airflow/models/dagbag.py", line 383, in parse
    loader.exec_module(new_module)
  File "<frozen importlib._bootstrap_external>", line 995, in exec_module
  File "<frozen importlib._bootstrap_external>", line 1133, in get_code
  File "<frozen importlib._bootstrap_external>", line 1063, in source_to_code
  File "<frozen importlib._bootstrap>", line 488, in _call_with_frames_removed
  File "/opt/airflow/dags/DevSurveyDag.py", line 58
    transformed_api = 
                      ^
SyntaxError: invalid syntax
[2025-04-09T13:19:48.161+0000] {processor.py:927} WARNING - No viable dags retrieved from /opt/airflow/dags/DevSurveyDag.py
[2025-04-09T13:19:48.210+0000] {processor.py:208} INFO - Processing /opt/airflow/dags/DevSurveyDag.py took 0.164 seconds
[2025-04-09T13:19:52.247+0000] {processor.py:186} INFO - Started process (PID=202) to work on /opt/airflow/dags/DevSurveyDag.py
[2025-04-09T13:19:52.251+0000] {processor.py:914} INFO - Processing file /opt/airflow/dags/DevSurveyDag.py for tasks to queue
[2025-04-09T13:19:52.256+0000] {logging_mixin.py:190} INFO - [2025-04-09T13:19:52.255+0000] {dagbag.py:588} INFO - Filling up the DagBag from /opt/airflow/dags/DevSurveyDag.py
[2025-04-09T13:19:52.373+0000] {logging_mixin.py:190} INFO - [2025-04-09T13:19:52.368+0000] {dagbag.py:387} ERROR - Failed to import: /opt/airflow/dags/DevSurveyDag.py
Traceback (most recent call last):
  File "/home/airflow/.local/lib/python3.12/site-packages/airflow/models/dagbag.py", line 383, in parse
    loader.exec_module(new_module)
  File "<frozen importlib._bootstrap_external>", line 995, in exec_module
  File "<frozen importlib._bootstrap_external>", line 1133, in get_code
  File "<frozen importlib._bootstrap_external>", line 1063, in source_to_code
  File "<frozen importlib._bootstrap>", line 488, in _call_with_frames_removed
  File "/opt/airflow/dags/DevSurveyDag.py", line 58
    transformed_api = 
                      ^
SyntaxError: invalid syntax
[2025-04-09T13:19:52.377+0000] {processor.py:927} WARNING - No viable dags retrieved from /opt/airflow/dags/DevSurveyDag.py
[2025-04-09T13:19:52.480+0000] {processor.py:208} INFO - Processing /opt/airflow/dags/DevSurveyDag.py took 0.256 seconds
[2025-04-09T13:19:56.594+0000] {processor.py:186} INFO - Started process (PID=203) to work on /opt/airflow/dags/DevSurveyDag.py
[2025-04-09T13:19:56.596+0000] {processor.py:914} INFO - Processing file /opt/airflow/dags/DevSurveyDag.py for tasks to queue
[2025-04-09T13:19:56.600+0000] {logging_mixin.py:190} INFO - [2025-04-09T13:19:56.599+0000] {dagbag.py:588} INFO - Filling up the DagBag from /opt/airflow/dags/DevSurveyDag.py
[2025-04-09T13:19:56.726+0000] {logging_mixin.py:190} INFO - [2025-04-09T13:19:56.722+0000] {dagbag.py:387} ERROR - Failed to import: /opt/airflow/dags/DevSurveyDag.py
Traceback (most recent call last):
  File "/home/airflow/.local/lib/python3.12/site-packages/airflow/models/dagbag.py", line 383, in parse
    loader.exec_module(new_module)
  File "<frozen importlib._bootstrap_external>", line 995, in exec_module
  File "<frozen importlib._bootstrap_external>", line 1133, in get_code
  File "<frozen importlib._bootstrap_external>", line 1063, in source_to_code
  File "<frozen importlib._bootstrap>", line 488, in _call_with_frames_removed
  File "/opt/airflow/dags/DevSurveyDag.py", line 60
    transformed_api = 
                      ^
SyntaxError: invalid syntax
[2025-04-09T13:19:56.729+0000] {processor.py:927} WARNING - No viable dags retrieved from /opt/airflow/dags/DevSurveyDag.py
[2025-04-09T13:19:56.783+0000] {processor.py:208} INFO - Processing /opt/airflow/dags/DevSurveyDag.py took 0.208 seconds
[2025-04-09T13:20:15.729+0000] {processor.py:186} INFO - Started process (PID=204) to work on /opt/airflow/dags/DevSurveyDag.py
[2025-04-09T13:20:15.731+0000] {processor.py:914} INFO - Processing file /opt/airflow/dags/DevSurveyDag.py for tasks to queue
[2025-04-09T13:20:15.734+0000] {logging_mixin.py:190} INFO - [2025-04-09T13:20:15.734+0000] {dagbag.py:588} INFO - Filling up the DagBag from /opt/airflow/dags/DevSurveyDag.py
[2025-04-09T13:20:15.795+0000] {logging_mixin.py:190} INFO - [2025-04-09T13:20:15.792+0000] {dagbag.py:387} ERROR - Failed to import: /opt/airflow/dags/DevSurveyDag.py
Traceback (most recent call last):
  File "/home/airflow/.local/lib/python3.12/site-packages/airflow/models/dagbag.py", line 383, in parse
    loader.exec_module(new_module)
  File "<frozen importlib._bootstrap_external>", line 995, in exec_module
  File "<frozen importlib._bootstrap_external>", line 1133, in get_code
  File "<frozen importlib._bootstrap_external>", line 1063, in source_to_code
  File "<frozen importlib._bootstrap>", line 488, in _call_with_frames_removed
  File "/opt/airflow/dags/DevSurveyDag.py", line 60
    transformed_api = 
                      ^
SyntaxError: invalid syntax
[2025-04-09T13:20:15.796+0000] {processor.py:927} WARNING - No viable dags retrieved from /opt/airflow/dags/DevSurveyDag.py
[2025-04-09T13:20:15.833+0000] {processor.py:208} INFO - Processing /opt/airflow/dags/DevSurveyDag.py took 0.123 seconds
[2025-04-09T13:20:27.106+0000] {processor.py:186} INFO - Started process (PID=211) to work on /opt/airflow/dags/DevSurveyDag.py
[2025-04-09T13:20:27.108+0000] {processor.py:914} INFO - Processing file /opt/airflow/dags/DevSurveyDag.py for tasks to queue
[2025-04-09T13:20:27.110+0000] {logging_mixin.py:190} INFO - [2025-04-09T13:20:27.110+0000] {dagbag.py:588} INFO - Filling up the DagBag from /opt/airflow/dags/DevSurveyDag.py
[2025-04-09T13:20:27.154+0000] {logging_mixin.py:190} INFO - [2025-04-09T13:20:27.152+0000] {dagbag.py:387} ERROR - Failed to import: /opt/airflow/dags/DevSurveyDag.py
Traceback (most recent call last):
  File "/home/airflow/.local/lib/python3.12/site-packages/airflow/models/dagbag.py", line 383, in parse
    loader.exec_module(new_module)
  File "<frozen importlib._bootstrap_external>", line 995, in exec_module
  File "<frozen importlib._bootstrap_external>", line 1133, in get_code
  File "<frozen importlib._bootstrap_external>", line 1063, in source_to_code
  File "<frozen importlib._bootstrap>", line 488, in _call_with_frames_removed
  File "/opt/airflow/dags/DevSurveyDag.py", line 56
    }
    ^
SyntaxError: closing parenthesis '}' does not match opening parenthesis '[' on line 55
[2025-04-09T13:20:27.157+0000] {processor.py:927} WARNING - No viable dags retrieved from /opt/airflow/dags/DevSurveyDag.py
[2025-04-09T13:20:27.187+0000] {processor.py:208} INFO - Processing /opt/airflow/dags/DevSurveyDag.py took 0.093 seconds
[2025-04-09T13:20:31.254+0000] {processor.py:186} INFO - Started process (PID=212) to work on /opt/airflow/dags/DevSurveyDag.py
[2025-04-09T13:20:31.258+0000] {processor.py:914} INFO - Processing file /opt/airflow/dags/DevSurveyDag.py for tasks to queue
[2025-04-09T13:20:31.267+0000] {logging_mixin.py:190} INFO - [2025-04-09T13:20:31.266+0000] {dagbag.py:588} INFO - Filling up the DagBag from /opt/airflow/dags/DevSurveyDag.py
[2025-04-09T13:20:31.336+0000] {logging_mixin.py:190} INFO - [2025-04-09T13:20:31.334+0000] {dagbag.py:387} ERROR - Failed to import: /opt/airflow/dags/DevSurveyDag.py
Traceback (most recent call last):
  File "/home/airflow/.local/lib/python3.12/site-packages/airflow/models/dagbag.py", line 383, in parse
    loader.exec_module(new_module)
  File "<frozen importlib._bootstrap_external>", line 995, in exec_module
  File "<frozen importlib._bootstrap_external>", line 1133, in get_code
  File "<frozen importlib._bootstrap_external>", line 1063, in source_to_code
  File "<frozen importlib._bootstrap>", line 488, in _call_with_frames_removed
  File "/opt/airflow/dags/DevSurveyDag.py", line 65
    transformed_api = 
                      ^
SyntaxError: invalid syntax
[2025-04-09T13:20:31.338+0000] {processor.py:927} WARNING - No viable dags retrieved from /opt/airflow/dags/DevSurveyDag.py
[2025-04-09T13:20:31.386+0000] {processor.py:208} INFO - Processing /opt/airflow/dags/DevSurveyDag.py took 0.148 seconds
[2025-04-09T13:20:59.425+0000] {processor.py:186} INFO - Started process (PID=219) to work on /opt/airflow/dags/DevSurveyDag.py
[2025-04-09T13:20:59.428+0000] {processor.py:914} INFO - Processing file /opt/airflow/dags/DevSurveyDag.py for tasks to queue
[2025-04-09T13:20:59.438+0000] {logging_mixin.py:190} INFO - [2025-04-09T13:20:59.436+0000] {dagbag.py:588} INFO - Filling up the DagBag from /opt/airflow/dags/DevSurveyDag.py
[2025-04-09T13:20:59.506+0000] {logging_mixin.py:190} INFO - [2025-04-09T13:20:59.504+0000] {dagbag.py:387} ERROR - Failed to import: /opt/airflow/dags/DevSurveyDag.py
Traceback (most recent call last):
  File "/home/airflow/.local/lib/python3.12/site-packages/airflow/models/dagbag.py", line 383, in parse
    loader.exec_module(new_module)
  File "<frozen importlib._bootstrap_external>", line 995, in exec_module
  File "<frozen importlib._bootstrap_external>", line 1133, in get_code
  File "<frozen importlib._bootstrap_external>", line 1063, in source_to_code
  File "<frozen importlib._bootstrap>", line 488, in _call_with_frames_removed
  File "/opt/airflow/dags/DevSurveyDag.py", line 65
    transformed_api = 
                      ^
SyntaxError: invalid syntax
[2025-04-09T13:20:59.508+0000] {processor.py:927} WARNING - No viable dags retrieved from /opt/airflow/dags/DevSurveyDag.py
[2025-04-09T13:20:59.560+0000] {processor.py:208} INFO - Processing /opt/airflow/dags/DevSurveyDag.py took 0.152 seconds
[2025-04-09T13:21:29.798+0000] {processor.py:186} INFO - Started process (PID=226) to work on /opt/airflow/dags/DevSurveyDag.py
[2025-04-09T13:21:29.800+0000] {processor.py:914} INFO - Processing file /opt/airflow/dags/DevSurveyDag.py for tasks to queue
[2025-04-09T13:21:29.804+0000] {logging_mixin.py:190} INFO - [2025-04-09T13:21:29.803+0000] {dagbag.py:588} INFO - Filling up the DagBag from /opt/airflow/dags/DevSurveyDag.py
[2025-04-09T13:21:29.865+0000] {logging_mixin.py:190} INFO - [2025-04-09T13:21:29.862+0000] {dagbag.py:387} ERROR - Failed to import: /opt/airflow/dags/DevSurveyDag.py
Traceback (most recent call last):
  File "/home/airflow/.local/lib/python3.12/site-packages/airflow/models/dagbag.py", line 383, in parse
    loader.exec_module(new_module)
  File "<frozen importlib._bootstrap_external>", line 995, in exec_module
  File "<frozen importlib._bootstrap_external>", line 1133, in get_code
  File "<frozen importlib._bootstrap_external>", line 1063, in source_to_code
  File "<frozen importlib._bootstrap>", line 488, in _call_with_frames_removed
  File "/opt/airflow/dags/DevSurveyDag.py", line 65
    transformed_api = 
                      ^
SyntaxError: invalid syntax
[2025-04-09T13:21:29.867+0000] {processor.py:927} WARNING - No viable dags retrieved from /opt/airflow/dags/DevSurveyDag.py
[2025-04-09T13:21:29.912+0000] {processor.py:208} INFO - Processing /opt/airflow/dags/DevSurveyDag.py took 0.147 seconds
[2025-04-09T13:22:00.140+0000] {processor.py:186} INFO - Started process (PID=233) to work on /opt/airflow/dags/DevSurveyDag.py
[2025-04-09T13:22:00.142+0000] {processor.py:914} INFO - Processing file /opt/airflow/dags/DevSurveyDag.py for tasks to queue
[2025-04-09T13:22:00.145+0000] {logging_mixin.py:190} INFO - [2025-04-09T13:22:00.144+0000] {dagbag.py:588} INFO - Filling up the DagBag from /opt/airflow/dags/DevSurveyDag.py
[2025-04-09T13:22:00.229+0000] {logging_mixin.py:190} INFO - [2025-04-09T13:22:00.225+0000] {dagbag.py:387} ERROR - Failed to import: /opt/airflow/dags/DevSurveyDag.py
Traceback (most recent call last):
  File "/home/airflow/.local/lib/python3.12/site-packages/airflow/models/dagbag.py", line 383, in parse
    loader.exec_module(new_module)
  File "<frozen importlib._bootstrap_external>", line 995, in exec_module
  File "<frozen importlib._bootstrap_external>", line 1133, in get_code
  File "<frozen importlib._bootstrap_external>", line 1063, in source_to_code
  File "<frozen importlib._bootstrap>", line 488, in _call_with_frames_removed
  File "/opt/airflow/dags/DevSurveyDag.py", line 65
    transformed_api = 
                      ^
SyntaxError: invalid syntax
[2025-04-09T13:22:00.233+0000] {processor.py:927} WARNING - No viable dags retrieved from /opt/airflow/dags/DevSurveyDag.py
[2025-04-09T13:22:00.327+0000] {processor.py:208} INFO - Processing /opt/airflow/dags/DevSurveyDag.py took 0.196 seconds
[2025-04-09T13:22:21.183+0000] {processor.py:186} INFO - Started process (PID=234) to work on /opt/airflow/dags/DevSurveyDag.py
[2025-04-09T13:22:21.186+0000] {processor.py:914} INFO - Processing file /opt/airflow/dags/DevSurveyDag.py for tasks to queue
[2025-04-09T13:22:21.192+0000] {logging_mixin.py:190} INFO - [2025-04-09T13:22:21.191+0000] {dagbag.py:588} INFO - Filling up the DagBag from /opt/airflow/dags/DevSurveyDag.py
[2025-04-09T13:22:21.251+0000] {logging_mixin.py:190} INFO - [2025-04-09T13:22:21.248+0000] {dagbag.py:387} ERROR - Failed to import: /opt/airflow/dags/DevSurveyDag.py
Traceback (most recent call last):
  File "/home/airflow/.local/lib/python3.12/site-packages/airflow/models/dagbag.py", line 383, in parse
    loader.exec_module(new_module)
  File "<frozen importlib._bootstrap_external>", line 995, in exec_module
  File "<frozen importlib._bootstrap_external>", line 1133, in get_code
  File "<frozen importlib._bootstrap_external>", line 1063, in source_to_code
  File "<frozen importlib._bootstrap>", line 488, in _call_with_frames_removed
  File "/opt/airflow/dags/DevSurveyDag.py", line 67
    transformed_api = 
                      ^
SyntaxError: invalid syntax
[2025-04-09T13:22:21.253+0000] {processor.py:927} WARNING - No viable dags retrieved from /opt/airflow/dags/DevSurveyDag.py
[2025-04-09T13:22:21.287+0000] {processor.py:208} INFO - Processing /opt/airflow/dags/DevSurveyDag.py took 0.118 seconds
[2025-04-09T13:22:24.300+0000] {processor.py:186} INFO - Started process (PID=235) to work on /opt/airflow/dags/DevSurveyDag.py
[2025-04-09T13:22:24.302+0000] {processor.py:914} INFO - Processing file /opt/airflow/dags/DevSurveyDag.py for tasks to queue
[2025-04-09T13:22:24.311+0000] {logging_mixin.py:190} INFO - [2025-04-09T13:22:24.308+0000] {dagbag.py:588} INFO - Filling up the DagBag from /opt/airflow/dags/DevSurveyDag.py
[2025-04-09T13:22:24.389+0000] {logging_mixin.py:190} INFO - [2025-04-09T13:22:24.387+0000] {dagbag.py:387} ERROR - Failed to import: /opt/airflow/dags/DevSurveyDag.py
Traceback (most recent call last):
  File "/home/airflow/.local/lib/python3.12/site-packages/airflow/models/dagbag.py", line 383, in parse
    loader.exec_module(new_module)
  File "<frozen importlib._bootstrap_external>", line 995, in exec_module
  File "<frozen importlib._bootstrap_external>", line 1133, in get_code
  File "<frozen importlib._bootstrap_external>", line 1063, in source_to_code
  File "<frozen importlib._bootstrap>", line 488, in _call_with_frames_removed
  File "/opt/airflow/dags/DevSurveyDag.py", line 67
    transformed_api = 
                      ^
SyntaxError: invalid syntax
[2025-04-09T13:22:24.390+0000] {processor.py:927} WARNING - No viable dags retrieved from /opt/airflow/dags/DevSurveyDag.py
[2025-04-09T13:22:24.433+0000] {processor.py:208} INFO - Processing /opt/airflow/dags/DevSurveyDag.py took 0.153 seconds
[2025-04-09T13:22:39.795+0000] {processor.py:186} INFO - Started process (PID=242) to work on /opt/airflow/dags/DevSurveyDag.py
[2025-04-09T13:22:39.797+0000] {processor.py:914} INFO - Processing file /opt/airflow/dags/DevSurveyDag.py for tasks to queue
[2025-04-09T13:22:39.800+0000] {logging_mixin.py:190} INFO - [2025-04-09T13:22:39.800+0000] {dagbag.py:588} INFO - Filling up the DagBag from /opt/airflow/dags/DevSurveyDag.py
[2025-04-09T13:22:39.868+0000] {logging_mixin.py:190} INFO - [2025-04-09T13:22:39.863+0000] {dagbag.py:387} ERROR - Failed to import: /opt/airflow/dags/DevSurveyDag.py
Traceback (most recent call last):
  File "/home/airflow/.local/lib/python3.12/site-packages/airflow/models/dagbag.py", line 383, in parse
    loader.exec_module(new_module)
  File "<frozen importlib._bootstrap_external>", line 995, in exec_module
  File "<frozen importlib._bootstrap_external>", line 1133, in get_code
  File "<frozen importlib._bootstrap_external>", line 1063, in source_to_code
  File "<frozen importlib._bootstrap>", line 488, in _call_with_frames_removed
  File "/opt/airflow/dags/DevSurveyDag.py", line 67
    transformed_api = 
                      ^
SyntaxError: invalid syntax
[2025-04-09T13:22:39.871+0000] {processor.py:927} WARNING - No viable dags retrieved from /opt/airflow/dags/DevSurveyDag.py
[2025-04-09T13:22:39.925+0000] {processor.py:208} INFO - Processing /opt/airflow/dags/DevSurveyDag.py took 0.140 seconds
[2025-04-09T13:22:51.750+0000] {processor.py:186} INFO - Started process (PID=243) to work on /opt/airflow/dags/DevSurveyDag.py
[2025-04-09T13:22:51.752+0000] {processor.py:914} INFO - Processing file /opt/airflow/dags/DevSurveyDag.py for tasks to queue
[2025-04-09T13:22:51.755+0000] {logging_mixin.py:190} INFO - [2025-04-09T13:22:51.755+0000] {dagbag.py:588} INFO - Filling up the DagBag from /opt/airflow/dags/DevSurveyDag.py
[2025-04-09T13:22:51.816+0000] {logging_mixin.py:190} INFO - [2025-04-09T13:22:51.814+0000] {dagbag.py:387} ERROR - Failed to import: /opt/airflow/dags/DevSurveyDag.py
Traceback (most recent call last):
  File "/home/airflow/.local/lib/python3.12/site-packages/airflow/models/dagbag.py", line 383, in parse
    loader.exec_module(new_module)
  File "<frozen importlib._bootstrap_external>", line 995, in exec_module
  File "<frozen importlib._bootstrap_external>", line 1133, in get_code
  File "<frozen importlib._bootstrap_external>", line 1063, in source_to_code
  File "<frozen importlib._bootstrap>", line 488, in _call_with_frames_removed
  File "/opt/airflow/dags/DevSurveyDag.py", line 68
    transformed_api = 
                      ^
SyntaxError: invalid syntax
[2025-04-09T13:22:51.817+0000] {processor.py:927} WARNING - No viable dags retrieved from /opt/airflow/dags/DevSurveyDag.py
[2025-04-09T13:22:51.878+0000] {processor.py:208} INFO - Processing /opt/airflow/dags/DevSurveyDag.py took 0.135 seconds
[2025-04-09T13:23:05.153+0000] {processor.py:186} INFO - Started process (PID=250) to work on /opt/airflow/dags/DevSurveyDag.py
[2025-04-09T13:23:05.155+0000] {processor.py:914} INFO - Processing file /opt/airflow/dags/DevSurveyDag.py for tasks to queue
[2025-04-09T13:23:05.158+0000] {logging_mixin.py:190} INFO - [2025-04-09T13:23:05.157+0000] {dagbag.py:588} INFO - Filling up the DagBag from /opt/airflow/dags/DevSurveyDag.py
[2025-04-09T13:23:05.228+0000] {logging_mixin.py:190} INFO - [2025-04-09T13:23:05.226+0000] {dagbag.py:387} ERROR - Failed to import: /opt/airflow/dags/DevSurveyDag.py
Traceback (most recent call last):
  File "/home/airflow/.local/lib/python3.12/site-packages/airflow/models/dagbag.py", line 383, in parse
    loader.exec_module(new_module)
  File "<frozen importlib._bootstrap_external>", line 995, in exec_module
  File "<frozen importlib._bootstrap_external>", line 1133, in get_code
  File "<frozen importlib._bootstrap_external>", line 1063, in source_to_code
  File "<frozen importlib._bootstrap>", line 488, in _call_with_frames_removed
  File "/opt/airflow/dags/DevSurveyDag.py", line 73
    transformed_api = 
                      ^
SyntaxError: invalid syntax
[2025-04-09T13:23:05.230+0000] {processor.py:927} WARNING - No viable dags retrieved from /opt/airflow/dags/DevSurveyDag.py
[2025-04-09T13:23:05.265+0000] {processor.py:208} INFO - Processing /opt/airflow/dags/DevSurveyDag.py took 0.128 seconds
[2025-04-09T13:23:11.364+0000] {processor.py:186} INFO - Started process (PID=251) to work on /opt/airflow/dags/DevSurveyDag.py
[2025-04-09T13:23:11.368+0000] {processor.py:914} INFO - Processing file /opt/airflow/dags/DevSurveyDag.py for tasks to queue
[2025-04-09T13:23:11.373+0000] {logging_mixin.py:190} INFO - [2025-04-09T13:23:11.371+0000] {dagbag.py:588} INFO - Filling up the DagBag from /opt/airflow/dags/DevSurveyDag.py
[2025-04-09T13:23:11.458+0000] {logging_mixin.py:190} INFO - [2025-04-09T13:23:11.454+0000] {dagbag.py:387} ERROR - Failed to import: /opt/airflow/dags/DevSurveyDag.py
Traceback (most recent call last):
  File "/home/airflow/.local/lib/python3.12/site-packages/airflow/models/dagbag.py", line 383, in parse
    loader.exec_module(new_module)
  File "<frozen importlib._bootstrap_external>", line 995, in exec_module
  File "<frozen importlib._bootstrap_external>", line 1133, in get_code
  File "<frozen importlib._bootstrap_external>", line 1063, in source_to_code
  File "<frozen importlib._bootstrap>", line 488, in _call_with_frames_removed
  File "/opt/airflow/dags/DevSurveyDag.py", line 75
    transformed_api = 
                      ^
SyntaxError: invalid syntax
[2025-04-09T13:23:11.464+0000] {processor.py:927} WARNING - No viable dags retrieved from /opt/airflow/dags/DevSurveyDag.py
[2025-04-09T13:23:11.531+0000] {processor.py:208} INFO - Processing /opt/airflow/dags/DevSurveyDag.py took 0.191 seconds
[2025-04-09T13:23:38.439+0000] {processor.py:186} INFO - Started process (PID=258) to work on /opt/airflow/dags/DevSurveyDag.py
[2025-04-09T13:23:38.441+0000] {processor.py:914} INFO - Processing file /opt/airflow/dags/DevSurveyDag.py for tasks to queue
[2025-04-09T13:23:38.443+0000] {logging_mixin.py:190} INFO - [2025-04-09T13:23:38.443+0000] {dagbag.py:588} INFO - Filling up the DagBag from /opt/airflow/dags/DevSurveyDag.py
[2025-04-09T13:23:38.508+0000] {logging_mixin.py:190} INFO - [2025-04-09T13:23:38.507+0000] {dagbag.py:387} ERROR - Failed to import: /opt/airflow/dags/DevSurveyDag.py
Traceback (most recent call last):
  File "/home/airflow/.local/lib/python3.12/site-packages/airflow/models/dagbag.py", line 383, in parse
    loader.exec_module(new_module)
  File "<frozen importlib._bootstrap_external>", line 995, in exec_module
  File "<frozen importlib._bootstrap_external>", line 1133, in get_code
  File "<frozen importlib._bootstrap_external>", line 1063, in source_to_code
  File "<frozen importlib._bootstrap>", line 488, in _call_with_frames_removed
  File "/opt/airflow/dags/DevSurveyDag.py", line 30
    return pass
           ^^^^
SyntaxError: invalid syntax
[2025-04-09T13:23:38.510+0000] {processor.py:927} WARNING - No viable dags retrieved from /opt/airflow/dags/DevSurveyDag.py
[2025-04-09T13:23:38.558+0000] {processor.py:208} INFO - Processing /opt/airflow/dags/DevSurveyDag.py took 0.124 seconds
[2025-04-09T13:23:53.344+0000] {processor.py:186} INFO - Started process (PID=259) to work on /opt/airflow/dags/DevSurveyDag.py
[2025-04-09T13:23:53.347+0000] {processor.py:914} INFO - Processing file /opt/airflow/dags/DevSurveyDag.py for tasks to queue
[2025-04-09T13:23:53.350+0000] {logging_mixin.py:190} INFO - [2025-04-09T13:23:53.350+0000] {dagbag.py:588} INFO - Filling up the DagBag from /opt/airflow/dags/DevSurveyDag.py
[2025-04-09T13:23:53.432+0000] {logging_mixin.py:190} INFO - [2025-04-09T13:23:53.429+0000] {dagbag.py:387} ERROR - Failed to import: /opt/airflow/dags/DevSurveyDag.py
Traceback (most recent call last):
  File "/home/airflow/.local/lib/python3.12/site-packages/airflow/models/dagbag.py", line 383, in parse
    loader.exec_module(new_module)
  File "<frozen importlib._bootstrap_external>", line 995, in exec_module
  File "<frozen importlib._bootstrap_external>", line 1133, in get_code
  File "<frozen importlib._bootstrap_external>", line 1063, in source_to_code
  File "<frozen importlib._bootstrap>", line 488, in _call_with_frames_removed
  File "/opt/airflow/dags/DevSurveyDag.py", line 75
    transformed_api = 
                      ^
SyntaxError: invalid syntax
[2025-04-09T13:23:53.437+0000] {processor.py:927} WARNING - No viable dags retrieved from /opt/airflow/dags/DevSurveyDag.py
[2025-04-09T13:23:53.485+0000] {processor.py:208} INFO - Processing /opt/airflow/dags/DevSurveyDag.py took 0.153 seconds
[2025-04-09T13:24:14.865+0000] {processor.py:186} INFO - Started process (PID=266) to work on /opt/airflow/dags/DevSurveyDag.py
[2025-04-09T13:24:14.867+0000] {processor.py:914} INFO - Processing file /opt/airflow/dags/DevSurveyDag.py for tasks to queue
[2025-04-09T13:24:14.869+0000] {logging_mixin.py:190} INFO - [2025-04-09T13:24:14.869+0000] {dagbag.py:588} INFO - Filling up the DagBag from /opt/airflow/dags/DevSurveyDag.py
[2025-04-09T13:24:14.987+0000] {processor.py:925} INFO - DAG(s) 'dev_survey_dag' retrieved from /opt/airflow/dags/DevSurveyDag.py
[2025-04-09T13:24:15.258+0000] {logging_mixin.py:190} INFO - [2025-04-09T13:24:15.258+0000] {dag.py:3239} INFO - Sync 1 DAGs
[2025-04-09T13:24:15.291+0000] {logging_mixin.py:190} INFO - [2025-04-09T13:24:15.291+0000] {dag.py:4180} INFO - Setting next_dagrun for dev_survey_dag to 2025-04-08 00:00:00+00:00, run_after=2025-04-09 00:00:00+00:00
[2025-04-09T13:24:15.334+0000] {processor.py:208} INFO - Processing /opt/airflow/dags/DevSurveyDag.py took 0.479 seconds
[2025-04-09T13:24:35.837+0000] {processor.py:186} INFO - Started process (PID=267) to work on /opt/airflow/dags/DevSurveyDag.py
[2025-04-09T13:24:35.841+0000] {processor.py:914} INFO - Processing file /opt/airflow/dags/DevSurveyDag.py for tasks to queue
[2025-04-09T13:24:35.844+0000] {logging_mixin.py:190} INFO - [2025-04-09T13:24:35.843+0000] {dagbag.py:588} INFO - Filling up the DagBag from /opt/airflow/dags/DevSurveyDag.py
[2025-04-09T13:24:35.957+0000] {processor.py:925} INFO - DAG(s) 'dev_survey_dag' retrieved from /opt/airflow/dags/DevSurveyDag.py
[2025-04-09T13:24:35.993+0000] {logging_mixin.py:190} INFO - [2025-04-09T13:24:35.993+0000] {dag.py:3239} INFO - Sync 1 DAGs
[2025-04-09T13:24:36.036+0000] {logging_mixin.py:190} INFO - [2025-04-09T13:24:36.036+0000] {dag.py:4180} INFO - Setting next_dagrun for dev_survey_dag to 2025-04-08 00:00:00+00:00, run_after=2025-04-09 00:00:00+00:00
[2025-04-09T13:24:36.093+0000] {processor.py:208} INFO - Processing /opt/airflow/dags/DevSurveyDag.py took 0.272 seconds
[2025-04-09T13:24:48.082+0000] {processor.py:186} INFO - Started process (PID=273) to work on /opt/airflow/dags/DevSurveyDag.py
[2025-04-09T13:24:48.084+0000] {processor.py:914} INFO - Processing file /opt/airflow/dags/DevSurveyDag.py for tasks to queue
[2025-04-09T13:24:48.088+0000] {logging_mixin.py:190} INFO - [2025-04-09T13:24:48.087+0000] {dagbag.py:588} INFO - Filling up the DagBag from /opt/airflow/dags/DevSurveyDag.py
[2025-04-09T13:24:48.203+0000] {processor.py:925} INFO - DAG(s) 'dev_survey_dag' retrieved from /opt/airflow/dags/DevSurveyDag.py
[2025-04-09T13:24:48.384+0000] {logging_mixin.py:190} INFO - [2025-04-09T13:24:48.383+0000] {dag.py:3239} INFO - Sync 1 DAGs
[2025-04-09T13:24:48.428+0000] {logging_mixin.py:190} INFO - [2025-04-09T13:24:48.428+0000] {dag.py:4180} INFO - Setting next_dagrun for dev_survey_dag to 2025-04-08 00:00:00+00:00, run_after=2025-04-09 00:00:00+00:00
[2025-04-09T13:24:48.475+0000] {processor.py:208} INFO - Processing /opt/airflow/dags/DevSurveyDag.py took 0.407 seconds
[2025-04-09T13:24:55.390+0000] {processor.py:186} INFO - Started process (PID=274) to work on /opt/airflow/dags/DevSurveyDag.py
[2025-04-09T13:24:55.393+0000] {processor.py:914} INFO - Processing file /opt/airflow/dags/DevSurveyDag.py for tasks to queue
[2025-04-09T13:24:55.399+0000] {logging_mixin.py:190} INFO - [2025-04-09T13:24:55.398+0000] {dagbag.py:588} INFO - Filling up the DagBag from /opt/airflow/dags/DevSurveyDag.py
[2025-04-09T13:24:55.501+0000] {processor.py:925} INFO - DAG(s) 'dev_survey_dag' retrieved from /opt/airflow/dags/DevSurveyDag.py
[2025-04-09T13:24:55.517+0000] {logging_mixin.py:190} INFO - [2025-04-09T13:24:55.517+0000] {dag.py:3239} INFO - Sync 1 DAGs
[2025-04-09T13:24:55.563+0000] {logging_mixin.py:190} INFO - [2025-04-09T13:24:55.562+0000] {dag.py:4180} INFO - Setting next_dagrun for dev_survey_dag to 2025-04-08 00:00:00+00:00, run_after=2025-04-09 00:00:00+00:00
[2025-04-09T13:24:55.631+0000] {processor.py:208} INFO - Processing /opt/airflow/dags/DevSurveyDag.py took 0.276 seconds
[2025-04-09T13:25:27.902+0000] {processor.py:186} INFO - Started process (PID=281) to work on /opt/airflow/dags/DevSurveyDag.py
[2025-04-09T13:25:27.905+0000] {processor.py:914} INFO - Processing file /opt/airflow/dags/DevSurveyDag.py for tasks to queue
[2025-04-09T13:25:27.908+0000] {logging_mixin.py:190} INFO - [2025-04-09T13:25:27.907+0000] {dagbag.py:588} INFO - Filling up the DagBag from /opt/airflow/dags/DevSurveyDag.py
[2025-04-09T13:25:28.055+0000] {processor.py:925} INFO - DAG(s) 'dev_survey_dag' retrieved from /opt/airflow/dags/DevSurveyDag.py
[2025-04-09T13:25:28.267+0000] {logging_mixin.py:190} INFO - [2025-04-09T13:25:28.267+0000] {dag.py:3239} INFO - Sync 1 DAGs
[2025-04-09T13:25:28.305+0000] {logging_mixin.py:190} INFO - [2025-04-09T13:25:28.304+0000] {dag.py:4180} INFO - Setting next_dagrun for dev_survey_dag to 2025-04-08 00:00:00+00:00, run_after=2025-04-09 00:00:00+00:00
[2025-04-09T13:25:28.351+0000] {processor.py:208} INFO - Processing /opt/airflow/dags/DevSurveyDag.py took 0.460 seconds
[2025-04-09T13:43:34.047+0000] {processor.py:186} INFO - Started process (PID=77) to work on /opt/airflow/dags/DevSurveyDag.py
[2025-04-09T13:43:34.048+0000] {processor.py:914} INFO - Processing file /opt/airflow/dags/DevSurveyDag.py for tasks to queue
[2025-04-09T13:43:34.050+0000] {logging_mixin.py:190} INFO - [2025-04-09T13:43:34.050+0000] {dagbag.py:588} INFO - Filling up the DagBag from /opt/airflow/dags/DevSurveyDag.py
[2025-04-09T13:43:34.284+0000] {logging_mixin.py:190} INFO - [2025-04-09T13:43:34.264+0000] {dagbag.py:387} ERROR - Failed to import: /opt/airflow/dags/DevSurveyDag.py
Traceback (most recent call last):
  File "/home/airflow/.local/lib/python3.12/site-packages/airflow/models/dagbag.py", line 383, in parse
    loader.exec_module(new_module)
  File "<frozen importlib._bootstrap_external>", line 999, in exec_module
  File "<frozen importlib._bootstrap>", line 488, in _call_with_frames_removed
  File "/opt/airflow/dags/DevSurveyDag.py", line 4, in <module>
    from tasks_flow import *
  File "/opt/airflow/dags/tasks_flow.py", line 1, in <module>
    from extract.extract_db import extraction_from_db
ImportError: cannot import name 'extraction_from_db' from 'extract.extract_db' (/opt/airflow/plugins/extract/extract_db.py)
[2025-04-09T13:43:34.286+0000] {processor.py:927} WARNING - No viable dags retrieved from /opt/airflow/dags/DevSurveyDag.py
[2025-04-09T13:43:34.327+0000] {processor.py:208} INFO - Processing /opt/airflow/dags/DevSurveyDag.py took 0.286 seconds
[2025-04-09T13:44:04.417+0000] {processor.py:186} INFO - Started process (PID=84) to work on /opt/airflow/dags/DevSurveyDag.py
[2025-04-09T13:44:04.418+0000] {processor.py:914} INFO - Processing file /opt/airflow/dags/DevSurveyDag.py for tasks to queue
[2025-04-09T13:44:04.421+0000] {logging_mixin.py:190} INFO - [2025-04-09T13:44:04.421+0000] {dagbag.py:588} INFO - Filling up the DagBag from /opt/airflow/dags/DevSurveyDag.py
[2025-04-09T13:44:04.607+0000] {logging_mixin.py:190} INFO - [2025-04-09T13:44:04.582+0000] {dagbag.py:387} ERROR - Failed to import: /opt/airflow/dags/DevSurveyDag.py
Traceback (most recent call last):
  File "/home/airflow/.local/lib/python3.12/site-packages/airflow/models/dagbag.py", line 383, in parse
    loader.exec_module(new_module)
  File "<frozen importlib._bootstrap_external>", line 999, in exec_module
  File "<frozen importlib._bootstrap>", line 488, in _call_with_frames_removed
  File "/opt/airflow/dags/DevSurveyDag.py", line 4, in <module>
    from tasks_flow import *
  File "/opt/airflow/dags/tasks_flow.py", line 1, in <module>
    from extract.extract_db import extraction_from_db
ImportError: cannot import name 'extraction_from_db' from 'extract.extract_db' (/opt/airflow/plugins/extract/extract_db.py)
[2025-04-09T13:44:04.616+0000] {processor.py:927} WARNING - No viable dags retrieved from /opt/airflow/dags/DevSurveyDag.py
[2025-04-09T13:44:04.644+0000] {processor.py:208} INFO - Processing /opt/airflow/dags/DevSurveyDag.py took 0.232 seconds
[2025-04-09T13:44:35.115+0000] {processor.py:186} INFO - Started process (PID=91) to work on /opt/airflow/dags/DevSurveyDag.py
[2025-04-09T13:44:35.118+0000] {processor.py:914} INFO - Processing file /opt/airflow/dags/DevSurveyDag.py for tasks to queue
[2025-04-09T13:44:35.121+0000] {logging_mixin.py:190} INFO - [2025-04-09T13:44:35.121+0000] {dagbag.py:588} INFO - Filling up the DagBag from /opt/airflow/dags/DevSurveyDag.py
[2025-04-09T13:44:35.284+0000] {logging_mixin.py:190} INFO - [2025-04-09T13:44:35.240+0000] {dagbag.py:387} ERROR - Failed to import: /opt/airflow/dags/DevSurveyDag.py
Traceback (most recent call last):
  File "/home/airflow/.local/lib/python3.12/site-packages/airflow/models/dagbag.py", line 383, in parse
    loader.exec_module(new_module)
  File "<frozen importlib._bootstrap_external>", line 999, in exec_module
  File "<frozen importlib._bootstrap>", line 488, in _call_with_frames_removed
  File "/opt/airflow/dags/DevSurveyDag.py", line 4, in <module>
    from tasks_flow import *
  File "/opt/airflow/dags/tasks_flow.py", line 1, in <module>
    from extract.extract_db import extraction_from_db
ImportError: cannot import name 'extraction_from_db' from 'extract.extract_db' (/opt/airflow/plugins/extract/extract_db.py)
[2025-04-09T13:44:35.298+0000] {processor.py:927} WARNING - No viable dags retrieved from /opt/airflow/dags/DevSurveyDag.py
[2025-04-09T13:44:35.472+0000] {processor.py:208} INFO - Processing /opt/airflow/dags/DevSurveyDag.py took 0.373 seconds
[2025-04-09T13:45:05.778+0000] {processor.py:186} INFO - Started process (PID=98) to work on /opt/airflow/dags/DevSurveyDag.py
[2025-04-09T13:45:05.782+0000] {processor.py:914} INFO - Processing file /opt/airflow/dags/DevSurveyDag.py for tasks to queue
[2025-04-09T13:45:05.791+0000] {logging_mixin.py:190} INFO - [2025-04-09T13:45:05.789+0000] {dagbag.py:588} INFO - Filling up the DagBag from /opt/airflow/dags/DevSurveyDag.py
[2025-04-09T13:45:06.080+0000] {logging_mixin.py:190} INFO - [2025-04-09T13:45:05.959+0000] {dagbag.py:387} ERROR - Failed to import: /opt/airflow/dags/DevSurveyDag.py
Traceback (most recent call last):
  File "/home/airflow/.local/lib/python3.12/site-packages/airflow/models/dagbag.py", line 383, in parse
    loader.exec_module(new_module)
  File "<frozen importlib._bootstrap_external>", line 999, in exec_module
  File "<frozen importlib._bootstrap>", line 488, in _call_with_frames_removed
  File "/opt/airflow/dags/DevSurveyDag.py", line 4, in <module>
    from tasks_flow import *
  File "/opt/airflow/dags/tasks_flow.py", line 1, in <module>
    from extract.extract_db import extraction_from_db
ImportError: cannot import name 'extraction_from_db' from 'extract.extract_db' (/opt/airflow/plugins/extract/extract_db.py)
[2025-04-09T13:45:06.099+0000] {processor.py:927} WARNING - No viable dags retrieved from /opt/airflow/dags/DevSurveyDag.py
[2025-04-09T13:45:06.181+0000] {processor.py:208} INFO - Processing /opt/airflow/dags/DevSurveyDag.py took 0.418 seconds
[2025-04-09T13:45:36.448+0000] {processor.py:186} INFO - Started process (PID=104) to work on /opt/airflow/dags/DevSurveyDag.py
[2025-04-09T13:45:36.451+0000] {processor.py:914} INFO - Processing file /opt/airflow/dags/DevSurveyDag.py for tasks to queue
[2025-04-09T13:45:36.455+0000] {logging_mixin.py:190} INFO - [2025-04-09T13:45:36.454+0000] {dagbag.py:588} INFO - Filling up the DagBag from /opt/airflow/dags/DevSurveyDag.py
[2025-04-09T13:45:36.722+0000] {logging_mixin.py:190} INFO - [2025-04-09T13:45:36.689+0000] {dagbag.py:387} ERROR - Failed to import: /opt/airflow/dags/DevSurveyDag.py
Traceback (most recent call last):
  File "/home/airflow/.local/lib/python3.12/site-packages/airflow/models/dagbag.py", line 383, in parse
    loader.exec_module(new_module)
  File "<frozen importlib._bootstrap_external>", line 999, in exec_module
  File "<frozen importlib._bootstrap>", line 488, in _call_with_frames_removed
  File "/opt/airflow/dags/DevSurveyDag.py", line 4, in <module>
    from tasks_flow import *
  File "/opt/airflow/dags/tasks_flow.py", line 1, in <module>
    from extract.extract_db import extraction_from_db
ImportError: cannot import name 'extraction_from_db' from 'extract.extract_db' (/opt/airflow/plugins/extract/extract_db.py)
[2025-04-09T13:45:36.731+0000] {processor.py:927} WARNING - No viable dags retrieved from /opt/airflow/dags/DevSurveyDag.py
[2025-04-09T13:45:36.828+0000] {processor.py:208} INFO - Processing /opt/airflow/dags/DevSurveyDag.py took 0.403 seconds
[2025-04-09T13:46:07.580+0000] {processor.py:186} INFO - Started process (PID=111) to work on /opt/airflow/dags/DevSurveyDag.py
[2025-04-09T13:46:07.583+0000] {processor.py:914} INFO - Processing file /opt/airflow/dags/DevSurveyDag.py for tasks to queue
[2025-04-09T13:46:07.588+0000] {logging_mixin.py:190} INFO - [2025-04-09T13:46:07.587+0000] {dagbag.py:588} INFO - Filling up the DagBag from /opt/airflow/dags/DevSurveyDag.py
[2025-04-09T13:46:07.789+0000] {logging_mixin.py:190} INFO - [2025-04-09T13:46:07.751+0000] {dagbag.py:387} ERROR - Failed to import: /opt/airflow/dags/DevSurveyDag.py
Traceback (most recent call last):
  File "/home/airflow/.local/lib/python3.12/site-packages/airflow/models/dagbag.py", line 383, in parse
    loader.exec_module(new_module)
  File "<frozen importlib._bootstrap_external>", line 999, in exec_module
  File "<frozen importlib._bootstrap>", line 488, in _call_with_frames_removed
  File "/opt/airflow/dags/DevSurveyDag.py", line 4, in <module>
    from tasks_flow import *
  File "/opt/airflow/dags/tasks_flow.py", line 1, in <module>
    from extract.extract_db import extraction_from_db
ImportError: cannot import name 'extraction_from_db' from 'extract.extract_db' (/opt/airflow/plugins/extract/extract_db.py)
[2025-04-09T13:46:07.813+0000] {processor.py:927} WARNING - No viable dags retrieved from /opt/airflow/dags/DevSurveyDag.py
[2025-04-09T13:46:07.904+0000] {processor.py:208} INFO - Processing /opt/airflow/dags/DevSurveyDag.py took 0.333 seconds
[2025-04-09T13:46:40.647+0000] {processor.py:186} INFO - Started process (PID=118) to work on /opt/airflow/dags/DevSurveyDag.py
[2025-04-09T13:46:40.649+0000] {processor.py:914} INFO - Processing file /opt/airflow/dags/DevSurveyDag.py for tasks to queue
[2025-04-09T13:46:40.652+0000] {logging_mixin.py:190} INFO - [2025-04-09T13:46:40.652+0000] {dagbag.py:588} INFO - Filling up the DagBag from /opt/airflow/dags/DevSurveyDag.py
[2025-04-09T13:46:40.769+0000] {logging_mixin.py:190} INFO - [2025-04-09T13:46:40.754+0000] {dagbag.py:387} ERROR - Failed to import: /opt/airflow/dags/DevSurveyDag.py
Traceback (most recent call last):
  File "/home/airflow/.local/lib/python3.12/site-packages/airflow/models/dagbag.py", line 383, in parse
    loader.exec_module(new_module)
  File "<frozen importlib._bootstrap_external>", line 999, in exec_module
  File "<frozen importlib._bootstrap>", line 488, in _call_with_frames_removed
  File "/opt/airflow/dags/DevSurveyDag.py", line 4, in <module>
    from tasks_flow import *
  File "/opt/airflow/dags/tasks_flow.py", line 1, in <module>
    from extract.extract_db import extraction_from_db
ImportError: cannot import name 'extraction_from_db' from 'extract.extract_db' (/opt/airflow/plugins/extract/extract_db.py)
[2025-04-09T13:46:40.775+0000] {processor.py:927} WARNING - No viable dags retrieved from /opt/airflow/dags/DevSurveyDag.py
[2025-04-09T13:46:40.845+0000] {processor.py:208} INFO - Processing /opt/airflow/dags/DevSurveyDag.py took 0.221 seconds
[2025-04-09T13:47:13.624+0000] {processor.py:186} INFO - Started process (PID=125) to work on /opt/airflow/dags/DevSurveyDag.py
[2025-04-09T13:47:13.630+0000] {processor.py:914} INFO - Processing file /opt/airflow/dags/DevSurveyDag.py for tasks to queue
[2025-04-09T13:47:13.635+0000] {logging_mixin.py:190} INFO - [2025-04-09T13:47:13.635+0000] {dagbag.py:588} INFO - Filling up the DagBag from /opt/airflow/dags/DevSurveyDag.py
[2025-04-09T13:47:13.916+0000] {logging_mixin.py:190} INFO - [2025-04-09T13:47:13.856+0000] {dagbag.py:387} ERROR - Failed to import: /opt/airflow/dags/DevSurveyDag.py
Traceback (most recent call last):
  File "/home/airflow/.local/lib/python3.12/site-packages/airflow/models/dagbag.py", line 383, in parse
    loader.exec_module(new_module)
  File "<frozen importlib._bootstrap_external>", line 999, in exec_module
  File "<frozen importlib._bootstrap>", line 488, in _call_with_frames_removed
  File "/opt/airflow/dags/DevSurveyDag.py", line 4, in <module>
    from tasks_flow import *
  File "/opt/airflow/dags/tasks_flow.py", line 1, in <module>
    from extract.extract_db import extraction_from_db
ImportError: cannot import name 'extraction_from_db' from 'extract.extract_db' (/opt/airflow/plugins/extract/extract_db.py)
[2025-04-09T13:47:13.932+0000] {processor.py:927} WARNING - No viable dags retrieved from /opt/airflow/dags/DevSurveyDag.py
[2025-04-09T13:47:13.967+0000] {processor.py:208} INFO - Processing /opt/airflow/dags/DevSurveyDag.py took 0.365 seconds
[2025-04-09T13:47:46.939+0000] {processor.py:186} INFO - Started process (PID=132) to work on /opt/airflow/dags/DevSurveyDag.py
[2025-04-09T13:47:46.941+0000] {processor.py:914} INFO - Processing file /opt/airflow/dags/DevSurveyDag.py for tasks to queue
[2025-04-09T13:47:46.946+0000] {logging_mixin.py:190} INFO - [2025-04-09T13:47:46.945+0000] {dagbag.py:588} INFO - Filling up the DagBag from /opt/airflow/dags/DevSurveyDag.py
[2025-04-09T13:47:47.175+0000] {logging_mixin.py:190} INFO - [2025-04-09T13:47:47.101+0000] {dagbag.py:387} ERROR - Failed to import: /opt/airflow/dags/DevSurveyDag.py
Traceback (most recent call last):
  File "/home/airflow/.local/lib/python3.12/site-packages/airflow/models/dagbag.py", line 383, in parse
    loader.exec_module(new_module)
  File "<frozen importlib._bootstrap_external>", line 999, in exec_module
  File "<frozen importlib._bootstrap>", line 488, in _call_with_frames_removed
  File "/opt/airflow/dags/DevSurveyDag.py", line 4, in <module>
    from tasks_flow import *
  File "/opt/airflow/dags/tasks_flow.py", line 1, in <module>
    from extract.extract_db import extraction_from_db
ImportError: cannot import name 'extraction_from_db' from 'extract.extract_db' (/opt/airflow/plugins/extract/extract_db.py)
[2025-04-09T13:47:47.192+0000] {processor.py:927} WARNING - No viable dags retrieved from /opt/airflow/dags/DevSurveyDag.py
[2025-04-09T13:47:47.243+0000] {processor.py:208} INFO - Processing /opt/airflow/dags/DevSurveyDag.py took 0.318 seconds
[2025-04-09T13:48:17.400+0000] {processor.py:186} INFO - Started process (PID=139) to work on /opt/airflow/dags/DevSurveyDag.py
[2025-04-09T13:48:17.403+0000] {processor.py:914} INFO - Processing file /opt/airflow/dags/DevSurveyDag.py for tasks to queue
[2025-04-09T13:48:17.408+0000] {logging_mixin.py:190} INFO - [2025-04-09T13:48:17.407+0000] {dagbag.py:588} INFO - Filling up the DagBag from /opt/airflow/dags/DevSurveyDag.py
[2025-04-09T13:48:17.505+0000] {logging_mixin.py:190} INFO - [2025-04-09T13:48:17.488+0000] {dagbag.py:387} ERROR - Failed to import: /opt/airflow/dags/DevSurveyDag.py
Traceback (most recent call last):
  File "/home/airflow/.local/lib/python3.12/site-packages/airflow/models/dagbag.py", line 383, in parse
    loader.exec_module(new_module)
  File "<frozen importlib._bootstrap_external>", line 999, in exec_module
  File "<frozen importlib._bootstrap>", line 488, in _call_with_frames_removed
  File "/opt/airflow/dags/DevSurveyDag.py", line 4, in <module>
    from tasks_flow import *
  File "/opt/airflow/dags/tasks_flow.py", line 1, in <module>
    from extract.extract_db import extraction_from_db
ImportError: cannot import name 'extraction_from_db' from 'extract.extract_db' (/opt/airflow/plugins/extract/extract_db.py)
[2025-04-09T13:48:17.509+0000] {processor.py:927} WARNING - No viable dags retrieved from /opt/airflow/dags/DevSurveyDag.py
[2025-04-09T13:48:19.892+0000] {processor.py:208} INFO - Processing /opt/airflow/dags/DevSurveyDag.py took 0.165 seconds
[2025-04-09T13:48:53.723+0000] {processor.py:186} INFO - Started process (PID=146) to work on /opt/airflow/dags/DevSurveyDag.py
[2025-04-09T13:48:53.726+0000] {processor.py:914} INFO - Processing file /opt/airflow/dags/DevSurveyDag.py for tasks to queue
[2025-04-09T13:48:53.729+0000] {logging_mixin.py:190} INFO - [2025-04-09T13:48:53.728+0000] {dagbag.py:588} INFO - Filling up the DagBag from /opt/airflow/dags/DevSurveyDag.py
[2025-04-09T13:48:53.877+0000] {logging_mixin.py:190} INFO - [2025-04-09T13:48:53.835+0000] {dagbag.py:387} ERROR - Failed to import: /opt/airflow/dags/DevSurveyDag.py
Traceback (most recent call last):
  File "/home/airflow/.local/lib/python3.12/site-packages/airflow/models/dagbag.py", line 383, in parse
    loader.exec_module(new_module)
  File "<frozen importlib._bootstrap_external>", line 999, in exec_module
  File "<frozen importlib._bootstrap>", line 488, in _call_with_frames_removed
  File "/opt/airflow/dags/DevSurveyDag.py", line 4, in <module>
    from tasks_flow import *
  File "/opt/airflow/dags/tasks_flow.py", line 1, in <module>
    from extract.extract_db import extraction_from_db
ImportError: cannot import name 'extraction_from_db' from 'extract.extract_db' (/opt/airflow/plugins/extract/extract_db.py)
[2025-04-09T13:48:53.890+0000] {processor.py:927} WARNING - No viable dags retrieved from /opt/airflow/dags/DevSurveyDag.py
[2025-04-09T13:48:53.955+0000] {processor.py:208} INFO - Processing /opt/airflow/dags/DevSurveyDag.py took 0.245 seconds
[2025-04-09T13:49:26.760+0000] {processor.py:186} INFO - Started process (PID=153) to work on /opt/airflow/dags/DevSurveyDag.py
[2025-04-09T13:49:26.764+0000] {processor.py:914} INFO - Processing file /opt/airflow/dags/DevSurveyDag.py for tasks to queue
[2025-04-09T13:49:26.770+0000] {logging_mixin.py:190} INFO - [2025-04-09T13:49:26.769+0000] {dagbag.py:588} INFO - Filling up the DagBag from /opt/airflow/dags/DevSurveyDag.py
[2025-04-09T13:49:26.968+0000] {logging_mixin.py:190} INFO - [2025-04-09T13:49:26.908+0000] {dagbag.py:387} ERROR - Failed to import: /opt/airflow/dags/DevSurveyDag.py
Traceback (most recent call last):
  File "/home/airflow/.local/lib/python3.12/site-packages/airflow/models/dagbag.py", line 383, in parse
    loader.exec_module(new_module)
  File "<frozen importlib._bootstrap_external>", line 999, in exec_module
  File "<frozen importlib._bootstrap>", line 488, in _call_with_frames_removed
  File "/opt/airflow/dags/DevSurveyDag.py", line 4, in <module>
    from tasks_flow import *
  File "/opt/airflow/dags/tasks_flow.py", line 1, in <module>
    from extract.extract_db import extraction_from_db
ImportError: cannot import name 'extraction_from_db' from 'extract.extract_db' (/opt/airflow/plugins/extract/extract_db.py)
[2025-04-09T13:49:26.985+0000] {processor.py:927} WARNING - No viable dags retrieved from /opt/airflow/dags/DevSurveyDag.py
[2025-04-09T13:49:27.082+0000] {processor.py:208} INFO - Processing /opt/airflow/dags/DevSurveyDag.py took 0.373 seconds
[2025-04-09T13:49:59.660+0000] {processor.py:186} INFO - Started process (PID=160) to work on /opt/airflow/dags/DevSurveyDag.py
[2025-04-09T13:49:59.664+0000] {processor.py:914} INFO - Processing file /opt/airflow/dags/DevSurveyDag.py for tasks to queue
[2025-04-09T13:49:59.669+0000] {logging_mixin.py:190} INFO - [2025-04-09T13:49:59.668+0000] {dagbag.py:588} INFO - Filling up the DagBag from /opt/airflow/dags/DevSurveyDag.py
[2025-04-09T13:49:59.860+0000] {logging_mixin.py:190} INFO - [2025-04-09T13:49:59.827+0000] {dagbag.py:387} ERROR - Failed to import: /opt/airflow/dags/DevSurveyDag.py
Traceback (most recent call last):
  File "/home/airflow/.local/lib/python3.12/site-packages/airflow/models/dagbag.py", line 383, in parse
    loader.exec_module(new_module)
  File "<frozen importlib._bootstrap_external>", line 999, in exec_module
  File "<frozen importlib._bootstrap>", line 488, in _call_with_frames_removed
  File "/opt/airflow/dags/DevSurveyDag.py", line 4, in <module>
    from tasks_flow import *
  File "/opt/airflow/dags/tasks_flow.py", line 1, in <module>
    from extract.extract_db import extraction_from_db
ImportError: cannot import name 'extraction_from_db' from 'extract.extract_db' (/opt/airflow/plugins/extract/extract_db.py)
[2025-04-09T13:49:59.871+0000] {processor.py:927} WARNING - No viable dags retrieved from /opt/airflow/dags/DevSurveyDag.py
[2025-04-09T13:49:59.943+0000] {processor.py:208} INFO - Processing /opt/airflow/dags/DevSurveyDag.py took 0.299 seconds
[2025-04-09T13:50:30.492+0000] {processor.py:186} INFO - Started process (PID=167) to work on /opt/airflow/dags/DevSurveyDag.py
[2025-04-09T13:50:30.496+0000] {processor.py:914} INFO - Processing file /opt/airflow/dags/DevSurveyDag.py for tasks to queue
[2025-04-09T13:50:30.501+0000] {logging_mixin.py:190} INFO - [2025-04-09T13:50:30.500+0000] {dagbag.py:588} INFO - Filling up the DagBag from /opt/airflow/dags/DevSurveyDag.py
[2025-04-09T13:50:33.071+0000] {logging_mixin.py:190} INFO - [2025-04-09T13:50:33.041+0000] {dagbag.py:387} ERROR - Failed to import: /opt/airflow/dags/DevSurveyDag.py
Traceback (most recent call last):
  File "/home/airflow/.local/lib/python3.12/site-packages/airflow/models/dagbag.py", line 383, in parse
    loader.exec_module(new_module)
  File "<frozen importlib._bootstrap_external>", line 999, in exec_module
  File "<frozen importlib._bootstrap>", line 488, in _call_with_frames_removed
  File "/opt/airflow/dags/DevSurveyDag.py", line 4, in <module>
    from tasks_flow import *
  File "/opt/airflow/dags/tasks_flow.py", line 1, in <module>
    from extract.extract_db import extraction_from_db
ImportError: cannot import name 'extraction_from_db' from 'extract.extract_db' (/opt/airflow/plugins/extract/extract_db.py)
[2025-04-09T13:50:33.077+0000] {processor.py:927} WARNING - No viable dags retrieved from /opt/airflow/dags/DevSurveyDag.py
[2025-04-09T13:50:33.156+0000] {processor.py:208} INFO - Processing /opt/airflow/dags/DevSurveyDag.py took 0.295 seconds
[2025-04-09T13:51:06.890+0000] {processor.py:186} INFO - Started process (PID=174) to work on /opt/airflow/dags/DevSurveyDag.py
[2025-04-09T13:51:06.892+0000] {processor.py:914} INFO - Processing file /opt/airflow/dags/DevSurveyDag.py for tasks to queue
[2025-04-09T13:51:06.894+0000] {logging_mixin.py:190} INFO - [2025-04-09T13:51:06.893+0000] {dagbag.py:588} INFO - Filling up the DagBag from /opt/airflow/dags/DevSurveyDag.py
[2025-04-09T13:51:07.038+0000] {logging_mixin.py:190} INFO - [2025-04-09T13:51:07.016+0000] {dagbag.py:387} ERROR - Failed to import: /opt/airflow/dags/DevSurveyDag.py
Traceback (most recent call last):
  File "/home/airflow/.local/lib/python3.12/site-packages/airflow/models/dagbag.py", line 383, in parse
    loader.exec_module(new_module)
  File "<frozen importlib._bootstrap_external>", line 999, in exec_module
  File "<frozen importlib._bootstrap>", line 488, in _call_with_frames_removed
  File "/opt/airflow/dags/DevSurveyDag.py", line 4, in <module>
    from tasks_flow import *
  File "/opt/airflow/dags/tasks_flow.py", line 1, in <module>
    from extract.extract_db import extraction_from_db
ImportError: cannot import name 'extraction_from_db' from 'extract.extract_db' (/opt/airflow/plugins/extract/extract_db.py)
[2025-04-09T13:51:07.045+0000] {processor.py:927} WARNING - No viable dags retrieved from /opt/airflow/dags/DevSurveyDag.py
[2025-04-09T13:51:07.092+0000] {processor.py:208} INFO - Processing /opt/airflow/dags/DevSurveyDag.py took 0.215 seconds
[2025-04-09T13:51:39.820+0000] {processor.py:186} INFO - Started process (PID=181) to work on /opt/airflow/dags/DevSurveyDag.py
[2025-04-09T13:51:39.823+0000] {processor.py:914} INFO - Processing file /opt/airflow/dags/DevSurveyDag.py for tasks to queue
[2025-04-09T13:51:39.830+0000] {logging_mixin.py:190} INFO - [2025-04-09T13:51:39.829+0000] {dagbag.py:588} INFO - Filling up the DagBag from /opt/airflow/dags/DevSurveyDag.py
[2025-04-09T13:51:39.983+0000] {logging_mixin.py:190} INFO - [2025-04-09T13:51:39.958+0000] {dagbag.py:387} ERROR - Failed to import: /opt/airflow/dags/DevSurveyDag.py
Traceback (most recent call last):
  File "/home/airflow/.local/lib/python3.12/site-packages/airflow/models/dagbag.py", line 383, in parse
    loader.exec_module(new_module)
  File "<frozen importlib._bootstrap_external>", line 999, in exec_module
  File "<frozen importlib._bootstrap>", line 488, in _call_with_frames_removed
  File "/opt/airflow/dags/DevSurveyDag.py", line 4, in <module>
    from tasks_flow import *
  File "/opt/airflow/dags/tasks_flow.py", line 1, in <module>
    from extract.extract_db import extraction_from_db
ImportError: cannot import name 'extraction_from_db' from 'extract.extract_db' (/opt/airflow/plugins/extract/extract_db.py)
[2025-04-09T13:51:39.989+0000] {processor.py:927} WARNING - No viable dags retrieved from /opt/airflow/dags/DevSurveyDag.py
[2025-04-09T13:51:40.021+0000] {processor.py:208} INFO - Processing /opt/airflow/dags/DevSurveyDag.py took 0.218 seconds
[2025-04-09T13:52:12.900+0000] {processor.py:186} INFO - Started process (PID=188) to work on /opt/airflow/dags/DevSurveyDag.py
[2025-04-09T13:52:12.903+0000] {processor.py:914} INFO - Processing file /opt/airflow/dags/DevSurveyDag.py for tasks to queue
[2025-04-09T13:52:12.908+0000] {logging_mixin.py:190} INFO - [2025-04-09T13:52:12.907+0000] {dagbag.py:588} INFO - Filling up the DagBag from /opt/airflow/dags/DevSurveyDag.py
[2025-04-09T13:52:13.137+0000] {logging_mixin.py:190} INFO - [2025-04-09T13:52:13.096+0000] {dagbag.py:387} ERROR - Failed to import: /opt/airflow/dags/DevSurveyDag.py
Traceback (most recent call last):
  File "/home/airflow/.local/lib/python3.12/site-packages/airflow/models/dagbag.py", line 383, in parse
    loader.exec_module(new_module)
  File "<frozen importlib._bootstrap_external>", line 999, in exec_module
  File "<frozen importlib._bootstrap>", line 488, in _call_with_frames_removed
  File "/opt/airflow/dags/DevSurveyDag.py", line 4, in <module>
    from tasks_flow import *
  File "/opt/airflow/dags/tasks_flow.py", line 1, in <module>
    from extract.extract_db import extraction_from_db
ImportError: cannot import name 'extraction_from_db' from 'extract.extract_db' (/opt/airflow/plugins/extract/extract_db.py)
[2025-04-09T13:52:13.152+0000] {processor.py:927} WARNING - No viable dags retrieved from /opt/airflow/dags/DevSurveyDag.py
[2025-04-09T13:52:13.227+0000] {processor.py:208} INFO - Processing /opt/airflow/dags/DevSurveyDag.py took 0.351 seconds
[2025-04-09T13:52:46.246+0000] {processor.py:186} INFO - Started process (PID=195) to work on /opt/airflow/dags/DevSurveyDag.py
[2025-04-09T13:52:46.248+0000] {processor.py:914} INFO - Processing file /opt/airflow/dags/DevSurveyDag.py for tasks to queue
[2025-04-09T13:52:46.251+0000] {logging_mixin.py:190} INFO - [2025-04-09T13:52:46.251+0000] {dagbag.py:588} INFO - Filling up the DagBag from /opt/airflow/dags/DevSurveyDag.py
[2025-04-09T13:52:46.355+0000] {logging_mixin.py:190} INFO - [2025-04-09T13:52:46.326+0000] {dagbag.py:387} ERROR - Failed to import: /opt/airflow/dags/DevSurveyDag.py
Traceback (most recent call last):
  File "/home/airflow/.local/lib/python3.12/site-packages/airflow/models/dagbag.py", line 383, in parse
    loader.exec_module(new_module)
  File "<frozen importlib._bootstrap_external>", line 999, in exec_module
  File "<frozen importlib._bootstrap>", line 488, in _call_with_frames_removed
  File "/opt/airflow/dags/DevSurveyDag.py", line 4, in <module>
    from tasks_flow import *
  File "/opt/airflow/dags/tasks_flow.py", line 1, in <module>
    from extract.extract_db import extraction_from_db
ImportError: cannot import name 'extraction_from_db' from 'extract.extract_db' (/opt/airflow/plugins/extract/extract_db.py)
[2025-04-09T13:52:46.362+0000] {processor.py:927} WARNING - No viable dags retrieved from /opt/airflow/dags/DevSurveyDag.py
[2025-04-09T13:52:46.413+0000] {processor.py:208} INFO - Processing /opt/airflow/dags/DevSurveyDag.py took 0.176 seconds
[2025-04-09T13:53:20.249+0000] {processor.py:186} INFO - Started process (PID=202) to work on /opt/airflow/dags/DevSurveyDag.py
[2025-04-09T13:53:20.251+0000] {processor.py:914} INFO - Processing file /opt/airflow/dags/DevSurveyDag.py for tasks to queue
[2025-04-09T13:53:20.253+0000] {logging_mixin.py:190} INFO - [2025-04-09T13:53:20.253+0000] {dagbag.py:588} INFO - Filling up the DagBag from /opt/airflow/dags/DevSurveyDag.py
[2025-04-09T13:53:20.453+0000] {logging_mixin.py:190} INFO - [2025-04-09T13:53:20.404+0000] {dagbag.py:387} ERROR - Failed to import: /opt/airflow/dags/DevSurveyDag.py
Traceback (most recent call last):
  File "/home/airflow/.local/lib/python3.12/site-packages/airflow/models/dagbag.py", line 383, in parse
    loader.exec_module(new_module)
  File "<frozen importlib._bootstrap_external>", line 999, in exec_module
  File "<frozen importlib._bootstrap>", line 488, in _call_with_frames_removed
  File "/opt/airflow/dags/DevSurveyDag.py", line 4, in <module>
    from tasks_flow import *
  File "/opt/airflow/dags/tasks_flow.py", line 1, in <module>
    from extract.extract_db import extraction_from_db
ImportError: cannot import name 'extraction_from_db' from 'extract.extract_db' (/opt/airflow/plugins/extract/extract_db.py)
[2025-04-09T13:53:20.469+0000] {processor.py:927} WARNING - No viable dags retrieved from /opt/airflow/dags/DevSurveyDag.py
[2025-04-09T13:53:20.572+0000] {processor.py:208} INFO - Processing /opt/airflow/dags/DevSurveyDag.py took 0.364 seconds
[2025-04-09T13:53:53.423+0000] {processor.py:186} INFO - Started process (PID=209) to work on /opt/airflow/dags/DevSurveyDag.py
[2025-04-09T13:53:53.425+0000] {processor.py:914} INFO - Processing file /opt/airflow/dags/DevSurveyDag.py for tasks to queue
[2025-04-09T13:53:53.429+0000] {logging_mixin.py:190} INFO - [2025-04-09T13:53:53.428+0000] {dagbag.py:588} INFO - Filling up the DagBag from /opt/airflow/dags/DevSurveyDag.py
[2025-04-09T13:53:53.627+0000] {logging_mixin.py:190} INFO - [2025-04-09T13:53:53.601+0000] {dagbag.py:387} ERROR - Failed to import: /opt/airflow/dags/DevSurveyDag.py
Traceback (most recent call last):
  File "/home/airflow/.local/lib/python3.12/site-packages/airflow/models/dagbag.py", line 383, in parse
    loader.exec_module(new_module)
  File "<frozen importlib._bootstrap_external>", line 999, in exec_module
  File "<frozen importlib._bootstrap>", line 488, in _call_with_frames_removed
  File "/opt/airflow/dags/DevSurveyDag.py", line 4, in <module>
    from tasks_flow import *
  File "/opt/airflow/dags/tasks_flow.py", line 1, in <module>
    from extract.extract_db import extraction_from_db
ImportError: cannot import name 'extraction_from_db' from 'extract.extract_db' (/opt/airflow/plugins/extract/extract_db.py)
[2025-04-09T13:53:53.633+0000] {processor.py:927} WARNING - No viable dags retrieved from /opt/airflow/dags/DevSurveyDag.py
[2025-04-09T13:53:53.662+0000] {processor.py:208} INFO - Processing /opt/airflow/dags/DevSurveyDag.py took 0.269 seconds
[2025-04-09T13:54:26.464+0000] {processor.py:186} INFO - Started process (PID=216) to work on /opt/airflow/dags/DevSurveyDag.py
[2025-04-09T13:54:26.466+0000] {processor.py:914} INFO - Processing file /opt/airflow/dags/DevSurveyDag.py for tasks to queue
[2025-04-09T13:54:26.469+0000] {logging_mixin.py:190} INFO - [2025-04-09T13:54:26.468+0000] {dagbag.py:588} INFO - Filling up the DagBag from /opt/airflow/dags/DevSurveyDag.py
[2025-04-09T13:54:26.680+0000] {logging_mixin.py:190} INFO - [2025-04-09T13:54:26.660+0000] {dagbag.py:387} ERROR - Failed to import: /opt/airflow/dags/DevSurveyDag.py
Traceback (most recent call last):
  File "/home/airflow/.local/lib/python3.12/site-packages/airflow/models/dagbag.py", line 383, in parse
    loader.exec_module(new_module)
  File "<frozen importlib._bootstrap_external>", line 999, in exec_module
  File "<frozen importlib._bootstrap>", line 488, in _call_with_frames_removed
  File "/opt/airflow/dags/DevSurveyDag.py", line 4, in <module>
    from tasks_flow import *
  File "/opt/airflow/dags/tasks_flow.py", line 1, in <module>
    from extract.extract_db import extraction_from_db
ImportError: cannot import name 'extraction_from_db' from 'extract.extract_db' (/opt/airflow/plugins/extract/extract_db.py)
[2025-04-09T13:54:26.688+0000] {processor.py:927} WARNING - No viable dags retrieved from /opt/airflow/dags/DevSurveyDag.py
[2025-04-09T13:54:26.739+0000] {processor.py:208} INFO - Processing /opt/airflow/dags/DevSurveyDag.py took 0.297 seconds
[2025-04-09T13:54:59.586+0000] {processor.py:186} INFO - Started process (PID=223) to work on /opt/airflow/dags/DevSurveyDag.py
[2025-04-09T13:54:59.589+0000] {processor.py:914} INFO - Processing file /opt/airflow/dags/DevSurveyDag.py for tasks to queue
[2025-04-09T13:54:59.592+0000] {logging_mixin.py:190} INFO - [2025-04-09T13:54:59.591+0000] {dagbag.py:588} INFO - Filling up the DagBag from /opt/airflow/dags/DevSurveyDag.py
[2025-04-09T13:54:59.870+0000] {logging_mixin.py:190} INFO - [2025-04-09T13:54:59.820+0000] {dagbag.py:387} ERROR - Failed to import: /opt/airflow/dags/DevSurveyDag.py
Traceback (most recent call last):
  File "/home/airflow/.local/lib/python3.12/site-packages/airflow/models/dagbag.py", line 383, in parse
    loader.exec_module(new_module)
  File "<frozen importlib._bootstrap_external>", line 999, in exec_module
  File "<frozen importlib._bootstrap>", line 488, in _call_with_frames_removed
  File "/opt/airflow/dags/DevSurveyDag.py", line 4, in <module>
    from tasks_flow import *
  File "/opt/airflow/dags/tasks_flow.py", line 1, in <module>
    from extract.extract_db import extraction_from_db
ImportError: cannot import name 'extraction_from_db' from 'extract.extract_db' (/opt/airflow/plugins/extract/extract_db.py)
[2025-04-09T13:54:59.885+0000] {processor.py:927} WARNING - No viable dags retrieved from /opt/airflow/dags/DevSurveyDag.py
[2025-04-09T13:54:59.969+0000] {processor.py:208} INFO - Processing /opt/airflow/dags/DevSurveyDag.py took 0.404 seconds
[2025-04-09T13:55:33.041+0000] {processor.py:186} INFO - Started process (PID=230) to work on /opt/airflow/dags/DevSurveyDag.py
[2025-04-09T13:55:33.044+0000] {processor.py:914} INFO - Processing file /opt/airflow/dags/DevSurveyDag.py for tasks to queue
[2025-04-09T13:55:33.048+0000] {logging_mixin.py:190} INFO - [2025-04-09T13:55:33.047+0000] {dagbag.py:588} INFO - Filling up the DagBag from /opt/airflow/dags/DevSurveyDag.py
[2025-04-09T13:55:33.196+0000] {logging_mixin.py:190} INFO - [2025-04-09T13:55:33.155+0000] {dagbag.py:387} ERROR - Failed to import: /opt/airflow/dags/DevSurveyDag.py
Traceback (most recent call last):
  File "/home/airflow/.local/lib/python3.12/site-packages/airflow/models/dagbag.py", line 383, in parse
    loader.exec_module(new_module)
  File "<frozen importlib._bootstrap_external>", line 999, in exec_module
  File "<frozen importlib._bootstrap>", line 488, in _call_with_frames_removed
  File "/opt/airflow/dags/DevSurveyDag.py", line 4, in <module>
    from tasks_flow import *
  File "/opt/airflow/dags/tasks_flow.py", line 1, in <module>
    from extract.extract_db import extraction_from_db
ImportError: cannot import name 'extraction_from_db' from 'extract.extract_db' (/opt/airflow/plugins/extract/extract_db.py)
[2025-04-09T13:55:33.212+0000] {processor.py:927} WARNING - No viable dags retrieved from /opt/airflow/dags/DevSurveyDag.py
[2025-04-09T13:55:33.314+0000] {processor.py:208} INFO - Processing /opt/airflow/dags/DevSurveyDag.py took 0.294 seconds
[2025-04-09T13:56:06.385+0000] {processor.py:186} INFO - Started process (PID=237) to work on /opt/airflow/dags/DevSurveyDag.py
[2025-04-09T13:56:06.388+0000] {processor.py:914} INFO - Processing file /opt/airflow/dags/DevSurveyDag.py for tasks to queue
[2025-04-09T13:56:06.393+0000] {logging_mixin.py:190} INFO - [2025-04-09T13:56:06.392+0000] {dagbag.py:588} INFO - Filling up the DagBag from /opt/airflow/dags/DevSurveyDag.py
[2025-04-09T13:56:06.630+0000] {logging_mixin.py:190} INFO - [2025-04-09T13:56:06.582+0000] {dagbag.py:387} ERROR - Failed to import: /opt/airflow/dags/DevSurveyDag.py
Traceback (most recent call last):
  File "/home/airflow/.local/lib/python3.12/site-packages/airflow/models/dagbag.py", line 383, in parse
    loader.exec_module(new_module)
  File "<frozen importlib._bootstrap_external>", line 999, in exec_module
  File "<frozen importlib._bootstrap>", line 488, in _call_with_frames_removed
  File "/opt/airflow/dags/DevSurveyDag.py", line 4, in <module>
    from tasks_flow import *
  File "/opt/airflow/dags/tasks_flow.py", line 1, in <module>
    from extract.extract_db import extraction_from_db
ImportError: cannot import name 'extraction_from_db' from 'extract.extract_db' (/opt/airflow/plugins/extract/extract_db.py)
[2025-04-09T13:56:06.644+0000] {processor.py:927} WARNING - No viable dags retrieved from /opt/airflow/dags/DevSurveyDag.py
[2025-04-09T13:56:06.718+0000] {processor.py:208} INFO - Processing /opt/airflow/dags/DevSurveyDag.py took 0.348 seconds
[2025-04-09T13:56:39.843+0000] {processor.py:186} INFO - Started process (PID=244) to work on /opt/airflow/dags/DevSurveyDag.py
[2025-04-09T13:56:39.846+0000] {processor.py:914} INFO - Processing file /opt/airflow/dags/DevSurveyDag.py for tasks to queue
[2025-04-09T13:56:39.851+0000] {logging_mixin.py:190} INFO - [2025-04-09T13:56:39.851+0000] {dagbag.py:588} INFO - Filling up the DagBag from /opt/airflow/dags/DevSurveyDag.py
[2025-04-09T13:56:40.164+0000] {logging_mixin.py:190} INFO - [2025-04-09T13:56:40.080+0000] {dagbag.py:387} ERROR - Failed to import: /opt/airflow/dags/DevSurveyDag.py
Traceback (most recent call last):
  File "/home/airflow/.local/lib/python3.12/site-packages/airflow/models/dagbag.py", line 383, in parse
    loader.exec_module(new_module)
  File "<frozen importlib._bootstrap_external>", line 999, in exec_module
  File "<frozen importlib._bootstrap>", line 488, in _call_with_frames_removed
  File "/opt/airflow/dags/DevSurveyDag.py", line 4, in <module>
    from tasks_flow import *
  File "/opt/airflow/dags/tasks_flow.py", line 1, in <module>
    from extract.extract_db import extraction_from_db
ImportError: cannot import name 'extraction_from_db' from 'extract.extract_db' (/opt/airflow/plugins/extract/extract_db.py)
[2025-04-09T13:56:40.171+0000] {processor.py:927} WARNING - No viable dags retrieved from /opt/airflow/dags/DevSurveyDag.py
[2025-04-09T13:56:40.266+0000] {processor.py:208} INFO - Processing /opt/airflow/dags/DevSurveyDag.py took 0.454 seconds
[2025-04-09T13:57:13.444+0000] {processor.py:186} INFO - Started process (PID=251) to work on /opt/airflow/dags/DevSurveyDag.py
[2025-04-09T13:57:13.446+0000] {processor.py:914} INFO - Processing file /opt/airflow/dags/DevSurveyDag.py for tasks to queue
[2025-04-09T13:57:13.448+0000] {logging_mixin.py:190} INFO - [2025-04-09T13:57:13.448+0000] {dagbag.py:588} INFO - Filling up the DagBag from /opt/airflow/dags/DevSurveyDag.py
[2025-04-09T13:57:13.727+0000] {logging_mixin.py:190} INFO - [2025-04-09T13:57:13.686+0000] {dagbag.py:387} ERROR - Failed to import: /opt/airflow/dags/DevSurveyDag.py
Traceback (most recent call last):
  File "/home/airflow/.local/lib/python3.12/site-packages/airflow/models/dagbag.py", line 383, in parse
    loader.exec_module(new_module)
  File "<frozen importlib._bootstrap_external>", line 999, in exec_module
  File "<frozen importlib._bootstrap>", line 488, in _call_with_frames_removed
  File "/opt/airflow/dags/DevSurveyDag.py", line 4, in <module>
    from tasks_flow import *
  File "/opt/airflow/dags/tasks_flow.py", line 1, in <module>
    from extract.extract_db import extraction_from_db
ImportError: cannot import name 'extraction_from_db' from 'extract.extract_db' (/opt/airflow/plugins/extract/extract_db.py)
[2025-04-09T13:57:13.733+0000] {processor.py:927} WARNING - No viable dags retrieved from /opt/airflow/dags/DevSurveyDag.py
[2025-04-09T13:57:13.812+0000] {processor.py:208} INFO - Processing /opt/airflow/dags/DevSurveyDag.py took 0.381 seconds
[2025-04-09T13:57:46.741+0000] {processor.py:186} INFO - Started process (PID=258) to work on /opt/airflow/dags/DevSurveyDag.py
[2025-04-09T13:57:46.743+0000] {processor.py:914} INFO - Processing file /opt/airflow/dags/DevSurveyDag.py for tasks to queue
[2025-04-09T13:57:46.747+0000] {logging_mixin.py:190} INFO - [2025-04-09T13:57:46.746+0000] {dagbag.py:588} INFO - Filling up the DagBag from /opt/airflow/dags/DevSurveyDag.py
[2025-04-09T13:57:47.011+0000] {logging_mixin.py:190} INFO - [2025-04-09T13:57:46.965+0000] {dagbag.py:387} ERROR - Failed to import: /opt/airflow/dags/DevSurveyDag.py
Traceback (most recent call last):
  File "/home/airflow/.local/lib/python3.12/site-packages/airflow/models/dagbag.py", line 383, in parse
    loader.exec_module(new_module)
  File "<frozen importlib._bootstrap_external>", line 999, in exec_module
  File "<frozen importlib._bootstrap>", line 488, in _call_with_frames_removed
  File "/opt/airflow/dags/DevSurveyDag.py", line 4, in <module>
    from tasks_flow import *
  File "/opt/airflow/dags/tasks_flow.py", line 1, in <module>
    from extract.extract_db import extraction_from_db
ImportError: cannot import name 'extraction_from_db' from 'extract.extract_db' (/opt/airflow/plugins/extract/extract_db.py)
[2025-04-09T13:57:47.035+0000] {processor.py:927} WARNING - No viable dags retrieved from /opt/airflow/dags/DevSurveyDag.py
[2025-04-09T13:57:47.125+0000] {processor.py:208} INFO - Processing /opt/airflow/dags/DevSurveyDag.py took 0.417 seconds
[2025-04-09T13:58:19.883+0000] {processor.py:186} INFO - Started process (PID=265) to work on /opt/airflow/dags/DevSurveyDag.py
[2025-04-09T13:58:19.885+0000] {processor.py:914} INFO - Processing file /opt/airflow/dags/DevSurveyDag.py for tasks to queue
[2025-04-09T13:58:19.888+0000] {logging_mixin.py:190} INFO - [2025-04-09T13:58:19.888+0000] {dagbag.py:588} INFO - Filling up the DagBag from /opt/airflow/dags/DevSurveyDag.py
[2025-04-09T13:58:19.981+0000] {logging_mixin.py:190} INFO - [2025-04-09T13:58:19.965+0000] {dagbag.py:387} ERROR - Failed to import: /opt/airflow/dags/DevSurveyDag.py
Traceback (most recent call last):
  File "/home/airflow/.local/lib/python3.12/site-packages/airflow/models/dagbag.py", line 383, in parse
    loader.exec_module(new_module)
  File "<frozen importlib._bootstrap_external>", line 999, in exec_module
  File "<frozen importlib._bootstrap>", line 488, in _call_with_frames_removed
  File "/opt/airflow/dags/DevSurveyDag.py", line 4, in <module>
    from tasks_flow import *
  File "/opt/airflow/dags/tasks_flow.py", line 1, in <module>
    from extract.extract_db import extraction_from_db
ImportError: cannot import name 'extraction_from_db' from 'extract.extract_db' (/opt/airflow/plugins/extract/extract_db.py)
[2025-04-09T13:58:19.986+0000] {processor.py:927} WARNING - No viable dags retrieved from /opt/airflow/dags/DevSurveyDag.py
[2025-04-09T13:58:20.011+0000] {processor.py:208} INFO - Processing /opt/airflow/dags/DevSurveyDag.py took 0.137 seconds
[2025-04-09T13:58:53.136+0000] {processor.py:186} INFO - Started process (PID=272) to work on /opt/airflow/dags/DevSurveyDag.py
[2025-04-09T13:58:53.137+0000] {processor.py:914} INFO - Processing file /opt/airflow/dags/DevSurveyDag.py for tasks to queue
[2025-04-09T13:58:53.139+0000] {logging_mixin.py:190} INFO - [2025-04-09T13:58:53.139+0000] {dagbag.py:588} INFO - Filling up the DagBag from /opt/airflow/dags/DevSurveyDag.py
[2025-04-09T13:58:53.218+0000] {logging_mixin.py:190} INFO - [2025-04-09T13:58:53.205+0000] {dagbag.py:387} ERROR - Failed to import: /opt/airflow/dags/DevSurveyDag.py
Traceback (most recent call last):
  File "/home/airflow/.local/lib/python3.12/site-packages/airflow/models/dagbag.py", line 383, in parse
    loader.exec_module(new_module)
  File "<frozen importlib._bootstrap_external>", line 999, in exec_module
  File "<frozen importlib._bootstrap>", line 488, in _call_with_frames_removed
  File "/opt/airflow/dags/DevSurveyDag.py", line 4, in <module>
    from tasks_flow import *
  File "/opt/airflow/dags/tasks_flow.py", line 1, in <module>
    from extract.extract_db import extraction_from_db
ImportError: cannot import name 'extraction_from_db' from 'extract.extract_db' (/opt/airflow/plugins/extract/extract_db.py)
[2025-04-09T13:58:53.222+0000] {processor.py:927} WARNING - No viable dags retrieved from /opt/airflow/dags/DevSurveyDag.py
[2025-04-09T13:58:53.250+0000] {processor.py:208} INFO - Processing /opt/airflow/dags/DevSurveyDag.py took 0.121 seconds
[2025-04-09T13:59:27.078+0000] {processor.py:186} INFO - Started process (PID=279) to work on /opt/airflow/dags/DevSurveyDag.py
[2025-04-09T13:59:27.081+0000] {processor.py:914} INFO - Processing file /opt/airflow/dags/DevSurveyDag.py for tasks to queue
[2025-04-09T13:59:27.084+0000] {logging_mixin.py:190} INFO - [2025-04-09T13:59:27.084+0000] {dagbag.py:588} INFO - Filling up the DagBag from /opt/airflow/dags/DevSurveyDag.py
[2025-04-09T13:59:27.205+0000] {logging_mixin.py:190} INFO - [2025-04-09T13:59:27.182+0000] {dagbag.py:387} ERROR - Failed to import: /opt/airflow/dags/DevSurveyDag.py
Traceback (most recent call last):
  File "/home/airflow/.local/lib/python3.12/site-packages/airflow/models/dagbag.py", line 383, in parse
    loader.exec_module(new_module)
  File "<frozen importlib._bootstrap_external>", line 999, in exec_module
  File "<frozen importlib._bootstrap>", line 488, in _call_with_frames_removed
  File "/opt/airflow/dags/DevSurveyDag.py", line 4, in <module>
    from tasks_flow import *
  File "/opt/airflow/dags/tasks_flow.py", line 1, in <module>
    from extract.extract_db import extraction_from_db
ImportError: cannot import name 'extraction_from_db' from 'extract.extract_db' (/opt/airflow/plugins/extract/extract_db.py)
[2025-04-09T13:59:27.212+0000] {processor.py:927} WARNING - No viable dags retrieved from /opt/airflow/dags/DevSurveyDag.py
[2025-04-09T13:59:27.240+0000] {processor.py:208} INFO - Processing /opt/airflow/dags/DevSurveyDag.py took 0.172 seconds
[2025-04-09T14:00:00.052+0000] {processor.py:186} INFO - Started process (PID=286) to work on /opt/airflow/dags/DevSurveyDag.py
[2025-04-09T14:00:00.054+0000] {processor.py:914} INFO - Processing file /opt/airflow/dags/DevSurveyDag.py for tasks to queue
[2025-04-09T14:00:00.057+0000] {logging_mixin.py:190} INFO - [2025-04-09T14:00:00.057+0000] {dagbag.py:588} INFO - Filling up the DagBag from /opt/airflow/dags/DevSurveyDag.py
[2025-04-09T14:00:00.191+0000] {logging_mixin.py:190} INFO - [2025-04-09T14:00:00.169+0000] {dagbag.py:387} ERROR - Failed to import: /opt/airflow/dags/DevSurveyDag.py
Traceback (most recent call last):
  File "/home/airflow/.local/lib/python3.12/site-packages/airflow/models/dagbag.py", line 383, in parse
    loader.exec_module(new_module)
  File "<frozen importlib._bootstrap_external>", line 999, in exec_module
  File "<frozen importlib._bootstrap>", line 488, in _call_with_frames_removed
  File "/opt/airflow/dags/DevSurveyDag.py", line 4, in <module>
    from tasks_flow import *
  File "/opt/airflow/dags/tasks_flow.py", line 1, in <module>
    from extract.extract_db import extraction_from_db
ImportError: cannot import name 'extraction_from_db' from 'extract.extract_db' (/opt/airflow/plugins/extract/extract_db.py)
[2025-04-09T14:00:00.198+0000] {processor.py:927} WARNING - No viable dags retrieved from /opt/airflow/dags/DevSurveyDag.py
[2025-04-09T14:00:00.241+0000] {processor.py:208} INFO - Processing /opt/airflow/dags/DevSurveyDag.py took 0.199 seconds
[2025-04-09T14:00:33.038+0000] {processor.py:186} INFO - Started process (PID=293) to work on /opt/airflow/dags/DevSurveyDag.py
[2025-04-09T14:00:33.040+0000] {processor.py:914} INFO - Processing file /opt/airflow/dags/DevSurveyDag.py for tasks to queue
[2025-04-09T14:00:33.042+0000] {logging_mixin.py:190} INFO - [2025-04-09T14:00:33.041+0000] {dagbag.py:588} INFO - Filling up the DagBag from /opt/airflow/dags/DevSurveyDag.py
[2025-04-09T14:00:33.172+0000] {logging_mixin.py:190} INFO - [2025-04-09T14:00:33.153+0000] {dagbag.py:387} ERROR - Failed to import: /opt/airflow/dags/DevSurveyDag.py
Traceback (most recent call last):
  File "/home/airflow/.local/lib/python3.12/site-packages/airflow/models/dagbag.py", line 383, in parse
    loader.exec_module(new_module)
  File "<frozen importlib._bootstrap_external>", line 999, in exec_module
  File "<frozen importlib._bootstrap>", line 488, in _call_with_frames_removed
  File "/opt/airflow/dags/DevSurveyDag.py", line 4, in <module>
    from tasks_flow import *
  File "/opt/airflow/dags/tasks_flow.py", line 1, in <module>
    from extract.extract_db import extraction_from_db
ImportError: cannot import name 'extraction_from_db' from 'extract.extract_db' (/opt/airflow/plugins/extract/extract_db.py)
[2025-04-09T14:00:33.178+0000] {processor.py:927} WARNING - No viable dags retrieved from /opt/airflow/dags/DevSurveyDag.py
[2025-04-09T14:00:33.207+0000] {processor.py:208} INFO - Processing /opt/airflow/dags/DevSurveyDag.py took 0.174 seconds
[2025-04-09T14:01:07.043+0000] {processor.py:186} INFO - Started process (PID=300) to work on /opt/airflow/dags/DevSurveyDag.py
[2025-04-09T14:01:07.046+0000] {processor.py:914} INFO - Processing file /opt/airflow/dags/DevSurveyDag.py for tasks to queue
[2025-04-09T14:01:07.049+0000] {logging_mixin.py:190} INFO - [2025-04-09T14:01:07.048+0000] {dagbag.py:588} INFO - Filling up the DagBag from /opt/airflow/dags/DevSurveyDag.py
[2025-04-09T14:01:07.196+0000] {logging_mixin.py:190} INFO - [2025-04-09T14:01:07.169+0000] {dagbag.py:387} ERROR - Failed to import: /opt/airflow/dags/DevSurveyDag.py
Traceback (most recent call last):
  File "/home/airflow/.local/lib/python3.12/site-packages/airflow/models/dagbag.py", line 383, in parse
    loader.exec_module(new_module)
  File "<frozen importlib._bootstrap_external>", line 999, in exec_module
  File "<frozen importlib._bootstrap>", line 488, in _call_with_frames_removed
  File "/opt/airflow/dags/DevSurveyDag.py", line 4, in <module>
    from tasks_flow import *
  File "/opt/airflow/dags/tasks_flow.py", line 1, in <module>
    from extract.extract_db import extraction_from_db
ImportError: cannot import name 'extraction_from_db' from 'extract.extract_db' (/opt/airflow/plugins/extract/extract_db.py)
[2025-04-09T14:01:07.204+0000] {processor.py:927} WARNING - No viable dags retrieved from /opt/airflow/dags/DevSurveyDag.py
[2025-04-09T14:01:07.240+0000] {processor.py:208} INFO - Processing /opt/airflow/dags/DevSurveyDag.py took 0.212 seconds
[2025-04-09T14:01:40.044+0000] {processor.py:186} INFO - Started process (PID=307) to work on /opt/airflow/dags/DevSurveyDag.py
[2025-04-09T14:01:40.046+0000] {processor.py:914} INFO - Processing file /opt/airflow/dags/DevSurveyDag.py for tasks to queue
[2025-04-09T14:01:40.049+0000] {logging_mixin.py:190} INFO - [2025-04-09T14:01:40.049+0000] {dagbag.py:588} INFO - Filling up the DagBag from /opt/airflow/dags/DevSurveyDag.py
[2025-04-09T14:01:40.193+0000] {logging_mixin.py:190} INFO - [2025-04-09T14:01:40.163+0000] {dagbag.py:387} ERROR - Failed to import: /opt/airflow/dags/DevSurveyDag.py
Traceback (most recent call last):
  File "/home/airflow/.local/lib/python3.12/site-packages/airflow/models/dagbag.py", line 383, in parse
    loader.exec_module(new_module)
  File "<frozen importlib._bootstrap_external>", line 999, in exec_module
  File "<frozen importlib._bootstrap>", line 488, in _call_with_frames_removed
  File "/opt/airflow/dags/DevSurveyDag.py", line 4, in <module>
    from tasks_flow import *
  File "/opt/airflow/dags/tasks_flow.py", line 1, in <module>
    from extract.extract_db import extraction_from_db
ImportError: cannot import name 'extraction_from_db' from 'extract.extract_db' (/opt/airflow/plugins/extract/extract_db.py)
[2025-04-09T14:01:40.202+0000] {processor.py:927} WARNING - No viable dags retrieved from /opt/airflow/dags/DevSurveyDag.py
[2025-04-09T14:01:40.259+0000] {processor.py:208} INFO - Processing /opt/airflow/dags/DevSurveyDag.py took 0.227 seconds
[2025-04-09T14:02:13.017+0000] {processor.py:186} INFO - Started process (PID=314) to work on /opt/airflow/dags/DevSurveyDag.py
[2025-04-09T14:02:13.020+0000] {processor.py:914} INFO - Processing file /opt/airflow/dags/DevSurveyDag.py for tasks to queue
[2025-04-09T14:02:13.024+0000] {logging_mixin.py:190} INFO - [2025-04-09T14:02:13.023+0000] {dagbag.py:588} INFO - Filling up the DagBag from /opt/airflow/dags/DevSurveyDag.py
[2025-04-09T14:02:13.207+0000] {logging_mixin.py:190} INFO - [2025-04-09T14:02:13.184+0000] {dagbag.py:387} ERROR - Failed to import: /opt/airflow/dags/DevSurveyDag.py
Traceback (most recent call last):
  File "/home/airflow/.local/lib/python3.12/site-packages/airflow/models/dagbag.py", line 383, in parse
    loader.exec_module(new_module)
  File "<frozen importlib._bootstrap_external>", line 999, in exec_module
  File "<frozen importlib._bootstrap>", line 488, in _call_with_frames_removed
  File "/opt/airflow/dags/DevSurveyDag.py", line 4, in <module>
    from tasks_flow import *
  File "/opt/airflow/dags/tasks_flow.py", line 1, in <module>
    from extract.extract_db import extraction_from_db
ImportError: cannot import name 'extraction_from_db' from 'extract.extract_db' (/opt/airflow/plugins/extract/extract_db.py)
[2025-04-09T14:02:13.214+0000] {processor.py:927} WARNING - No viable dags retrieved from /opt/airflow/dags/DevSurveyDag.py
[2025-04-09T14:02:13.291+0000] {processor.py:208} INFO - Processing /opt/airflow/dags/DevSurveyDag.py took 0.284 seconds
[2025-04-09T14:02:46.325+0000] {processor.py:186} INFO - Started process (PID=321) to work on /opt/airflow/dags/DevSurveyDag.py
[2025-04-09T14:02:46.328+0000] {processor.py:914} INFO - Processing file /opt/airflow/dags/DevSurveyDag.py for tasks to queue
[2025-04-09T14:02:46.332+0000] {logging_mixin.py:190} INFO - [2025-04-09T14:02:46.331+0000] {dagbag.py:588} INFO - Filling up the DagBag from /opt/airflow/dags/DevSurveyDag.py
[2025-04-09T14:02:46.521+0000] {logging_mixin.py:190} INFO - [2025-04-09T14:02:46.491+0000] {dagbag.py:387} ERROR - Failed to import: /opt/airflow/dags/DevSurveyDag.py
Traceback (most recent call last):
  File "/home/airflow/.local/lib/python3.12/site-packages/airflow/models/dagbag.py", line 383, in parse
    loader.exec_module(new_module)
  File "<frozen importlib._bootstrap_external>", line 999, in exec_module
  File "<frozen importlib._bootstrap>", line 488, in _call_with_frames_removed
  File "/opt/airflow/dags/DevSurveyDag.py", line 4, in <module>
    from tasks_flow import *
  File "/opt/airflow/dags/tasks_flow.py", line 1, in <module>
    from extract.extract_db import extraction_from_db
ImportError: cannot import name 'extraction_from_db' from 'extract.extract_db' (/opt/airflow/plugins/extract/extract_db.py)
[2025-04-09T14:02:46.530+0000] {processor.py:927} WARNING - No viable dags retrieved from /opt/airflow/dags/DevSurveyDag.py
[2025-04-09T14:02:46.564+0000] {processor.py:208} INFO - Processing /opt/airflow/dags/DevSurveyDag.py took 0.249 seconds
[2025-04-09T14:03:20.083+0000] {processor.py:186} INFO - Started process (PID=328) to work on /opt/airflow/dags/DevSurveyDag.py
[2025-04-09T14:03:20.087+0000] {processor.py:914} INFO - Processing file /opt/airflow/dags/DevSurveyDag.py for tasks to queue
[2025-04-09T14:03:20.092+0000] {logging_mixin.py:190} INFO - [2025-04-09T14:03:20.091+0000] {dagbag.py:588} INFO - Filling up the DagBag from /opt/airflow/dags/DevSurveyDag.py
[2025-04-09T14:03:20.319+0000] {logging_mixin.py:190} INFO - [2025-04-09T14:03:20.287+0000] {dagbag.py:387} ERROR - Failed to import: /opt/airflow/dags/DevSurveyDag.py
Traceback (most recent call last):
  File "/home/airflow/.local/lib/python3.12/site-packages/airflow/models/dagbag.py", line 383, in parse
    loader.exec_module(new_module)
  File "<frozen importlib._bootstrap_external>", line 999, in exec_module
  File "<frozen importlib._bootstrap>", line 488, in _call_with_frames_removed
  File "/opt/airflow/dags/DevSurveyDag.py", line 4, in <module>
    from tasks_flow import *
  File "/opt/airflow/dags/tasks_flow.py", line 1, in <module>
    from extract.extract_db import extraction_from_db
ImportError: cannot import name 'extraction_from_db' from 'extract.extract_db' (/opt/airflow/plugins/extract/extract_db.py)
[2025-04-09T14:03:20.327+0000] {processor.py:927} WARNING - No viable dags retrieved from /opt/airflow/dags/DevSurveyDag.py
[2025-04-09T14:03:20.377+0000] {processor.py:208} INFO - Processing /opt/airflow/dags/DevSurveyDag.py took 0.316 seconds
[2025-04-09T14:03:53.507+0000] {processor.py:186} INFO - Started process (PID=335) to work on /opt/airflow/dags/DevSurveyDag.py
[2025-04-09T14:03:53.510+0000] {processor.py:914} INFO - Processing file /opt/airflow/dags/DevSurveyDag.py for tasks to queue
[2025-04-09T14:03:53.514+0000] {logging_mixin.py:190} INFO - [2025-04-09T14:03:53.513+0000] {dagbag.py:588} INFO - Filling up the DagBag from /opt/airflow/dags/DevSurveyDag.py
[2025-04-09T14:03:53.660+0000] {logging_mixin.py:190} INFO - [2025-04-09T14:03:53.622+0000] {dagbag.py:387} ERROR - Failed to import: /opt/airflow/dags/DevSurveyDag.py
Traceback (most recent call last):
  File "/home/airflow/.local/lib/python3.12/site-packages/airflow/models/dagbag.py", line 383, in parse
    loader.exec_module(new_module)
  File "<frozen importlib._bootstrap_external>", line 999, in exec_module
  File "<frozen importlib._bootstrap>", line 488, in _call_with_frames_removed
  File "/opt/airflow/dags/DevSurveyDag.py", line 4, in <module>
    from tasks_flow import *
  File "/opt/airflow/dags/tasks_flow.py", line 1, in <module>
    from extract.extract_db import extraction_from_db
ImportError: cannot import name 'extraction_from_db' from 'extract.extract_db' (/opt/airflow/plugins/extract/extract_db.py)
[2025-04-09T14:03:53.676+0000] {processor.py:927} WARNING - No viable dags retrieved from /opt/airflow/dags/DevSurveyDag.py
[2025-04-09T14:03:53.705+0000] {processor.py:208} INFO - Processing /opt/airflow/dags/DevSurveyDag.py took 0.227 seconds
[2025-04-09T14:04:26.408+0000] {processor.py:186} INFO - Started process (PID=342) to work on /opt/airflow/dags/DevSurveyDag.py
[2025-04-09T14:04:26.412+0000] {processor.py:914} INFO - Processing file /opt/airflow/dags/DevSurveyDag.py for tasks to queue
[2025-04-09T14:04:26.420+0000] {logging_mixin.py:190} INFO - [2025-04-09T14:04:26.418+0000] {dagbag.py:588} INFO - Filling up the DagBag from /opt/airflow/dags/DevSurveyDag.py
[2025-04-09T14:04:26.575+0000] {logging_mixin.py:190} INFO - [2025-04-09T14:04:26.549+0000] {dagbag.py:387} ERROR - Failed to import: /opt/airflow/dags/DevSurveyDag.py
Traceback (most recent call last):
  File "/home/airflow/.local/lib/python3.12/site-packages/airflow/models/dagbag.py", line 383, in parse
    loader.exec_module(new_module)
  File "<frozen importlib._bootstrap_external>", line 999, in exec_module
  File "<frozen importlib._bootstrap>", line 488, in _call_with_frames_removed
  File "/opt/airflow/dags/DevSurveyDag.py", line 4, in <module>
    from tasks_flow import *
  File "/opt/airflow/dags/tasks_flow.py", line 1, in <module>
    from extract.extract_db import extraction_from_db
ImportError: cannot import name 'extraction_from_db' from 'extract.extract_db' (/opt/airflow/plugins/extract/extract_db.py)
[2025-04-09T14:04:26.583+0000] {processor.py:927} WARNING - No viable dags retrieved from /opt/airflow/dags/DevSurveyDag.py
[2025-04-09T14:04:26.636+0000] {processor.py:208} INFO - Processing /opt/airflow/dags/DevSurveyDag.py took 0.255 seconds
[2025-04-09T14:05:00.566+0000] {processor.py:186} INFO - Started process (PID=349) to work on /opt/airflow/dags/DevSurveyDag.py
[2025-04-09T14:05:00.569+0000] {processor.py:914} INFO - Processing file /opt/airflow/dags/DevSurveyDag.py for tasks to queue
[2025-04-09T14:05:00.574+0000] {logging_mixin.py:190} INFO - [2025-04-09T14:05:00.573+0000] {dagbag.py:588} INFO - Filling up the DagBag from /opt/airflow/dags/DevSurveyDag.py
[2025-04-09T14:05:00.875+0000] {logging_mixin.py:190} INFO - [2025-04-09T14:05:00.838+0000] {dagbag.py:387} ERROR - Failed to import: /opt/airflow/dags/DevSurveyDag.py
Traceback (most recent call last):
  File "/home/airflow/.local/lib/python3.12/site-packages/airflow/models/dagbag.py", line 383, in parse
    loader.exec_module(new_module)
  File "<frozen importlib._bootstrap_external>", line 999, in exec_module
  File "<frozen importlib._bootstrap>", line 488, in _call_with_frames_removed
  File "/opt/airflow/dags/DevSurveyDag.py", line 4, in <module>
    from tasks_flow import *
  File "/opt/airflow/dags/tasks_flow.py", line 1, in <module>
    from extract.extract_db import extraction_from_db
ImportError: cannot import name 'extraction_from_db' from 'extract.extract_db' (/opt/airflow/plugins/extract/extract_db.py)
[2025-04-09T14:05:00.882+0000] {processor.py:927} WARNING - No viable dags retrieved from /opt/airflow/dags/DevSurveyDag.py
[2025-04-09T14:05:00.914+0000] {processor.py:208} INFO - Processing /opt/airflow/dags/DevSurveyDag.py took 0.360 seconds
[2025-04-09T14:05:33.555+0000] {processor.py:186} INFO - Started process (PID=356) to work on /opt/airflow/dags/DevSurveyDag.py
[2025-04-09T14:05:33.558+0000] {processor.py:914} INFO - Processing file /opt/airflow/dags/DevSurveyDag.py for tasks to queue
[2025-04-09T14:05:33.561+0000] {logging_mixin.py:190} INFO - [2025-04-09T14:05:33.560+0000] {dagbag.py:588} INFO - Filling up the DagBag from /opt/airflow/dags/DevSurveyDag.py
[2025-04-09T14:05:33.803+0000] {logging_mixin.py:190} INFO - [2025-04-09T14:05:33.778+0000] {dagbag.py:387} ERROR - Failed to import: /opt/airflow/dags/DevSurveyDag.py
Traceback (most recent call last):
  File "/home/airflow/.local/lib/python3.12/site-packages/airflow/models/dagbag.py", line 383, in parse
    loader.exec_module(new_module)
  File "<frozen importlib._bootstrap_external>", line 999, in exec_module
  File "<frozen importlib._bootstrap>", line 488, in _call_with_frames_removed
  File "/opt/airflow/dags/DevSurveyDag.py", line 4, in <module>
    from tasks_flow import *
  File "/opt/airflow/dags/tasks_flow.py", line 1, in <module>
    from extract.extract_db import extraction_from_db
ImportError: cannot import name 'extraction_from_db' from 'extract.extract_db' (/opt/airflow/plugins/extract/extract_db.py)
[2025-04-09T14:05:33.812+0000] {processor.py:927} WARNING - No viable dags retrieved from /opt/airflow/dags/DevSurveyDag.py
[2025-04-09T14:05:33.843+0000] {processor.py:208} INFO - Processing /opt/airflow/dags/DevSurveyDag.py took 0.321 seconds
[2025-04-09T14:06:06.779+0000] {processor.py:186} INFO - Started process (PID=363) to work on /opt/airflow/dags/DevSurveyDag.py
[2025-04-09T14:06:06.781+0000] {processor.py:914} INFO - Processing file /opt/airflow/dags/DevSurveyDag.py for tasks to queue
[2025-04-09T14:06:06.785+0000] {logging_mixin.py:190} INFO - [2025-04-09T14:06:06.784+0000] {dagbag.py:588} INFO - Filling up the DagBag from /opt/airflow/dags/DevSurveyDag.py
[2025-04-09T14:06:07.003+0000] {logging_mixin.py:190} INFO - [2025-04-09T14:06:06.953+0000] {dagbag.py:387} ERROR - Failed to import: /opt/airflow/dags/DevSurveyDag.py
Traceback (most recent call last):
  File "/home/airflow/.local/lib/python3.12/site-packages/airflow/models/dagbag.py", line 383, in parse
    loader.exec_module(new_module)
  File "<frozen importlib._bootstrap_external>", line 999, in exec_module
  File "<frozen importlib._bootstrap>", line 488, in _call_with_frames_removed
  File "/opt/airflow/dags/DevSurveyDag.py", line 4, in <module>
    from tasks_flow import *
  File "/opt/airflow/dags/tasks_flow.py", line 1, in <module>
    from extract.extract_db import extraction_from_db
ImportError: cannot import name 'extraction_from_db' from 'extract.extract_db' (/opt/airflow/plugins/extract/extract_db.py)
[2025-04-09T14:06:07.013+0000] {processor.py:927} WARNING - No viable dags retrieved from /opt/airflow/dags/DevSurveyDag.py
[2025-04-09T14:06:07.049+0000] {processor.py:208} INFO - Processing /opt/airflow/dags/DevSurveyDag.py took 0.297 seconds
[2025-04-09T14:06:39.865+0000] {processor.py:186} INFO - Started process (PID=370) to work on /opt/airflow/dags/DevSurveyDag.py
[2025-04-09T14:06:39.867+0000] {processor.py:914} INFO - Processing file /opt/airflow/dags/DevSurveyDag.py for tasks to queue
[2025-04-09T14:06:39.869+0000] {logging_mixin.py:190} INFO - [2025-04-09T14:06:39.869+0000] {dagbag.py:588} INFO - Filling up the DagBag from /opt/airflow/dags/DevSurveyDag.py
[2025-04-09T14:06:40.081+0000] {logging_mixin.py:190} INFO - [2025-04-09T14:06:40.027+0000] {dagbag.py:387} ERROR - Failed to import: /opt/airflow/dags/DevSurveyDag.py
Traceback (most recent call last):
  File "/home/airflow/.local/lib/python3.12/site-packages/airflow/models/dagbag.py", line 383, in parse
    loader.exec_module(new_module)
  File "<frozen importlib._bootstrap_external>", line 999, in exec_module
  File "<frozen importlib._bootstrap>", line 488, in _call_with_frames_removed
  File "/opt/airflow/dags/DevSurveyDag.py", line 4, in <module>
    from tasks_flow import *
  File "/opt/airflow/dags/tasks_flow.py", line 1, in <module>
    from extract.extract_db import extraction_from_db
ImportError: cannot import name 'extraction_from_db' from 'extract.extract_db' (/opt/airflow/plugins/extract/extract_db.py)
[2025-04-09T14:06:40.095+0000] {processor.py:927} WARNING - No viable dags retrieved from /opt/airflow/dags/DevSurveyDag.py
[2025-04-09T14:06:40.170+0000] {processor.py:208} INFO - Processing /opt/airflow/dags/DevSurveyDag.py took 0.314 seconds
[2025-04-09T14:07:13.142+0000] {processor.py:186} INFO - Started process (PID=376) to work on /opt/airflow/dags/DevSurveyDag.py
[2025-04-09T14:07:13.144+0000] {processor.py:914} INFO - Processing file /opt/airflow/dags/DevSurveyDag.py for tasks to queue
[2025-04-09T14:07:13.147+0000] {logging_mixin.py:190} INFO - [2025-04-09T14:07:13.147+0000] {dagbag.py:588} INFO - Filling up the DagBag from /opt/airflow/dags/DevSurveyDag.py
[2025-04-09T14:07:13.435+0000] {logging_mixin.py:190} INFO - [2025-04-09T14:07:13.379+0000] {dagbag.py:387} ERROR - Failed to import: /opt/airflow/dags/DevSurveyDag.py
Traceback (most recent call last):
  File "/home/airflow/.local/lib/python3.12/site-packages/airflow/models/dagbag.py", line 383, in parse
    loader.exec_module(new_module)
  File "<frozen importlib._bootstrap_external>", line 999, in exec_module
  File "<frozen importlib._bootstrap>", line 488, in _call_with_frames_removed
  File "/opt/airflow/dags/DevSurveyDag.py", line 4, in <module>
    from tasks_flow import *
  File "/opt/airflow/dags/tasks_flow.py", line 1, in <module>
    from extract.extract_db import extraction_from_db
ImportError: cannot import name 'extraction_from_db' from 'extract.extract_db' (/opt/airflow/plugins/extract/extract_db.py)
[2025-04-09T14:07:13.449+0000] {processor.py:927} WARNING - No viable dags retrieved from /opt/airflow/dags/DevSurveyDag.py
[2025-04-09T14:07:13.501+0000] {processor.py:208} INFO - Processing /opt/airflow/dags/DevSurveyDag.py took 0.384 seconds
[2025-04-09T14:07:46.556+0000] {processor.py:186} INFO - Started process (PID=382) to work on /opt/airflow/dags/DevSurveyDag.py
[2025-04-09T14:07:46.559+0000] {processor.py:914} INFO - Processing file /opt/airflow/dags/DevSurveyDag.py for tasks to queue
[2025-04-09T14:07:46.562+0000] {logging_mixin.py:190} INFO - [2025-04-09T14:07:46.561+0000] {dagbag.py:588} INFO - Filling up the DagBag from /opt/airflow/dags/DevSurveyDag.py
[2025-04-09T14:07:46.703+0000] {logging_mixin.py:190} INFO - [2025-04-09T14:07:46.682+0000] {dagbag.py:387} ERROR - Failed to import: /opt/airflow/dags/DevSurveyDag.py
Traceback (most recent call last):
  File "/home/airflow/.local/lib/python3.12/site-packages/airflow/models/dagbag.py", line 383, in parse
    loader.exec_module(new_module)
  File "<frozen importlib._bootstrap_external>", line 999, in exec_module
  File "<frozen importlib._bootstrap>", line 488, in _call_with_frames_removed
  File "/opt/airflow/dags/DevSurveyDag.py", line 4, in <module>
    from tasks_flow import *
  File "/opt/airflow/dags/tasks_flow.py", line 1, in <module>
    from extract.extract_db import extraction_from_db
ImportError: cannot import name 'extraction_from_db' from 'extract.extract_db' (/opt/airflow/plugins/extract/extract_db.py)
[2025-04-09T14:07:46.713+0000] {processor.py:927} WARNING - No viable dags retrieved from /opt/airflow/dags/DevSurveyDag.py
[2025-04-09T14:07:46.794+0000] {processor.py:208} INFO - Processing /opt/airflow/dags/DevSurveyDag.py took 0.249 seconds
[2025-04-09T14:08:19.749+0000] {processor.py:186} INFO - Started process (PID=389) to work on /opt/airflow/dags/DevSurveyDag.py
[2025-04-09T14:08:19.753+0000] {processor.py:914} INFO - Processing file /opt/airflow/dags/DevSurveyDag.py for tasks to queue
[2025-04-09T14:08:19.757+0000] {logging_mixin.py:190} INFO - [2025-04-09T14:08:19.756+0000] {dagbag.py:588} INFO - Filling up the DagBag from /opt/airflow/dags/DevSurveyDag.py
[2025-04-09T14:08:19.908+0000] {logging_mixin.py:190} INFO - [2025-04-09T14:08:19.884+0000] {dagbag.py:387} ERROR - Failed to import: /opt/airflow/dags/DevSurveyDag.py
Traceback (most recent call last):
  File "/home/airflow/.local/lib/python3.12/site-packages/airflow/models/dagbag.py", line 383, in parse
    loader.exec_module(new_module)
  File "<frozen importlib._bootstrap_external>", line 999, in exec_module
  File "<frozen importlib._bootstrap>", line 488, in _call_with_frames_removed
  File "/opt/airflow/dags/DevSurveyDag.py", line 4, in <module>
    from tasks_flow import *
  File "/opt/airflow/dags/tasks_flow.py", line 1, in <module>
    from extract.extract_db import extraction_from_db
ImportError: cannot import name 'extraction_from_db' from 'extract.extract_db' (/opt/airflow/plugins/extract/extract_db.py)
[2025-04-09T14:08:19.915+0000] {processor.py:927} WARNING - No viable dags retrieved from /opt/airflow/dags/DevSurveyDag.py
[2025-04-09T14:08:19.976+0000] {processor.py:208} INFO - Processing /opt/airflow/dags/DevSurveyDag.py took 0.238 seconds
[2025-04-09T14:08:53.865+0000] {processor.py:186} INFO - Started process (PID=396) to work on /opt/airflow/dags/DevSurveyDag.py
[2025-04-09T14:08:53.868+0000] {processor.py:914} INFO - Processing file /opt/airflow/dags/DevSurveyDag.py for tasks to queue
[2025-04-09T14:08:53.873+0000] {logging_mixin.py:190} INFO - [2025-04-09T14:08:53.872+0000] {dagbag.py:588} INFO - Filling up the DagBag from /opt/airflow/dags/DevSurveyDag.py
[2025-04-09T14:08:54.086+0000] {logging_mixin.py:190} INFO - [2025-04-09T14:08:54.062+0000] {dagbag.py:387} ERROR - Failed to import: /opt/airflow/dags/DevSurveyDag.py
Traceback (most recent call last):
  File "/home/airflow/.local/lib/python3.12/site-packages/airflow/models/dagbag.py", line 383, in parse
    loader.exec_module(new_module)
  File "<frozen importlib._bootstrap_external>", line 999, in exec_module
  File "<frozen importlib._bootstrap>", line 488, in _call_with_frames_removed
  File "/opt/airflow/dags/DevSurveyDag.py", line 4, in <module>
    from tasks_flow import *
  File "/opt/airflow/dags/tasks_flow.py", line 1, in <module>
    from extract.extract_db import extraction_from_db
ImportError: cannot import name 'extraction_from_db' from 'extract.extract_db' (/opt/airflow/plugins/extract/extract_db.py)
[2025-04-09T14:08:54.096+0000] {processor.py:927} WARNING - No viable dags retrieved from /opt/airflow/dags/DevSurveyDag.py
[2025-04-09T14:08:54.194+0000] {processor.py:208} INFO - Processing /opt/airflow/dags/DevSurveyDag.py took 0.339 seconds
[2025-04-09T14:09:26.824+0000] {processor.py:186} INFO - Started process (PID=403) to work on /opt/airflow/dags/DevSurveyDag.py
[2025-04-09T14:09:26.827+0000] {processor.py:914} INFO - Processing file /opt/airflow/dags/DevSurveyDag.py for tasks to queue
[2025-04-09T14:09:26.830+0000] {logging_mixin.py:190} INFO - [2025-04-09T14:09:26.830+0000] {dagbag.py:588} INFO - Filling up the DagBag from /opt/airflow/dags/DevSurveyDag.py
[2025-04-09T14:09:26.979+0000] {logging_mixin.py:190} INFO - [2025-04-09T14:09:26.950+0000] {dagbag.py:387} ERROR - Failed to import: /opt/airflow/dags/DevSurveyDag.py
Traceback (most recent call last):
  File "/home/airflow/.local/lib/python3.12/site-packages/airflow/models/dagbag.py", line 383, in parse
    loader.exec_module(new_module)
  File "<frozen importlib._bootstrap_external>", line 999, in exec_module
  File "<frozen importlib._bootstrap>", line 488, in _call_with_frames_removed
  File "/opt/airflow/dags/DevSurveyDag.py", line 4, in <module>
    from tasks_flow import *
  File "/opt/airflow/dags/tasks_flow.py", line 1, in <module>
    from extract.extract_db import extraction_from_db
ImportError: cannot import name 'extraction_from_db' from 'extract.extract_db' (/opt/airflow/plugins/extract/extract_db.py)
[2025-04-09T14:09:26.986+0000] {processor.py:927} WARNING - No viable dags retrieved from /opt/airflow/dags/DevSurveyDag.py
[2025-04-09T14:09:27.015+0000] {processor.py:208} INFO - Processing /opt/airflow/dags/DevSurveyDag.py took 0.208 seconds
[2025-04-09T14:10:00.052+0000] {processor.py:186} INFO - Started process (PID=410) to work on /opt/airflow/dags/DevSurveyDag.py
[2025-04-09T14:10:00.054+0000] {processor.py:914} INFO - Processing file /opt/airflow/dags/DevSurveyDag.py for tasks to queue
[2025-04-09T14:10:00.057+0000] {logging_mixin.py:190} INFO - [2025-04-09T14:10:00.056+0000] {dagbag.py:588} INFO - Filling up the DagBag from /opt/airflow/dags/DevSurveyDag.py
[2025-04-09T14:10:00.170+0000] {logging_mixin.py:190} INFO - [2025-04-09T14:10:00.152+0000] {dagbag.py:387} ERROR - Failed to import: /opt/airflow/dags/DevSurveyDag.py
Traceback (most recent call last):
  File "/home/airflow/.local/lib/python3.12/site-packages/airflow/models/dagbag.py", line 383, in parse
    loader.exec_module(new_module)
  File "<frozen importlib._bootstrap_external>", line 999, in exec_module
  File "<frozen importlib._bootstrap>", line 488, in _call_with_frames_removed
  File "/opt/airflow/dags/DevSurveyDag.py", line 4, in <module>
    from tasks_flow import *
  File "/opt/airflow/dags/tasks_flow.py", line 1, in <module>
    from extract.extract_db import extraction_from_db
ImportError: cannot import name 'extraction_from_db' from 'extract.extract_db' (/opt/airflow/plugins/extract/extract_db.py)
[2025-04-09T14:10:00.189+0000] {processor.py:927} WARNING - No viable dags retrieved from /opt/airflow/dags/DevSurveyDag.py
[2025-04-09T14:10:00.228+0000] {processor.py:208} INFO - Processing /opt/airflow/dags/DevSurveyDag.py took 0.185 seconds
[2025-04-09T14:10:33.232+0000] {processor.py:186} INFO - Started process (PID=417) to work on /opt/airflow/dags/DevSurveyDag.py
[2025-04-09T14:10:33.235+0000] {processor.py:914} INFO - Processing file /opt/airflow/dags/DevSurveyDag.py for tasks to queue
[2025-04-09T14:10:33.239+0000] {logging_mixin.py:190} INFO - [2025-04-09T14:10:33.238+0000] {dagbag.py:588} INFO - Filling up the DagBag from /opt/airflow/dags/DevSurveyDag.py
[2025-04-09T14:10:33.435+0000] {logging_mixin.py:190} INFO - [2025-04-09T14:10:33.411+0000] {dagbag.py:387} ERROR - Failed to import: /opt/airflow/dags/DevSurveyDag.py
Traceback (most recent call last):
  File "/home/airflow/.local/lib/python3.12/site-packages/airflow/models/dagbag.py", line 383, in parse
    loader.exec_module(new_module)
  File "<frozen importlib._bootstrap_external>", line 999, in exec_module
  File "<frozen importlib._bootstrap>", line 488, in _call_with_frames_removed
  File "/opt/airflow/dags/DevSurveyDag.py", line 4, in <module>
    from tasks_flow import *
  File "/opt/airflow/dags/tasks_flow.py", line 1, in <module>
    from extract.extract_db import extraction_from_db
ImportError: cannot import name 'extraction_from_db' from 'extract.extract_db' (/opt/airflow/plugins/extract/extract_db.py)
[2025-04-09T14:10:33.441+0000] {processor.py:927} WARNING - No viable dags retrieved from /opt/airflow/dags/DevSurveyDag.py
[2025-04-09T14:10:33.482+0000] {processor.py:208} INFO - Processing /opt/airflow/dags/DevSurveyDag.py took 0.261 seconds
[2025-04-09T14:11:06.406+0000] {processor.py:186} INFO - Started process (PID=424) to work on /opt/airflow/dags/DevSurveyDag.py
[2025-04-09T14:11:06.408+0000] {processor.py:914} INFO - Processing file /opt/airflow/dags/DevSurveyDag.py for tasks to queue
[2025-04-09T14:11:06.411+0000] {logging_mixin.py:190} INFO - [2025-04-09T14:11:06.410+0000] {dagbag.py:588} INFO - Filling up the DagBag from /opt/airflow/dags/DevSurveyDag.py
[2025-04-09T14:11:06.600+0000] {logging_mixin.py:190} INFO - [2025-04-09T14:11:06.575+0000] {dagbag.py:387} ERROR - Failed to import: /opt/airflow/dags/DevSurveyDag.py
Traceback (most recent call last):
  File "/home/airflow/.local/lib/python3.12/site-packages/airflow/models/dagbag.py", line 383, in parse
    loader.exec_module(new_module)
  File "<frozen importlib._bootstrap_external>", line 999, in exec_module
  File "<frozen importlib._bootstrap>", line 488, in _call_with_frames_removed
  File "/opt/airflow/dags/DevSurveyDag.py", line 4, in <module>
    from tasks_flow import *
  File "/opt/airflow/dags/tasks_flow.py", line 1, in <module>
    from extract.extract_db import extraction_from_db
ImportError: cannot import name 'extraction_from_db' from 'extract.extract_db' (/opt/airflow/plugins/extract/extract_db.py)
[2025-04-09T14:11:06.607+0000] {processor.py:927} WARNING - No viable dags retrieved from /opt/airflow/dags/DevSurveyDag.py
[2025-04-09T14:11:06.647+0000] {processor.py:208} INFO - Processing /opt/airflow/dags/DevSurveyDag.py took 0.253 seconds
[2025-04-09T14:11:40.263+0000] {processor.py:186} INFO - Started process (PID=430) to work on /opt/airflow/dags/DevSurveyDag.py
[2025-04-09T14:11:40.266+0000] {processor.py:914} INFO - Processing file /opt/airflow/dags/DevSurveyDag.py for tasks to queue
[2025-04-09T14:11:40.270+0000] {logging_mixin.py:190} INFO - [2025-04-09T14:11:40.269+0000] {dagbag.py:588} INFO - Filling up the DagBag from /opt/airflow/dags/DevSurveyDag.py
[2025-04-09T14:11:40.554+0000] {logging_mixin.py:190} INFO - [2025-04-09T14:11:40.494+0000] {dagbag.py:387} ERROR - Failed to import: /opt/airflow/dags/DevSurveyDag.py
Traceback (most recent call last):
  File "/home/airflow/.local/lib/python3.12/site-packages/airflow/models/dagbag.py", line 383, in parse
    loader.exec_module(new_module)
  File "<frozen importlib._bootstrap_external>", line 999, in exec_module
  File "<frozen importlib._bootstrap>", line 488, in _call_with_frames_removed
  File "/opt/airflow/dags/DevSurveyDag.py", line 4, in <module>
    from tasks_flow import *
  File "/opt/airflow/dags/tasks_flow.py", line 1, in <module>
    from extract.extract_db import extraction_from_db
ImportError: cannot import name 'extraction_from_db' from 'extract.extract_db' (/opt/airflow/plugins/extract/extract_db.py)
[2025-04-09T14:11:40.569+0000] {processor.py:927} WARNING - No viable dags retrieved from /opt/airflow/dags/DevSurveyDag.py
[2025-04-09T14:11:40.654+0000] {processor.py:208} INFO - Processing /opt/airflow/dags/DevSurveyDag.py took 0.405 seconds
[2025-04-09T14:12:13.514+0000] {processor.py:186} INFO - Started process (PID=437) to work on /opt/airflow/dags/DevSurveyDag.py
[2025-04-09T14:12:13.517+0000] {processor.py:914} INFO - Processing file /opt/airflow/dags/DevSurveyDag.py for tasks to queue
[2025-04-09T14:12:13.522+0000] {logging_mixin.py:190} INFO - [2025-04-09T14:12:13.521+0000] {dagbag.py:588} INFO - Filling up the DagBag from /opt/airflow/dags/DevSurveyDag.py
[2025-04-09T14:12:13.663+0000] {logging_mixin.py:190} INFO - [2025-04-09T14:12:13.641+0000] {dagbag.py:387} ERROR - Failed to import: /opt/airflow/dags/DevSurveyDag.py
Traceback (most recent call last):
  File "/home/airflow/.local/lib/python3.12/site-packages/airflow/models/dagbag.py", line 383, in parse
    loader.exec_module(new_module)
  File "<frozen importlib._bootstrap_external>", line 999, in exec_module
  File "<frozen importlib._bootstrap>", line 488, in _call_with_frames_removed
  File "/opt/airflow/dags/DevSurveyDag.py", line 4, in <module>
    from tasks_flow import *
  File "/opt/airflow/dags/tasks_flow.py", line 1, in <module>
    from extract.extract_db import extraction_from_db
ImportError: cannot import name 'extraction_from_db' from 'extract.extract_db' (/opt/airflow/plugins/extract/extract_db.py)
[2025-04-09T14:12:13.671+0000] {processor.py:927} WARNING - No viable dags retrieved from /opt/airflow/dags/DevSurveyDag.py
[2025-04-09T14:12:13.731+0000] {processor.py:208} INFO - Processing /opt/airflow/dags/DevSurveyDag.py took 0.232 seconds
[2025-04-09T14:12:44.081+0000] {processor.py:186} INFO - Started process (PID=444) to work on /opt/airflow/dags/DevSurveyDag.py
[2025-04-09T14:12:44.084+0000] {processor.py:914} INFO - Processing file /opt/airflow/dags/DevSurveyDag.py for tasks to queue
[2025-04-09T14:12:44.089+0000] {logging_mixin.py:190} INFO - [2025-04-09T14:12:44.088+0000] {dagbag.py:588} INFO - Filling up the DagBag from /opt/airflow/dags/DevSurveyDag.py
[2025-04-09T14:12:46.576+0000] {logging_mixin.py:190} INFO - [2025-04-09T14:12:46.553+0000] {dagbag.py:387} ERROR - Failed to import: /opt/airflow/dags/DevSurveyDag.py
Traceback (most recent call last):
  File "/home/airflow/.local/lib/python3.12/site-packages/airflow/models/dagbag.py", line 383, in parse
    loader.exec_module(new_module)
  File "<frozen importlib._bootstrap_external>", line 999, in exec_module
  File "<frozen importlib._bootstrap>", line 488, in _call_with_frames_removed
  File "/opt/airflow/dags/DevSurveyDag.py", line 4, in <module>
    from tasks_flow import *
  File "/opt/airflow/dags/tasks_flow.py", line 1, in <module>
    from extract.extract_db import extraction_from_db
ImportError: cannot import name 'extraction_from_db' from 'extract.extract_db' (/opt/airflow/plugins/extract/extract_db.py)
[2025-04-09T14:12:46.582+0000] {processor.py:927} WARNING - No viable dags retrieved from /opt/airflow/dags/DevSurveyDag.py
[2025-04-09T14:12:46.636+0000] {processor.py:208} INFO - Processing /opt/airflow/dags/DevSurveyDag.py took 0.243 seconds
[2025-04-09T14:13:20.688+0000] {processor.py:186} INFO - Started process (PID=451) to work on /opt/airflow/dags/DevSurveyDag.py
[2025-04-09T14:13:20.691+0000] {processor.py:914} INFO - Processing file /opt/airflow/dags/DevSurveyDag.py for tasks to queue
[2025-04-09T14:13:20.695+0000] {logging_mixin.py:190} INFO - [2025-04-09T14:13:20.694+0000] {dagbag.py:588} INFO - Filling up the DagBag from /opt/airflow/dags/DevSurveyDag.py
[2025-04-09T14:13:20.875+0000] {logging_mixin.py:190} INFO - [2025-04-09T14:13:20.832+0000] {dagbag.py:387} ERROR - Failed to import: /opt/airflow/dags/DevSurveyDag.py
Traceback (most recent call last):
  File "/home/airflow/.local/lib/python3.12/site-packages/airflow/models/dagbag.py", line 383, in parse
    loader.exec_module(new_module)
  File "<frozen importlib._bootstrap_external>", line 999, in exec_module
  File "<frozen importlib._bootstrap>", line 488, in _call_with_frames_removed
  File "/opt/airflow/dags/DevSurveyDag.py", line 4, in <module>
    from tasks_flow import *
  File "/opt/airflow/dags/tasks_flow.py", line 1, in <module>
    from extract.extract_db import extraction_from_db
ImportError: cannot import name 'extraction_from_db' from 'extract.extract_db' (/opt/airflow/plugins/extract/extract_db.py)
[2025-04-09T14:13:20.897+0000] {processor.py:927} WARNING - No viable dags retrieved from /opt/airflow/dags/DevSurveyDag.py
[2025-04-09T14:13:21.000+0000] {processor.py:208} INFO - Processing /opt/airflow/dags/DevSurveyDag.py took 0.341 seconds
[2025-04-09T14:13:53.942+0000] {processor.py:186} INFO - Started process (PID=458) to work on /opt/airflow/dags/DevSurveyDag.py
[2025-04-09T14:13:53.944+0000] {processor.py:914} INFO - Processing file /opt/airflow/dags/DevSurveyDag.py for tasks to queue
[2025-04-09T14:13:53.946+0000] {logging_mixin.py:190} INFO - [2025-04-09T14:13:53.946+0000] {dagbag.py:588} INFO - Filling up the DagBag from /opt/airflow/dags/DevSurveyDag.py
[2025-04-09T14:13:54.085+0000] {logging_mixin.py:190} INFO - [2025-04-09T14:13:54.057+0000] {dagbag.py:387} ERROR - Failed to import: /opt/airflow/dags/DevSurveyDag.py
Traceback (most recent call last):
  File "/home/airflow/.local/lib/python3.12/site-packages/airflow/models/dagbag.py", line 383, in parse
    loader.exec_module(new_module)
  File "<frozen importlib._bootstrap_external>", line 999, in exec_module
  File "<frozen importlib._bootstrap>", line 488, in _call_with_frames_removed
  File "/opt/airflow/dags/DevSurveyDag.py", line 4, in <module>
    from tasks_flow import *
  File "/opt/airflow/dags/tasks_flow.py", line 1, in <module>
    from extract.extract_db import extraction_from_db
ImportError: cannot import name 'extraction_from_db' from 'extract.extract_db' (/opt/airflow/plugins/extract/extract_db.py)
[2025-04-09T14:13:54.091+0000] {processor.py:927} WARNING - No viable dags retrieved from /opt/airflow/dags/DevSurveyDag.py
[2025-04-09T14:13:54.122+0000] {processor.py:208} INFO - Processing /opt/airflow/dags/DevSurveyDag.py took 0.189 seconds
[2025-04-09T14:14:26.932+0000] {processor.py:186} INFO - Started process (PID=465) to work on /opt/airflow/dags/DevSurveyDag.py
[2025-04-09T14:14:26.935+0000] {processor.py:914} INFO - Processing file /opt/airflow/dags/DevSurveyDag.py for tasks to queue
[2025-04-09T14:14:26.942+0000] {logging_mixin.py:190} INFO - [2025-04-09T14:14:26.941+0000] {dagbag.py:588} INFO - Filling up the DagBag from /opt/airflow/dags/DevSurveyDag.py
[2025-04-09T14:14:27.199+0000] {logging_mixin.py:190} INFO - [2025-04-09T14:14:27.177+0000] {dagbag.py:387} ERROR - Failed to import: /opt/airflow/dags/DevSurveyDag.py
Traceback (most recent call last):
  File "/home/airflow/.local/lib/python3.12/site-packages/airflow/models/dagbag.py", line 383, in parse
    loader.exec_module(new_module)
  File "<frozen importlib._bootstrap_external>", line 999, in exec_module
  File "<frozen importlib._bootstrap>", line 488, in _call_with_frames_removed
  File "/opt/airflow/dags/DevSurveyDag.py", line 4, in <module>
    from tasks_flow import *
  File "/opt/airflow/dags/tasks_flow.py", line 1, in <module>
    from extract.extract_db import extraction_from_db
ImportError: cannot import name 'extraction_from_db' from 'extract.extract_db' (/opt/airflow/plugins/extract/extract_db.py)
[2025-04-09T14:14:27.206+0000] {processor.py:927} WARNING - No viable dags retrieved from /opt/airflow/dags/DevSurveyDag.py
[2025-04-09T14:14:27.243+0000] {processor.py:208} INFO - Processing /opt/airflow/dags/DevSurveyDag.py took 0.329 seconds
[2025-04-09T14:14:59.882+0000] {processor.py:186} INFO - Started process (PID=472) to work on /opt/airflow/dags/DevSurveyDag.py
[2025-04-09T14:14:59.885+0000] {processor.py:914} INFO - Processing file /opt/airflow/dags/DevSurveyDag.py for tasks to queue
[2025-04-09T14:14:59.889+0000] {logging_mixin.py:190} INFO - [2025-04-09T14:14:59.888+0000] {dagbag.py:588} INFO - Filling up the DagBag from /opt/airflow/dags/DevSurveyDag.py
[2025-04-09T14:15:00.103+0000] {logging_mixin.py:190} INFO - [2025-04-09T14:15:00.071+0000] {dagbag.py:387} ERROR - Failed to import: /opt/airflow/dags/DevSurveyDag.py
Traceback (most recent call last):
  File "/home/airflow/.local/lib/python3.12/site-packages/airflow/models/dagbag.py", line 383, in parse
    loader.exec_module(new_module)
  File "<frozen importlib._bootstrap_external>", line 999, in exec_module
  File "<frozen importlib._bootstrap>", line 488, in _call_with_frames_removed
  File "/opt/airflow/dags/DevSurveyDag.py", line 4, in <module>
    from tasks_flow import *
  File "/opt/airflow/dags/tasks_flow.py", line 1, in <module>
    from extract.extract_db import extraction_from_db
ImportError: cannot import name 'extraction_from_db' from 'extract.extract_db' (/opt/airflow/plugins/extract/extract_db.py)
[2025-04-09T14:15:00.109+0000] {processor.py:927} WARNING - No viable dags retrieved from /opt/airflow/dags/DevSurveyDag.py
[2025-04-09T14:15:00.142+0000] {processor.py:208} INFO - Processing /opt/airflow/dags/DevSurveyDag.py took 0.274 seconds
[2025-04-09T14:15:33.184+0000] {processor.py:186} INFO - Started process (PID=479) to work on /opt/airflow/dags/DevSurveyDag.py
[2025-04-09T14:15:33.187+0000] {processor.py:914} INFO - Processing file /opt/airflow/dags/DevSurveyDag.py for tasks to queue
[2025-04-09T14:15:33.192+0000] {logging_mixin.py:190} INFO - [2025-04-09T14:15:33.191+0000] {dagbag.py:588} INFO - Filling up the DagBag from /opt/airflow/dags/DevSurveyDag.py
[2025-04-09T14:15:33.417+0000] {logging_mixin.py:190} INFO - [2025-04-09T14:15:33.397+0000] {dagbag.py:387} ERROR - Failed to import: /opt/airflow/dags/DevSurveyDag.py
Traceback (most recent call last):
  File "/home/airflow/.local/lib/python3.12/site-packages/airflow/models/dagbag.py", line 383, in parse
    loader.exec_module(new_module)
  File "<frozen importlib._bootstrap_external>", line 999, in exec_module
  File "<frozen importlib._bootstrap>", line 488, in _call_with_frames_removed
  File "/opt/airflow/dags/DevSurveyDag.py", line 4, in <module>
    from tasks_flow import *
  File "/opt/airflow/dags/tasks_flow.py", line 1, in <module>
    from extract.extract_db import extraction_from_db
ImportError: cannot import name 'extraction_from_db' from 'extract.extract_db' (/opt/airflow/plugins/extract/extract_db.py)
[2025-04-09T14:15:33.423+0000] {processor.py:927} WARNING - No viable dags retrieved from /opt/airflow/dags/DevSurveyDag.py
[2025-04-09T14:15:33.455+0000] {processor.py:208} INFO - Processing /opt/airflow/dags/DevSurveyDag.py took 0.297 seconds
[2025-04-09T14:16:06.708+0000] {processor.py:186} INFO - Started process (PID=486) to work on /opt/airflow/dags/DevSurveyDag.py
[2025-04-09T14:16:06.711+0000] {processor.py:914} INFO - Processing file /opt/airflow/dags/DevSurveyDag.py for tasks to queue
[2025-04-09T14:16:06.714+0000] {logging_mixin.py:190} INFO - [2025-04-09T14:16:06.713+0000] {dagbag.py:588} INFO - Filling up the DagBag from /opt/airflow/dags/DevSurveyDag.py
[2025-04-09T14:16:07.048+0000] {logging_mixin.py:190} INFO - [2025-04-09T14:16:06.992+0000] {dagbag.py:387} ERROR - Failed to import: /opt/airflow/dags/DevSurveyDag.py
Traceback (most recent call last):
  File "/home/airflow/.local/lib/python3.12/site-packages/airflow/models/dagbag.py", line 383, in parse
    loader.exec_module(new_module)
  File "<frozen importlib._bootstrap_external>", line 999, in exec_module
  File "<frozen importlib._bootstrap>", line 488, in _call_with_frames_removed
  File "/opt/airflow/dags/DevSurveyDag.py", line 4, in <module>
    from tasks_flow import *
  File "/opt/airflow/dags/tasks_flow.py", line 1, in <module>
    from extract.extract_db import extraction_from_db
ImportError: cannot import name 'extraction_from_db' from 'extract.extract_db' (/opt/airflow/plugins/extract/extract_db.py)
[2025-04-09T14:16:07.065+0000] {processor.py:927} WARNING - No viable dags retrieved from /opt/airflow/dags/DevSurveyDag.py
[2025-04-09T14:16:07.136+0000] {processor.py:208} INFO - Processing /opt/airflow/dags/DevSurveyDag.py took 0.459 seconds
[2025-04-09T14:16:39.954+0000] {processor.py:186} INFO - Started process (PID=493) to work on /opt/airflow/dags/DevSurveyDag.py
[2025-04-09T14:16:39.956+0000] {processor.py:914} INFO - Processing file /opt/airflow/dags/DevSurveyDag.py for tasks to queue
[2025-04-09T14:16:39.958+0000] {logging_mixin.py:190} INFO - [2025-04-09T14:16:39.958+0000] {dagbag.py:588} INFO - Filling up the DagBag from /opt/airflow/dags/DevSurveyDag.py
[2025-04-09T14:16:40.085+0000] {logging_mixin.py:190} INFO - [2025-04-09T14:16:40.066+0000] {dagbag.py:387} ERROR - Failed to import: /opt/airflow/dags/DevSurveyDag.py
Traceback (most recent call last):
  File "/home/airflow/.local/lib/python3.12/site-packages/airflow/models/dagbag.py", line 383, in parse
    loader.exec_module(new_module)
  File "<frozen importlib._bootstrap_external>", line 999, in exec_module
  File "<frozen importlib._bootstrap>", line 488, in _call_with_frames_removed
  File "/opt/airflow/dags/DevSurveyDag.py", line 4, in <module>
    from tasks_flow import *
  File "/opt/airflow/dags/tasks_flow.py", line 1, in <module>
    from extract.extract_db import extraction_from_db
ImportError: cannot import name 'extraction_from_db' from 'extract.extract_db' (/opt/airflow/plugins/extract/extract_db.py)
[2025-04-09T14:16:40.090+0000] {processor.py:927} WARNING - No viable dags retrieved from /opt/airflow/dags/DevSurveyDag.py
[2025-04-09T14:16:40.128+0000] {processor.py:208} INFO - Processing /opt/airflow/dags/DevSurveyDag.py took 0.181 seconds
[2025-04-09T14:17:13.241+0000] {processor.py:186} INFO - Started process (PID=500) to work on /opt/airflow/dags/DevSurveyDag.py
[2025-04-09T14:17:13.244+0000] {processor.py:914} INFO - Processing file /opt/airflow/dags/DevSurveyDag.py for tasks to queue
[2025-04-09T14:17:13.248+0000] {logging_mixin.py:190} INFO - [2025-04-09T14:17:13.247+0000] {dagbag.py:588} INFO - Filling up the DagBag from /opt/airflow/dags/DevSurveyDag.py
[2025-04-09T14:17:13.490+0000] {logging_mixin.py:190} INFO - [2025-04-09T14:17:13.438+0000] {dagbag.py:387} ERROR - Failed to import: /opt/airflow/dags/DevSurveyDag.py
Traceback (most recent call last):
  File "/home/airflow/.local/lib/python3.12/site-packages/airflow/models/dagbag.py", line 383, in parse
    loader.exec_module(new_module)
  File "<frozen importlib._bootstrap_external>", line 999, in exec_module
  File "<frozen importlib._bootstrap>", line 488, in _call_with_frames_removed
  File "/opt/airflow/dags/DevSurveyDag.py", line 4, in <module>
    from tasks_flow import *
  File "/opt/airflow/dags/tasks_flow.py", line 1, in <module>
    from extract.extract_db import extraction_from_db
ImportError: cannot import name 'extraction_from_db' from 'extract.extract_db' (/opt/airflow/plugins/extract/extract_db.py)
[2025-04-09T14:17:13.506+0000] {processor.py:927} WARNING - No viable dags retrieved from /opt/airflow/dags/DevSurveyDag.py
[2025-04-09T14:17:13.603+0000] {processor.py:208} INFO - Processing /opt/airflow/dags/DevSurveyDag.py took 0.398 seconds
[2025-04-09T14:17:46.763+0000] {processor.py:186} INFO - Started process (PID=508) to work on /opt/airflow/dags/DevSurveyDag.py
[2025-04-09T14:17:46.765+0000] {processor.py:914} INFO - Processing file /opt/airflow/dags/DevSurveyDag.py for tasks to queue
[2025-04-09T14:17:46.768+0000] {logging_mixin.py:190} INFO - [2025-04-09T14:17:46.768+0000] {dagbag.py:588} INFO - Filling up the DagBag from /opt/airflow/dags/DevSurveyDag.py
[2025-04-09T14:17:47.034+0000] {logging_mixin.py:190} INFO - [2025-04-09T14:17:46.986+0000] {dagbag.py:387} ERROR - Failed to import: /opt/airflow/dags/DevSurveyDag.py
Traceback (most recent call last):
  File "/home/airflow/.local/lib/python3.12/site-packages/airflow/models/dagbag.py", line 383, in parse
    loader.exec_module(new_module)
  File "<frozen importlib._bootstrap_external>", line 999, in exec_module
  File "<frozen importlib._bootstrap>", line 488, in _call_with_frames_removed
  File "/opt/airflow/dags/DevSurveyDag.py", line 4, in <module>
    from tasks_flow import *
  File "/opt/airflow/dags/tasks_flow.py", line 1, in <module>
    from extract.extract_db import extraction_from_db
ImportError: cannot import name 'extraction_from_db' from 'extract.extract_db' (/opt/airflow/plugins/extract/extract_db.py)
[2025-04-09T14:17:47.051+0000] {processor.py:927} WARNING - No viable dags retrieved from /opt/airflow/dags/DevSurveyDag.py
[2025-04-09T14:17:47.153+0000] {processor.py:208} INFO - Processing /opt/airflow/dags/DevSurveyDag.py took 0.420 seconds
[2025-04-09T14:18:20.006+0000] {processor.py:186} INFO - Started process (PID=515) to work on /opt/airflow/dags/DevSurveyDag.py
[2025-04-09T14:18:20.009+0000] {processor.py:914} INFO - Processing file /opt/airflow/dags/DevSurveyDag.py for tasks to queue
[2025-04-09T14:18:20.013+0000] {logging_mixin.py:190} INFO - [2025-04-09T14:18:20.012+0000] {dagbag.py:588} INFO - Filling up the DagBag from /opt/airflow/dags/DevSurveyDag.py
[2025-04-09T14:18:20.124+0000] {logging_mixin.py:190} INFO - [2025-04-09T14:18:20.102+0000] {dagbag.py:387} ERROR - Failed to import: /opt/airflow/dags/DevSurveyDag.py
Traceback (most recent call last):
  File "/home/airflow/.local/lib/python3.12/site-packages/airflow/models/dagbag.py", line 383, in parse
    loader.exec_module(new_module)
  File "<frozen importlib._bootstrap_external>", line 999, in exec_module
  File "<frozen importlib._bootstrap>", line 488, in _call_with_frames_removed
  File "/opt/airflow/dags/DevSurveyDag.py", line 4, in <module>
    from tasks_flow import *
  File "/opt/airflow/dags/tasks_flow.py", line 1, in <module>
    from extract.extract_db import extraction_from_db
ImportError: cannot import name 'extraction_from_db' from 'extract.extract_db' (/opt/airflow/plugins/extract/extract_db.py)
[2025-04-09T14:18:20.129+0000] {processor.py:927} WARNING - No viable dags retrieved from /opt/airflow/dags/DevSurveyDag.py
[2025-04-09T14:18:20.175+0000] {processor.py:208} INFO - Processing /opt/airflow/dags/DevSurveyDag.py took 0.190 seconds
[2025-04-09T14:18:53.302+0000] {processor.py:186} INFO - Started process (PID=522) to work on /opt/airflow/dags/DevSurveyDag.py
[2025-04-09T14:18:53.306+0000] {processor.py:914} INFO - Processing file /opt/airflow/dags/DevSurveyDag.py for tasks to queue
[2025-04-09T14:18:53.310+0000] {logging_mixin.py:190} INFO - [2025-04-09T14:18:53.309+0000] {dagbag.py:588} INFO - Filling up the DagBag from /opt/airflow/dags/DevSurveyDag.py
[2025-04-09T14:18:53.565+0000] {logging_mixin.py:190} INFO - [2025-04-09T14:18:53.533+0000] {dagbag.py:387} ERROR - Failed to import: /opt/airflow/dags/DevSurveyDag.py
Traceback (most recent call last):
  File "/home/airflow/.local/lib/python3.12/site-packages/airflow/models/dagbag.py", line 383, in parse
    loader.exec_module(new_module)
  File "<frozen importlib._bootstrap_external>", line 999, in exec_module
  File "<frozen importlib._bootstrap>", line 488, in _call_with_frames_removed
  File "/opt/airflow/dags/DevSurveyDag.py", line 4, in <module>
    from tasks_flow import *
  File "/opt/airflow/dags/tasks_flow.py", line 1, in <module>
    from extract.extract_db import extraction_from_db
ImportError: cannot import name 'extraction_from_db' from 'extract.extract_db' (/opt/airflow/plugins/extract/extract_db.py)
[2025-04-09T14:18:53.572+0000] {processor.py:927} WARNING - No viable dags retrieved from /opt/airflow/dags/DevSurveyDag.py
[2025-04-09T14:18:53.607+0000] {processor.py:208} INFO - Processing /opt/airflow/dags/DevSurveyDag.py took 0.331 seconds
[2025-04-09T14:19:26.760+0000] {processor.py:186} INFO - Started process (PID=529) to work on /opt/airflow/dags/DevSurveyDag.py
[2025-04-09T14:19:26.763+0000] {processor.py:914} INFO - Processing file /opt/airflow/dags/DevSurveyDag.py for tasks to queue
[2025-04-09T14:19:26.768+0000] {logging_mixin.py:190} INFO - [2025-04-09T14:19:26.767+0000] {dagbag.py:588} INFO - Filling up the DagBag from /opt/airflow/dags/DevSurveyDag.py
[2025-04-09T14:19:27.051+0000] {logging_mixin.py:190} INFO - [2025-04-09T14:19:26.983+0000] {dagbag.py:387} ERROR - Failed to import: /opt/airflow/dags/DevSurveyDag.py
Traceback (most recent call last):
  File "/home/airflow/.local/lib/python3.12/site-packages/airflow/models/dagbag.py", line 383, in parse
    loader.exec_module(new_module)
  File "<frozen importlib._bootstrap_external>", line 999, in exec_module
  File "<frozen importlib._bootstrap>", line 488, in _call_with_frames_removed
  File "/opt/airflow/dags/DevSurveyDag.py", line 4, in <module>
    from tasks_flow import *
  File "/opt/airflow/dags/tasks_flow.py", line 1, in <module>
    from extract.extract_db import extraction_from_db
ImportError: cannot import name 'extraction_from_db' from 'extract.extract_db' (/opt/airflow/plugins/extract/extract_db.py)
[2025-04-09T14:19:27.067+0000] {processor.py:927} WARNING - No viable dags retrieved from /opt/airflow/dags/DevSurveyDag.py
[2025-04-09T14:19:27.138+0000] {processor.py:208} INFO - Processing /opt/airflow/dags/DevSurveyDag.py took 0.405 seconds
[2025-04-09T14:20:00.288+0000] {processor.py:186} INFO - Started process (PID=536) to work on /opt/airflow/dags/DevSurveyDag.py
[2025-04-09T14:20:00.292+0000] {processor.py:914} INFO - Processing file /opt/airflow/dags/DevSurveyDag.py for tasks to queue
[2025-04-09T14:20:00.300+0000] {logging_mixin.py:190} INFO - [2025-04-09T14:20:00.298+0000] {dagbag.py:588} INFO - Filling up the DagBag from /opt/airflow/dags/DevSurveyDag.py
[2025-04-09T14:20:00.593+0000] {logging_mixin.py:190} INFO - [2025-04-09T14:20:00.539+0000] {dagbag.py:387} ERROR - Failed to import: /opt/airflow/dags/DevSurveyDag.py
Traceback (most recent call last):
  File "/home/airflow/.local/lib/python3.12/site-packages/airflow/models/dagbag.py", line 383, in parse
    loader.exec_module(new_module)
  File "<frozen importlib._bootstrap_external>", line 999, in exec_module
  File "<frozen importlib._bootstrap>", line 488, in _call_with_frames_removed
  File "/opt/airflow/dags/DevSurveyDag.py", line 4, in <module>
    from tasks_flow import *
  File "/opt/airflow/dags/tasks_flow.py", line 1, in <module>
    from extract.extract_db import extraction_from_db
ImportError: cannot import name 'extraction_from_db' from 'extract.extract_db' (/opt/airflow/plugins/extract/extract_db.py)
[2025-04-09T14:20:00.608+0000] {processor.py:927} WARNING - No viable dags retrieved from /opt/airflow/dags/DevSurveyDag.py
[2025-04-09T14:20:00.718+0000] {processor.py:208} INFO - Processing /opt/airflow/dags/DevSurveyDag.py took 0.461 seconds
[2025-04-09T14:20:33.731+0000] {processor.py:186} INFO - Started process (PID=543) to work on /opt/airflow/dags/DevSurveyDag.py
[2025-04-09T14:20:33.733+0000] {processor.py:914} INFO - Processing file /opt/airflow/dags/DevSurveyDag.py for tasks to queue
[2025-04-09T14:20:33.736+0000] {logging_mixin.py:190} INFO - [2025-04-09T14:20:33.735+0000] {dagbag.py:588} INFO - Filling up the DagBag from /opt/airflow/dags/DevSurveyDag.py
[2025-04-09T14:20:33.861+0000] {logging_mixin.py:190} INFO - [2025-04-09T14:20:33.824+0000] {dagbag.py:387} ERROR - Failed to import: /opt/airflow/dags/DevSurveyDag.py
Traceback (most recent call last):
  File "/home/airflow/.local/lib/python3.12/site-packages/airflow/models/dagbag.py", line 383, in parse
    loader.exec_module(new_module)
  File "<frozen importlib._bootstrap_external>", line 999, in exec_module
  File "<frozen importlib._bootstrap>", line 488, in _call_with_frames_removed
  File "/opt/airflow/dags/DevSurveyDag.py", line 4, in <module>
    from tasks_flow import *
  File "/opt/airflow/dags/tasks_flow.py", line 1, in <module>
    from extract.extract_db import extraction_from_db
ImportError: cannot import name 'extraction_from_db' from 'extract.extract_db' (/opt/airflow/plugins/extract/extract_db.py)
[2025-04-09T14:20:33.871+0000] {processor.py:927} WARNING - No viable dags retrieved from /opt/airflow/dags/DevSurveyDag.py
[2025-04-09T14:20:33.971+0000] {processor.py:208} INFO - Processing /opt/airflow/dags/DevSurveyDag.py took 0.248 seconds
[2025-04-09T14:21:06.846+0000] {processor.py:186} INFO - Started process (PID=550) to work on /opt/airflow/dags/DevSurveyDag.py
[2025-04-09T14:21:06.848+0000] {processor.py:914} INFO - Processing file /opt/airflow/dags/DevSurveyDag.py for tasks to queue
[2025-04-09T14:21:06.853+0000] {logging_mixin.py:190} INFO - [2025-04-09T14:21:06.853+0000] {dagbag.py:588} INFO - Filling up the DagBag from /opt/airflow/dags/DevSurveyDag.py
[2025-04-09T14:21:07.071+0000] {logging_mixin.py:190} INFO - [2025-04-09T14:21:07.053+0000] {dagbag.py:387} ERROR - Failed to import: /opt/airflow/dags/DevSurveyDag.py
Traceback (most recent call last):
  File "/home/airflow/.local/lib/python3.12/site-packages/airflow/models/dagbag.py", line 383, in parse
    loader.exec_module(new_module)
  File "<frozen importlib._bootstrap_external>", line 999, in exec_module
  File "<frozen importlib._bootstrap>", line 488, in _call_with_frames_removed
  File "/opt/airflow/dags/DevSurveyDag.py", line 4, in <module>
    from tasks_flow import *
  File "/opt/airflow/dags/tasks_flow.py", line 1, in <module>
    from extract.extract_db import extraction_from_db
ImportError: cannot import name 'extraction_from_db' from 'extract.extract_db' (/opt/airflow/plugins/extract/extract_db.py)
[2025-04-09T14:21:07.077+0000] {processor.py:927} WARNING - No viable dags retrieved from /opt/airflow/dags/DevSurveyDag.py
[2025-04-09T14:21:07.103+0000] {processor.py:208} INFO - Processing /opt/airflow/dags/DevSurveyDag.py took 0.289 seconds
[2025-04-09T14:21:40.003+0000] {processor.py:186} INFO - Started process (PID=557) to work on /opt/airflow/dags/DevSurveyDag.py
[2025-04-09T14:21:40.005+0000] {processor.py:914} INFO - Processing file /opt/airflow/dags/DevSurveyDag.py for tasks to queue
[2025-04-09T14:21:40.009+0000] {logging_mixin.py:190} INFO - [2025-04-09T14:21:40.009+0000] {dagbag.py:588} INFO - Filling up the DagBag from /opt/airflow/dags/DevSurveyDag.py
[2025-04-09T14:21:40.110+0000] {logging_mixin.py:190} INFO - [2025-04-09T14:21:40.101+0000] {dagbag.py:387} ERROR - Failed to import: /opt/airflow/dags/DevSurveyDag.py
Traceback (most recent call last):
  File "/home/airflow/.local/lib/python3.12/site-packages/airflow/models/dagbag.py", line 383, in parse
    loader.exec_module(new_module)
  File "<frozen importlib._bootstrap_external>", line 999, in exec_module
  File "<frozen importlib._bootstrap>", line 488, in _call_with_frames_removed
  File "/opt/airflow/dags/DevSurveyDag.py", line 4, in <module>
    from tasks_flow import *
  File "/opt/airflow/dags/tasks_flow.py", line 1, in <module>
    from extract.extract_db import extraction_from_db
ImportError: cannot import name 'extraction_from_db' from 'extract.extract_db' (/opt/airflow/plugins/extract/extract_db.py)
[2025-04-09T14:21:40.114+0000] {processor.py:927} WARNING - No viable dags retrieved from /opt/airflow/dags/DevSurveyDag.py
[2025-04-09T14:21:40.151+0000] {processor.py:208} INFO - Processing /opt/airflow/dags/DevSurveyDag.py took 0.159 seconds
[2025-04-09T14:22:13.389+0000] {processor.py:186} INFO - Started process (PID=564) to work on /opt/airflow/dags/DevSurveyDag.py
[2025-04-09T14:22:13.391+0000] {processor.py:914} INFO - Processing file /opt/airflow/dags/DevSurveyDag.py for tasks to queue
[2025-04-09T14:22:13.395+0000] {logging_mixin.py:190} INFO - [2025-04-09T14:22:13.394+0000] {dagbag.py:588} INFO - Filling up the DagBag from /opt/airflow/dags/DevSurveyDag.py
[2025-04-09T14:22:13.578+0000] {logging_mixin.py:190} INFO - [2025-04-09T14:22:13.555+0000] {dagbag.py:387} ERROR - Failed to import: /opt/airflow/dags/DevSurveyDag.py
Traceback (most recent call last):
  File "/home/airflow/.local/lib/python3.12/site-packages/airflow/models/dagbag.py", line 383, in parse
    loader.exec_module(new_module)
  File "<frozen importlib._bootstrap_external>", line 999, in exec_module
  File "<frozen importlib._bootstrap>", line 488, in _call_with_frames_removed
  File "/opt/airflow/dags/DevSurveyDag.py", line 4, in <module>
    from tasks_flow import *
  File "/opt/airflow/dags/tasks_flow.py", line 1, in <module>
    from extract.extract_db import extraction_from_db
ImportError: cannot import name 'extraction_from_db' from 'extract.extract_db' (/opt/airflow/plugins/extract/extract_db.py)
[2025-04-09T14:22:13.589+0000] {processor.py:927} WARNING - No viable dags retrieved from /opt/airflow/dags/DevSurveyDag.py
[2025-04-09T14:22:13.662+0000] {processor.py:208} INFO - Processing /opt/airflow/dags/DevSurveyDag.py took 0.294 seconds
[2025-04-09T14:22:46.835+0000] {processor.py:186} INFO - Started process (PID=571) to work on /opt/airflow/dags/DevSurveyDag.py
[2025-04-09T14:22:46.838+0000] {processor.py:914} INFO - Processing file /opt/airflow/dags/DevSurveyDag.py for tasks to queue
[2025-04-09T14:22:46.842+0000] {logging_mixin.py:190} INFO - [2025-04-09T14:22:46.842+0000] {dagbag.py:588} INFO - Filling up the DagBag from /opt/airflow/dags/DevSurveyDag.py
[2025-04-09T14:22:46.937+0000] {logging_mixin.py:190} INFO - [2025-04-09T14:22:46.918+0000] {dagbag.py:387} ERROR - Failed to import: /opt/airflow/dags/DevSurveyDag.py
Traceback (most recent call last):
  File "/home/airflow/.local/lib/python3.12/site-packages/airflow/models/dagbag.py", line 383, in parse
    loader.exec_module(new_module)
  File "<frozen importlib._bootstrap_external>", line 999, in exec_module
  File "<frozen importlib._bootstrap>", line 488, in _call_with_frames_removed
  File "/opt/airflow/dags/DevSurveyDag.py", line 4, in <module>
    from tasks_flow import *
  File "/opt/airflow/dags/tasks_flow.py", line 1, in <module>
    from extract.extract_db import extraction_from_db
ImportError: cannot import name 'extraction_from_db' from 'extract.extract_db' (/opt/airflow/plugins/extract/extract_db.py)
[2025-04-09T14:22:46.942+0000] {processor.py:927} WARNING - No viable dags retrieved from /opt/airflow/dags/DevSurveyDag.py
[2025-04-09T14:22:46.985+0000] {processor.py:208} INFO - Processing /opt/airflow/dags/DevSurveyDag.py took 0.162 seconds
[2025-04-09T14:23:20.120+0000] {processor.py:186} INFO - Started process (PID=578) to work on /opt/airflow/dags/DevSurveyDag.py
[2025-04-09T14:23:20.123+0000] {processor.py:914} INFO - Processing file /opt/airflow/dags/DevSurveyDag.py for tasks to queue
[2025-04-09T14:23:20.127+0000] {logging_mixin.py:190} INFO - [2025-04-09T14:23:20.126+0000] {dagbag.py:588} INFO - Filling up the DagBag from /opt/airflow/dags/DevSurveyDag.py
[2025-04-09T14:23:20.308+0000] {logging_mixin.py:190} INFO - [2025-04-09T14:23:20.266+0000] {dagbag.py:387} ERROR - Failed to import: /opt/airflow/dags/DevSurveyDag.py
Traceback (most recent call last):
  File "/home/airflow/.local/lib/python3.12/site-packages/airflow/models/dagbag.py", line 383, in parse
    loader.exec_module(new_module)
  File "<frozen importlib._bootstrap_external>", line 999, in exec_module
  File "<frozen importlib._bootstrap>", line 488, in _call_with_frames_removed
  File "/opt/airflow/dags/DevSurveyDag.py", line 4, in <module>
    from tasks_flow import *
  File "/opt/airflow/dags/tasks_flow.py", line 1, in <module>
    from extract.extract_db import extraction_from_db
ImportError: cannot import name 'extraction_from_db' from 'extract.extract_db' (/opt/airflow/plugins/extract/extract_db.py)
[2025-04-09T14:23:20.317+0000] {processor.py:927} WARNING - No viable dags retrieved from /opt/airflow/dags/DevSurveyDag.py
[2025-04-09T14:23:20.455+0000] {processor.py:208} INFO - Processing /opt/airflow/dags/DevSurveyDag.py took 0.366 seconds
[2025-04-09T14:23:50.960+0000] {processor.py:186} INFO - Started process (PID=585) to work on /opt/airflow/dags/DevSurveyDag.py
[2025-04-09T14:23:50.962+0000] {processor.py:914} INFO - Processing file /opt/airflow/dags/DevSurveyDag.py for tasks to queue
[2025-04-09T14:23:53.295+0000] {logging_mixin.py:190} INFO - [2025-04-09T14:23:53.295+0000] {dagbag.py:588} INFO - Filling up the DagBag from /opt/airflow/dags/DevSurveyDag.py
[2025-04-09T14:23:53.394+0000] {logging_mixin.py:190} INFO - [2025-04-09T14:23:53.376+0000] {dagbag.py:387} ERROR - Failed to import: /opt/airflow/dags/DevSurveyDag.py
Traceback (most recent call last):
  File "/home/airflow/.local/lib/python3.12/site-packages/airflow/models/dagbag.py", line 383, in parse
    loader.exec_module(new_module)
  File "<frozen importlib._bootstrap_external>", line 999, in exec_module
  File "<frozen importlib._bootstrap>", line 488, in _call_with_frames_removed
  File "/opt/airflow/dags/DevSurveyDag.py", line 4, in <module>
    from tasks_flow import *
  File "/opt/airflow/dags/tasks_flow.py", line 1, in <module>
    from extract.extract_db import extraction_from_db
ImportError: cannot import name 'extraction_from_db' from 'extract.extract_db' (/opt/airflow/plugins/extract/extract_db.py)
[2025-04-09T14:23:53.398+0000] {processor.py:927} WARNING - No viable dags retrieved from /opt/airflow/dags/DevSurveyDag.py
[2025-04-09T14:23:53.422+0000] {processor.py:208} INFO - Processing /opt/airflow/dags/DevSurveyDag.py took 0.137 seconds
[2025-04-09T14:24:27.439+0000] {processor.py:186} INFO - Started process (PID=592) to work on /opt/airflow/dags/DevSurveyDag.py
[2025-04-09T14:24:27.442+0000] {processor.py:914} INFO - Processing file /opt/airflow/dags/DevSurveyDag.py for tasks to queue
[2025-04-09T14:24:27.447+0000] {logging_mixin.py:190} INFO - [2025-04-09T14:24:27.446+0000] {dagbag.py:588} INFO - Filling up the DagBag from /opt/airflow/dags/DevSurveyDag.py
[2025-04-09T14:24:27.640+0000] {logging_mixin.py:190} INFO - [2025-04-09T14:24:27.620+0000] {dagbag.py:387} ERROR - Failed to import: /opt/airflow/dags/DevSurveyDag.py
Traceback (most recent call last):
  File "/home/airflow/.local/lib/python3.12/site-packages/airflow/models/dagbag.py", line 383, in parse
    loader.exec_module(new_module)
  File "<frozen importlib._bootstrap_external>", line 999, in exec_module
  File "<frozen importlib._bootstrap>", line 488, in _call_with_frames_removed
  File "/opt/airflow/dags/DevSurveyDag.py", line 4, in <module>
    from tasks_flow import *
  File "/opt/airflow/dags/tasks_flow.py", line 1, in <module>
    from extract.extract_db import extraction_from_db
ImportError: cannot import name 'extraction_from_db' from 'extract.extract_db' (/opt/airflow/plugins/extract/extract_db.py)
[2025-04-09T14:24:27.646+0000] {processor.py:927} WARNING - No viable dags retrieved from /opt/airflow/dags/DevSurveyDag.py
[2025-04-09T14:24:27.721+0000] {processor.py:208} INFO - Processing /opt/airflow/dags/DevSurveyDag.py took 0.317 seconds
[2025-04-09T14:25:00.649+0000] {processor.py:186} INFO - Started process (PID=599) to work on /opt/airflow/dags/DevSurveyDag.py
[2025-04-09T14:25:00.651+0000] {processor.py:914} INFO - Processing file /opt/airflow/dags/DevSurveyDag.py for tasks to queue
[2025-04-09T14:25:00.654+0000] {logging_mixin.py:190} INFO - [2025-04-09T14:25:00.654+0000] {dagbag.py:588} INFO - Filling up the DagBag from /opt/airflow/dags/DevSurveyDag.py
[2025-04-09T14:25:00.851+0000] {logging_mixin.py:190} INFO - [2025-04-09T14:25:00.832+0000] {dagbag.py:387} ERROR - Failed to import: /opt/airflow/dags/DevSurveyDag.py
Traceback (most recent call last):
  File "/home/airflow/.local/lib/python3.12/site-packages/airflow/models/dagbag.py", line 383, in parse
    loader.exec_module(new_module)
  File "<frozen importlib._bootstrap_external>", line 999, in exec_module
  File "<frozen importlib._bootstrap>", line 488, in _call_with_frames_removed
  File "/opt/airflow/dags/DevSurveyDag.py", line 4, in <module>
    from tasks_flow import *
  File "/opt/airflow/dags/tasks_flow.py", line 1, in <module>
    from extract.extract_db import extraction_from_db
ImportError: cannot import name 'extraction_from_db' from 'extract.extract_db' (/opt/airflow/plugins/extract/extract_db.py)
[2025-04-09T14:25:00.857+0000] {processor.py:927} WARNING - No viable dags retrieved from /opt/airflow/dags/DevSurveyDag.py
[2025-04-09T14:25:00.940+0000] {processor.py:208} INFO - Processing /opt/airflow/dags/DevSurveyDag.py took 0.318 seconds
[2025-04-09T14:25:33.771+0000] {processor.py:186} INFO - Started process (PID=606) to work on /opt/airflow/dags/DevSurveyDag.py
[2025-04-09T14:25:33.777+0000] {processor.py:914} INFO - Processing file /opt/airflow/dags/DevSurveyDag.py for tasks to queue
[2025-04-09T14:25:33.786+0000] {logging_mixin.py:190} INFO - [2025-04-09T14:25:33.784+0000] {dagbag.py:588} INFO - Filling up the DagBag from /opt/airflow/dags/DevSurveyDag.py
[2025-04-09T14:25:34.098+0000] {logging_mixin.py:190} INFO - [2025-04-09T14:25:34.044+0000] {dagbag.py:387} ERROR - Failed to import: /opt/airflow/dags/DevSurveyDag.py
Traceback (most recent call last):
  File "/home/airflow/.local/lib/python3.12/site-packages/airflow/models/dagbag.py", line 383, in parse
    loader.exec_module(new_module)
  File "<frozen importlib._bootstrap_external>", line 999, in exec_module
  File "<frozen importlib._bootstrap>", line 488, in _call_with_frames_removed
  File "/opt/airflow/dags/DevSurveyDag.py", line 4, in <module>
    from tasks_flow import *
  File "/opt/airflow/dags/tasks_flow.py", line 1, in <module>
    from extract.extract_db import extraction_from_db
ImportError: cannot import name 'extraction_from_db' from 'extract.extract_db' (/opt/airflow/plugins/extract/extract_db.py)
[2025-04-09T14:25:34.114+0000] {processor.py:927} WARNING - No viable dags retrieved from /opt/airflow/dags/DevSurveyDag.py
[2025-04-09T14:25:34.194+0000] {processor.py:208} INFO - Processing /opt/airflow/dags/DevSurveyDag.py took 0.468 seconds
[2025-04-09T14:26:07.053+0000] {processor.py:186} INFO - Started process (PID=613) to work on /opt/airflow/dags/DevSurveyDag.py
[2025-04-09T14:26:07.056+0000] {processor.py:914} INFO - Processing file /opt/airflow/dags/DevSurveyDag.py for tasks to queue
[2025-04-09T14:26:07.060+0000] {logging_mixin.py:190} INFO - [2025-04-09T14:26:07.059+0000] {dagbag.py:588} INFO - Filling up the DagBag from /opt/airflow/dags/DevSurveyDag.py
[2025-04-09T14:26:07.230+0000] {logging_mixin.py:190} INFO - [2025-04-09T14:26:07.205+0000] {dagbag.py:387} ERROR - Failed to import: /opt/airflow/dags/DevSurveyDag.py
Traceback (most recent call last):
  File "/home/airflow/.local/lib/python3.12/site-packages/airflow/models/dagbag.py", line 383, in parse
    loader.exec_module(new_module)
  File "<frozen importlib._bootstrap_external>", line 999, in exec_module
  File "<frozen importlib._bootstrap>", line 488, in _call_with_frames_removed
  File "/opt/airflow/dags/DevSurveyDag.py", line 4, in <module>
    from tasks_flow import *
  File "/opt/airflow/dags/tasks_flow.py", line 1, in <module>
    from extract.extract_db import extraction_from_db
ImportError: cannot import name 'extraction_from_db' from 'extract.extract_db' (/opt/airflow/plugins/extract/extract_db.py)
[2025-04-09T14:26:07.242+0000] {processor.py:927} WARNING - No viable dags retrieved from /opt/airflow/dags/DevSurveyDag.py
[2025-04-09T14:26:07.323+0000] {processor.py:208} INFO - Processing /opt/airflow/dags/DevSurveyDag.py took 0.299 seconds
[2025-04-09T14:26:40.251+0000] {processor.py:186} INFO - Started process (PID=619) to work on /opt/airflow/dags/DevSurveyDag.py
[2025-04-09T14:26:40.253+0000] {processor.py:914} INFO - Processing file /opt/airflow/dags/DevSurveyDag.py for tasks to queue
[2025-04-09T14:26:40.256+0000] {logging_mixin.py:190} INFO - [2025-04-09T14:26:40.255+0000] {dagbag.py:588} INFO - Filling up the DagBag from /opt/airflow/dags/DevSurveyDag.py
[2025-04-09T14:26:40.360+0000] {logging_mixin.py:190} INFO - [2025-04-09T14:26:40.343+0000] {dagbag.py:387} ERROR - Failed to import: /opt/airflow/dags/DevSurveyDag.py
Traceback (most recent call last):
  File "/home/airflow/.local/lib/python3.12/site-packages/airflow/models/dagbag.py", line 383, in parse
    loader.exec_module(new_module)
  File "<frozen importlib._bootstrap_external>", line 999, in exec_module
  File "<frozen importlib._bootstrap>", line 488, in _call_with_frames_removed
  File "/opt/airflow/dags/DevSurveyDag.py", line 4, in <module>
    from tasks_flow import *
  File "/opt/airflow/dags/tasks_flow.py", line 1, in <module>
    from extract.extract_db import extraction_from_db
ImportError: cannot import name 'extraction_from_db' from 'extract.extract_db' (/opt/airflow/plugins/extract/extract_db.py)
[2025-04-09T14:26:40.365+0000] {processor.py:927} WARNING - No viable dags retrieved from /opt/airflow/dags/DevSurveyDag.py
[2025-04-09T14:26:40.395+0000] {processor.py:208} INFO - Processing /opt/airflow/dags/DevSurveyDag.py took 0.154 seconds
[2025-04-09T14:27:11.000+0000] {processor.py:186} INFO - Started process (PID=626) to work on /opt/airflow/dags/DevSurveyDag.py
[2025-04-09T14:27:11.002+0000] {processor.py:914} INFO - Processing file /opt/airflow/dags/DevSurveyDag.py for tasks to queue
[2025-04-09T14:27:11.004+0000] {logging_mixin.py:190} INFO - [2025-04-09T14:27:11.004+0000] {dagbag.py:588} INFO - Filling up the DagBag from /opt/airflow/dags/DevSurveyDag.py
[2025-04-09T14:27:13.507+0000] {logging_mixin.py:190} INFO - [2025-04-09T14:27:13.478+0000] {dagbag.py:387} ERROR - Failed to import: /opt/airflow/dags/DevSurveyDag.py
Traceback (most recent call last):
  File "/home/airflow/.local/lib/python3.12/site-packages/airflow/models/dagbag.py", line 383, in parse
    loader.exec_module(new_module)
  File "<frozen importlib._bootstrap_external>", line 999, in exec_module
  File "<frozen importlib._bootstrap>", line 488, in _call_with_frames_removed
  File "/opt/airflow/dags/DevSurveyDag.py", line 4, in <module>
    from tasks_flow import *
  File "/opt/airflow/dags/tasks_flow.py", line 1, in <module>
    from extract.extract_db import extraction_from_db
ImportError: cannot import name 'extraction_from_db' from 'extract.extract_db' (/opt/airflow/plugins/extract/extract_db.py)
[2025-04-09T14:27:13.513+0000] {processor.py:927} WARNING - No viable dags retrieved from /opt/airflow/dags/DevSurveyDag.py
[2025-04-09T14:27:13.572+0000] {processor.py:208} INFO - Processing /opt/airflow/dags/DevSurveyDag.py took 0.260 seconds
[2025-04-09T14:27:44.228+0000] {processor.py:186} INFO - Started process (PID=633) to work on /opt/airflow/dags/DevSurveyDag.py
[2025-04-09T14:27:44.231+0000] {processor.py:914} INFO - Processing file /opt/airflow/dags/DevSurveyDag.py for tasks to queue
[2025-04-09T14:27:44.235+0000] {logging_mixin.py:190} INFO - [2025-04-09T14:27:44.234+0000] {dagbag.py:588} INFO - Filling up the DagBag from /opt/airflow/dags/DevSurveyDag.py
[2025-04-09T14:27:44.323+0000] {logging_mixin.py:190} INFO - [2025-04-09T14:27:44.307+0000] {dagbag.py:387} ERROR - Failed to import: /opt/airflow/dags/DevSurveyDag.py
Traceback (most recent call last):
  File "/home/airflow/.local/lib/python3.12/site-packages/airflow/models/dagbag.py", line 383, in parse
    loader.exec_module(new_module)
  File "<frozen importlib._bootstrap_external>", line 999, in exec_module
  File "<frozen importlib._bootstrap>", line 488, in _call_with_frames_removed
  File "/opt/airflow/dags/DevSurveyDag.py", line 4, in <module>
    from tasks_flow import *
  File "/opt/airflow/dags/tasks_flow.py", line 1, in <module>
    from extract.extract_db import extraction_from_db
ImportError: cannot import name 'extraction_from_db' from 'extract.extract_db' (/opt/airflow/plugins/extract/extract_db.py)
[2025-04-09T14:27:44.328+0000] {processor.py:927} WARNING - No viable dags retrieved from /opt/airflow/dags/DevSurveyDag.py
[2025-04-09T14:27:46.711+0000] {processor.py:208} INFO - Processing /opt/airflow/dags/DevSurveyDag.py took 0.154 seconds
[2025-04-09T14:28:20.470+0000] {processor.py:186} INFO - Started process (PID=640) to work on /opt/airflow/dags/DevSurveyDag.py
[2025-04-09T14:28:20.474+0000] {processor.py:914} INFO - Processing file /opt/airflow/dags/DevSurveyDag.py for tasks to queue
[2025-04-09T14:28:20.483+0000] {logging_mixin.py:190} INFO - [2025-04-09T14:28:20.482+0000] {dagbag.py:588} INFO - Filling up the DagBag from /opt/airflow/dags/DevSurveyDag.py
[2025-04-09T14:28:20.671+0000] {logging_mixin.py:190} INFO - [2025-04-09T14:28:20.642+0000] {dagbag.py:387} ERROR - Failed to import: /opt/airflow/dags/DevSurveyDag.py
Traceback (most recent call last):
  File "/home/airflow/.local/lib/python3.12/site-packages/airflow/models/dagbag.py", line 383, in parse
    loader.exec_module(new_module)
  File "<frozen importlib._bootstrap_external>", line 999, in exec_module
  File "<frozen importlib._bootstrap>", line 488, in _call_with_frames_removed
  File "/opt/airflow/dags/DevSurveyDag.py", line 4, in <module>
    from tasks_flow import *
  File "/opt/airflow/dags/tasks_flow.py", line 1, in <module>
    from extract.extract_db import extraction_from_db
ImportError: cannot import name 'extraction_from_db' from 'extract.extract_db' (/opt/airflow/plugins/extract/extract_db.py)
[2025-04-09T14:28:20.679+0000] {processor.py:927} WARNING - No viable dags retrieved from /opt/airflow/dags/DevSurveyDag.py
[2025-04-09T14:28:20.749+0000] {processor.py:208} INFO - Processing /opt/airflow/dags/DevSurveyDag.py took 0.291 seconds
[2025-04-09T14:28:53.794+0000] {processor.py:186} INFO - Started process (PID=647) to work on /opt/airflow/dags/DevSurveyDag.py
[2025-04-09T14:28:53.796+0000] {processor.py:914} INFO - Processing file /opt/airflow/dags/DevSurveyDag.py for tasks to queue
[2025-04-09T14:28:53.799+0000] {logging_mixin.py:190} INFO - [2025-04-09T14:28:53.798+0000] {dagbag.py:588} INFO - Filling up the DagBag from /opt/airflow/dags/DevSurveyDag.py
[2025-04-09T14:28:53.918+0000] {logging_mixin.py:190} INFO - [2025-04-09T14:28:53.901+0000] {dagbag.py:387} ERROR - Failed to import: /opt/airflow/dags/DevSurveyDag.py
Traceback (most recent call last):
  File "/home/airflow/.local/lib/python3.12/site-packages/airflow/models/dagbag.py", line 383, in parse
    loader.exec_module(new_module)
  File "<frozen importlib._bootstrap_external>", line 999, in exec_module
  File "<frozen importlib._bootstrap>", line 488, in _call_with_frames_removed
  File "/opt/airflow/dags/DevSurveyDag.py", line 4, in <module>
    from tasks_flow import *
  File "/opt/airflow/dags/tasks_flow.py", line 1, in <module>
    from extract.extract_db import extraction_from_db
ImportError: cannot import name 'extraction_from_db' from 'extract.extract_db' (/opt/airflow/plugins/extract/extract_db.py)
[2025-04-09T14:28:53.922+0000] {processor.py:927} WARNING - No viable dags retrieved from /opt/airflow/dags/DevSurveyDag.py
[2025-04-09T14:28:53.963+0000] {processor.py:208} INFO - Processing /opt/airflow/dags/DevSurveyDag.py took 0.178 seconds
[2025-04-09T14:29:26.832+0000] {processor.py:186} INFO - Started process (PID=654) to work on /opt/airflow/dags/DevSurveyDag.py
[2025-04-09T14:29:26.834+0000] {processor.py:914} INFO - Processing file /opt/airflow/dags/DevSurveyDag.py for tasks to queue
[2025-04-09T14:29:26.837+0000] {logging_mixin.py:190} INFO - [2025-04-09T14:29:26.836+0000] {dagbag.py:588} INFO - Filling up the DagBag from /opt/airflow/dags/DevSurveyDag.py
[2025-04-09T14:29:26.986+0000] {logging_mixin.py:190} INFO - [2025-04-09T14:29:26.960+0000] {dagbag.py:387} ERROR - Failed to import: /opt/airflow/dags/DevSurveyDag.py
Traceback (most recent call last):
  File "/home/airflow/.local/lib/python3.12/site-packages/airflow/models/dagbag.py", line 383, in parse
    loader.exec_module(new_module)
  File "<frozen importlib._bootstrap_external>", line 999, in exec_module
  File "<frozen importlib._bootstrap>", line 488, in _call_with_frames_removed
  File "/opt/airflow/dags/DevSurveyDag.py", line 4, in <module>
    from tasks_flow import *
  File "/opt/airflow/dags/tasks_flow.py", line 1, in <module>
    from extract.extract_db import extraction_from_db
ImportError: cannot import name 'extraction_from_db' from 'extract.extract_db' (/opt/airflow/plugins/extract/extract_db.py)
[2025-04-09T14:29:26.993+0000] {processor.py:927} WARNING - No viable dags retrieved from /opt/airflow/dags/DevSurveyDag.py
[2025-04-09T14:29:27.052+0000] {processor.py:208} INFO - Processing /opt/airflow/dags/DevSurveyDag.py took 0.231 seconds
[2025-04-09T14:30:00.168+0000] {processor.py:186} INFO - Started process (PID=661) to work on /opt/airflow/dags/DevSurveyDag.py
[2025-04-09T14:30:00.170+0000] {processor.py:914} INFO - Processing file /opt/airflow/dags/DevSurveyDag.py for tasks to queue
[2025-04-09T14:30:00.175+0000] {logging_mixin.py:190} INFO - [2025-04-09T14:30:00.174+0000] {dagbag.py:588} INFO - Filling up the DagBag from /opt/airflow/dags/DevSurveyDag.py
[2025-04-09T14:30:00.351+0000] {logging_mixin.py:190} INFO - [2025-04-09T14:30:00.313+0000] {dagbag.py:387} ERROR - Failed to import: /opt/airflow/dags/DevSurveyDag.py
Traceback (most recent call last):
  File "/home/airflow/.local/lib/python3.12/site-packages/airflow/models/dagbag.py", line 383, in parse
    loader.exec_module(new_module)
  File "<frozen importlib._bootstrap_external>", line 999, in exec_module
  File "<frozen importlib._bootstrap>", line 488, in _call_with_frames_removed
  File "/opt/airflow/dags/DevSurveyDag.py", line 4, in <module>
    from tasks_flow import *
  File "/opt/airflow/dags/tasks_flow.py", line 1, in <module>
    from extract.extract_db import extraction_from_db
ImportError: cannot import name 'extraction_from_db' from 'extract.extract_db' (/opt/airflow/plugins/extract/extract_db.py)
[2025-04-09T14:30:00.366+0000] {processor.py:927} WARNING - No viable dags retrieved from /opt/airflow/dags/DevSurveyDag.py
[2025-04-09T14:30:00.460+0000] {processor.py:208} INFO - Processing /opt/airflow/dags/DevSurveyDag.py took 0.310 seconds
[2025-04-09T14:30:33.477+0000] {processor.py:186} INFO - Started process (PID=668) to work on /opt/airflow/dags/DevSurveyDag.py
[2025-04-09T14:30:33.480+0000] {processor.py:914} INFO - Processing file /opt/airflow/dags/DevSurveyDag.py for tasks to queue
[2025-04-09T14:30:33.484+0000] {logging_mixin.py:190} INFO - [2025-04-09T14:30:33.484+0000] {dagbag.py:588} INFO - Filling up the DagBag from /opt/airflow/dags/DevSurveyDag.py
[2025-04-09T14:30:33.643+0000] {logging_mixin.py:190} INFO - [2025-04-09T14:30:33.601+0000] {dagbag.py:387} ERROR - Failed to import: /opt/airflow/dags/DevSurveyDag.py
Traceback (most recent call last):
  File "/home/airflow/.local/lib/python3.12/site-packages/airflow/models/dagbag.py", line 383, in parse
    loader.exec_module(new_module)
  File "<frozen importlib._bootstrap_external>", line 999, in exec_module
  File "<frozen importlib._bootstrap>", line 488, in _call_with_frames_removed
  File "/opt/airflow/dags/DevSurveyDag.py", line 4, in <module>
    from tasks_flow import *
  File "/opt/airflow/dags/tasks_flow.py", line 1, in <module>
    from extract.extract_db import extraction_from_db
ImportError: cannot import name 'extraction_from_db' from 'extract.extract_db' (/opt/airflow/plugins/extract/extract_db.py)
[2025-04-09T14:30:33.656+0000] {processor.py:927} WARNING - No viable dags retrieved from /opt/airflow/dags/DevSurveyDag.py
[2025-04-09T14:30:33.750+0000] {processor.py:208} INFO - Processing /opt/airflow/dags/DevSurveyDag.py took 0.301 seconds
[2025-04-09T14:31:04.317+0000] {processor.py:186} INFO - Started process (PID=675) to work on /opt/airflow/dags/DevSurveyDag.py
[2025-04-09T14:31:04.319+0000] {processor.py:914} INFO - Processing file /opt/airflow/dags/DevSurveyDag.py for tasks to queue
[2025-04-09T14:31:04.320+0000] {logging_mixin.py:190} INFO - [2025-04-09T14:31:04.320+0000] {dagbag.py:588} INFO - Filling up the DagBag from /opt/airflow/dags/DevSurveyDag.py
[2025-04-09T14:31:04.417+0000] {logging_mixin.py:190} INFO - [2025-04-09T14:31:04.407+0000] {dagbag.py:387} ERROR - Failed to import: /opt/airflow/dags/DevSurveyDag.py
Traceback (most recent call last):
  File "/home/airflow/.local/lib/python3.12/site-packages/airflow/models/dagbag.py", line 383, in parse
    loader.exec_module(new_module)
  File "<frozen importlib._bootstrap_external>", line 999, in exec_module
  File "<frozen importlib._bootstrap>", line 488, in _call_with_frames_removed
  File "/opt/airflow/dags/DevSurveyDag.py", line 4, in <module>
    from tasks_flow import *
  File "/opt/airflow/dags/tasks_flow.py", line 1, in <module>
    from extract.extract_db import extraction_from_db
ImportError: cannot import name 'extraction_from_db' from 'extract.extract_db' (/opt/airflow/plugins/extract/extract_db.py)
[2025-04-09T14:31:04.421+0000] {processor.py:927} WARNING - No viable dags retrieved from /opt/airflow/dags/DevSurveyDag.py
[2025-04-09T14:31:04.453+0000] {processor.py:208} INFO - Processing /opt/airflow/dags/DevSurveyDag.py took 0.143 seconds
[2025-04-09T14:31:35.193+0000] {processor.py:186} INFO - Started process (PID=681) to work on /opt/airflow/dags/DevSurveyDag.py
[2025-04-09T14:31:35.201+0000] {processor.py:914} INFO - Processing file /opt/airflow/dags/DevSurveyDag.py for tasks to queue
[2025-04-09T14:31:35.206+0000] {logging_mixin.py:190} INFO - [2025-04-09T14:31:35.206+0000] {dagbag.py:588} INFO - Filling up the DagBag from /opt/airflow/dags/DevSurveyDag.py
[2025-04-09T14:31:35.465+0000] {logging_mixin.py:190} INFO - [2025-04-09T14:31:35.427+0000] {dagbag.py:387} ERROR - Failed to import: /opt/airflow/dags/DevSurveyDag.py
Traceback (most recent call last):
  File "/home/airflow/.local/lib/python3.12/site-packages/airflow/models/dagbag.py", line 383, in parse
    loader.exec_module(new_module)
  File "<frozen importlib._bootstrap_external>", line 999, in exec_module
  File "<frozen importlib._bootstrap>", line 488, in _call_with_frames_removed
  File "/opt/airflow/dags/DevSurveyDag.py", line 4, in <module>
    from tasks_flow import *
  File "/opt/airflow/dags/tasks_flow.py", line 1, in <module>
    from extract.extract_db import extraction_from_db
ImportError: cannot import name 'extraction_from_db' from 'extract.extract_db' (/opt/airflow/plugins/extract/extract_db.py)
[2025-04-09T14:31:35.476+0000] {processor.py:927} WARNING - No viable dags retrieved from /opt/airflow/dags/DevSurveyDag.py
[2025-04-09T14:31:35.569+0000] {processor.py:208} INFO - Processing /opt/airflow/dags/DevSurveyDag.py took 0.384 seconds
[2025-04-09T14:32:06.359+0000] {processor.py:186} INFO - Started process (PID=688) to work on /opt/airflow/dags/DevSurveyDag.py
[2025-04-09T14:32:06.363+0000] {processor.py:914} INFO - Processing file /opt/airflow/dags/DevSurveyDag.py for tasks to queue
[2025-04-09T14:32:06.369+0000] {logging_mixin.py:190} INFO - [2025-04-09T14:32:06.368+0000] {dagbag.py:588} INFO - Filling up the DagBag from /opt/airflow/dags/DevSurveyDag.py
[2025-04-09T14:32:06.729+0000] {logging_mixin.py:190} INFO - [2025-04-09T14:32:06.657+0000] {dagbag.py:387} ERROR - Failed to import: /opt/airflow/dags/DevSurveyDag.py
Traceback (most recent call last):
  File "/home/airflow/.local/lib/python3.12/site-packages/airflow/models/dagbag.py", line 383, in parse
    loader.exec_module(new_module)
  File "<frozen importlib._bootstrap_external>", line 999, in exec_module
  File "<frozen importlib._bootstrap>", line 488, in _call_with_frames_removed
  File "/opt/airflow/dags/DevSurveyDag.py", line 4, in <module>
    from tasks_flow import *
  File "/opt/airflow/dags/tasks_flow.py", line 1, in <module>
    from extract.extract_db import extraction_from_db
ImportError: cannot import name 'extraction_from_db' from 'extract.extract_db' (/opt/airflow/plugins/extract/extract_db.py)
[2025-04-09T14:32:06.744+0000] {processor.py:927} WARNING - No viable dags retrieved from /opt/airflow/dags/DevSurveyDag.py
[2025-04-09T14:32:06.803+0000] {processor.py:208} INFO - Processing /opt/airflow/dags/DevSurveyDag.py took 0.469 seconds
[2025-04-09T14:32:37.362+0000] {processor.py:186} INFO - Started process (PID=689) to work on /opt/airflow/dags/DevSurveyDag.py
[2025-04-09T14:32:37.364+0000] {processor.py:914} INFO - Processing file /opt/airflow/dags/DevSurveyDag.py for tasks to queue
[2025-04-09T14:32:37.366+0000] {logging_mixin.py:190} INFO - [2025-04-09T14:32:37.366+0000] {dagbag.py:588} INFO - Filling up the DagBag from /opt/airflow/dags/DevSurveyDag.py
[2025-04-09T14:32:37.497+0000] {logging_mixin.py:190} INFO - [2025-04-09T14:32:37.474+0000] {dagbag.py:387} ERROR - Failed to import: /opt/airflow/dags/DevSurveyDag.py
Traceback (most recent call last):
  File "/home/airflow/.local/lib/python3.12/site-packages/airflow/models/dagbag.py", line 383, in parse
    loader.exec_module(new_module)
  File "<frozen importlib._bootstrap_external>", line 999, in exec_module
  File "<frozen importlib._bootstrap>", line 488, in _call_with_frames_removed
  File "/opt/airflow/dags/DevSurveyDag.py", line 4, in <module>
    from tasks_flow import *
  File "/opt/airflow/dags/tasks_flow.py", line 1, in <module>
    from extract.extract_db import extraction_from_db
ImportError: cannot import name 'extraction_from_db' from 'extract.extract_db' (/opt/airflow/plugins/extract/extract_db.py)
[2025-04-09T14:32:37.505+0000] {processor.py:927} WARNING - No viable dags retrieved from /opt/airflow/dags/DevSurveyDag.py
[2025-04-09T14:32:37.538+0000] {processor.py:208} INFO - Processing /opt/airflow/dags/DevSurveyDag.py took 0.185 seconds
[2025-04-09T14:33:08.281+0000] {processor.py:186} INFO - Started process (PID=696) to work on /opt/airflow/dags/DevSurveyDag.py
[2025-04-09T14:33:08.284+0000] {processor.py:914} INFO - Processing file /opt/airflow/dags/DevSurveyDag.py for tasks to queue
[2025-04-09T14:33:08.288+0000] {logging_mixin.py:190} INFO - [2025-04-09T14:33:08.287+0000] {dagbag.py:588} INFO - Filling up the DagBag from /opt/airflow/dags/DevSurveyDag.py
[2025-04-09T14:33:08.589+0000] {logging_mixin.py:190} INFO - [2025-04-09T14:33:08.544+0000] {dagbag.py:387} ERROR - Failed to import: /opt/airflow/dags/DevSurveyDag.py
Traceback (most recent call last):
  File "/home/airflow/.local/lib/python3.12/site-packages/airflow/models/dagbag.py", line 383, in parse
    loader.exec_module(new_module)
  File "<frozen importlib._bootstrap_external>", line 999, in exec_module
  File "<frozen importlib._bootstrap>", line 488, in _call_with_frames_removed
  File "/opt/airflow/dags/DevSurveyDag.py", line 4, in <module>
    from tasks_flow import *
  File "/opt/airflow/dags/tasks_flow.py", line 1, in <module>
    from extract.extract_db import extraction_from_db
ImportError: cannot import name 'extraction_from_db' from 'extract.extract_db' (/opt/airflow/plugins/extract/extract_db.py)
[2025-04-09T14:33:08.601+0000] {processor.py:927} WARNING - No viable dags retrieved from /opt/airflow/dags/DevSurveyDag.py
[2025-04-09T14:33:08.642+0000] {processor.py:208} INFO - Processing /opt/airflow/dags/DevSurveyDag.py took 0.391 seconds
[2025-04-09T14:33:38.829+0000] {processor.py:186} INFO - Started process (PID=703) to work on /opt/airflow/dags/DevSurveyDag.py
[2025-04-09T14:33:38.832+0000] {processor.py:914} INFO - Processing file /opt/airflow/dags/DevSurveyDag.py for tasks to queue
[2025-04-09T14:33:38.836+0000] {logging_mixin.py:190} INFO - [2025-04-09T14:33:38.835+0000] {dagbag.py:588} INFO - Filling up the DagBag from /opt/airflow/dags/DevSurveyDag.py
[2025-04-09T14:33:39.095+0000] {logging_mixin.py:190} INFO - [2025-04-09T14:33:39.061+0000] {dagbag.py:387} ERROR - Failed to import: /opt/airflow/dags/DevSurveyDag.py
Traceback (most recent call last):
  File "/home/airflow/.local/lib/python3.12/site-packages/airflow/models/dagbag.py", line 383, in parse
    loader.exec_module(new_module)
  File "<frozen importlib._bootstrap_external>", line 999, in exec_module
  File "<frozen importlib._bootstrap>", line 488, in _call_with_frames_removed
  File "/opt/airflow/dags/DevSurveyDag.py", line 4, in <module>
    from tasks_flow import *
  File "/opt/airflow/dags/tasks_flow.py", line 1, in <module>
    from extract.extract_db import extraction_from_db
ImportError: cannot import name 'extraction_from_db' from 'extract.extract_db' (/opt/airflow/plugins/extract/extract_db.py)
[2025-04-09T14:33:39.109+0000] {processor.py:927} WARNING - No viable dags retrieved from /opt/airflow/dags/DevSurveyDag.py
[2025-04-09T14:33:39.211+0000] {processor.py:208} INFO - Processing /opt/airflow/dags/DevSurveyDag.py took 0.416 seconds
[2025-04-09T14:34:09.697+0000] {processor.py:186} INFO - Started process (PID=711) to work on /opt/airflow/dags/DevSurveyDag.py
[2025-04-09T14:34:09.699+0000] {processor.py:914} INFO - Processing file /opt/airflow/dags/DevSurveyDag.py for tasks to queue
[2025-04-09T14:34:09.701+0000] {logging_mixin.py:190} INFO - [2025-04-09T14:34:09.700+0000] {dagbag.py:588} INFO - Filling up the DagBag from /opt/airflow/dags/DevSurveyDag.py
[2025-04-09T14:34:09.831+0000] {logging_mixin.py:190} INFO - [2025-04-09T14:34:09.810+0000] {dagbag.py:387} ERROR - Failed to import: /opt/airflow/dags/DevSurveyDag.py
Traceback (most recent call last):
  File "/home/airflow/.local/lib/python3.12/site-packages/airflow/models/dagbag.py", line 383, in parse
    loader.exec_module(new_module)
  File "<frozen importlib._bootstrap_external>", line 999, in exec_module
  File "<frozen importlib._bootstrap>", line 488, in _call_with_frames_removed
  File "/opt/airflow/dags/DevSurveyDag.py", line 4, in <module>
    from tasks_flow import *
  File "/opt/airflow/dags/tasks_flow.py", line 1, in <module>
    from extract.extract_db import extraction_from_db
ImportError: cannot import name 'extraction_from_db' from 'extract.extract_db' (/opt/airflow/plugins/extract/extract_db.py)
[2025-04-09T14:34:09.838+0000] {processor.py:927} WARNING - No viable dags retrieved from /opt/airflow/dags/DevSurveyDag.py
[2025-04-09T14:34:09.864+0000] {processor.py:208} INFO - Processing /opt/airflow/dags/DevSurveyDag.py took 0.179 seconds
[2025-04-09T14:34:40.498+0000] {processor.py:186} INFO - Started process (PID=718) to work on /opt/airflow/dags/DevSurveyDag.py
[2025-04-09T14:34:40.501+0000] {processor.py:914} INFO - Processing file /opt/airflow/dags/DevSurveyDag.py for tasks to queue
[2025-04-09T14:34:40.505+0000] {logging_mixin.py:190} INFO - [2025-04-09T14:34:40.504+0000] {dagbag.py:588} INFO - Filling up the DagBag from /opt/airflow/dags/DevSurveyDag.py
[2025-04-09T14:34:40.661+0000] {logging_mixin.py:190} INFO - [2025-04-09T14:34:40.619+0000] {dagbag.py:387} ERROR - Failed to import: /opt/airflow/dags/DevSurveyDag.py
Traceback (most recent call last):
  File "/home/airflow/.local/lib/python3.12/site-packages/airflow/models/dagbag.py", line 383, in parse
    loader.exec_module(new_module)
  File "<frozen importlib._bootstrap_external>", line 999, in exec_module
  File "<frozen importlib._bootstrap>", line 488, in _call_with_frames_removed
  File "/opt/airflow/dags/DevSurveyDag.py", line 4, in <module>
    from tasks_flow import *
  File "/opt/airflow/dags/tasks_flow.py", line 1, in <module>
    from extract.extract_db import extraction_from_db
ImportError: cannot import name 'extraction_from_db' from 'extract.extract_db' (/opt/airflow/plugins/extract/extract_db.py)
[2025-04-09T14:34:40.671+0000] {processor.py:927} WARNING - No viable dags retrieved from /opt/airflow/dags/DevSurveyDag.py
[2025-04-09T14:34:40.717+0000] {processor.py:208} INFO - Processing /opt/airflow/dags/DevSurveyDag.py took 0.230 seconds
[2025-04-09T18:44:57.828+0000] {processor.py:186} INFO - Started process (PID=78) to work on /opt/airflow/dags/DevSurveyDag.py
[2025-04-09T18:44:57.833+0000] {processor.py:914} INFO - Processing file /opt/airflow/dags/DevSurveyDag.py for tasks to queue
[2025-04-09T18:44:57.840+0000] {logging_mixin.py:190} INFO - [2025-04-09T18:44:57.839+0000] {dagbag.py:588} INFO - Filling up the DagBag from /opt/airflow/dags/DevSurveyDag.py
[2025-04-09T18:44:57.893+0000] {logging_mixin.py:190} INFO - [2025-04-09T18:44:57.886+0000] {dagbag.py:387} ERROR - Failed to import: /opt/airflow/dags/DevSurveyDag.py
Traceback (most recent call last):
  File "/home/airflow/.local/lib/python3.12/site-packages/airflow/models/dagbag.py", line 383, in parse
    loader.exec_module(new_module)
  File "<frozen importlib._bootstrap_external>", line 999, in exec_module
  File "<frozen importlib._bootstrap>", line 488, in _call_with_frames_removed
  File "/opt/airflow/dags/DevSurveyDag.py", line 4, in <module>
    from tasks_flow import *
  File "/opt/airflow/dags/tasks_flow.py", line 1, in <module>
    from extract.extract_db import extraction_from_db
ImportError: cannot import name 'extraction_from_db' from 'extract.extract_db' (/opt/airflow/plugins/extract/extract_db.py)
[2025-04-09T18:44:57.895+0000] {processor.py:927} WARNING - No viable dags retrieved from /opt/airflow/dags/DevSurveyDag.py
[2025-04-09T18:44:57.924+0000] {processor.py:208} INFO - Processing /opt/airflow/dags/DevSurveyDag.py took 0.111 seconds
[2025-04-09T18:45:28.281+0000] {processor.py:186} INFO - Started process (PID=85) to work on /opt/airflow/dags/DevSurveyDag.py
[2025-04-09T18:45:28.282+0000] {processor.py:914} INFO - Processing file /opt/airflow/dags/DevSurveyDag.py for tasks to queue
[2025-04-09T18:45:28.285+0000] {logging_mixin.py:190} INFO - [2025-04-09T18:45:28.284+0000] {dagbag.py:588} INFO - Filling up the DagBag from /opt/airflow/dags/DevSurveyDag.py
[2025-04-09T18:45:28.300+0000] {logging_mixin.py:190} INFO - [2025-04-09T18:45:28.297+0000] {dagbag.py:387} ERROR - Failed to import: /opt/airflow/dags/DevSurveyDag.py
Traceback (most recent call last):
  File "/home/airflow/.local/lib/python3.12/site-packages/airflow/models/dagbag.py", line 383, in parse
    loader.exec_module(new_module)
  File "<frozen importlib._bootstrap_external>", line 999, in exec_module
  File "<frozen importlib._bootstrap>", line 488, in _call_with_frames_removed
  File "/opt/airflow/dags/DevSurveyDag.py", line 4, in <module>
    from tasks_flow import *
  File "/opt/airflow/dags/tasks_flow.py", line 1, in <module>
    from extract.extract_db import extraction_from_db
ImportError: cannot import name 'extraction_from_db' from 'extract.extract_db' (/opt/airflow/plugins/extract/extract_db.py)
[2025-04-09T18:45:28.301+0000] {processor.py:927} WARNING - No viable dags retrieved from /opt/airflow/dags/DevSurveyDag.py
[2025-04-09T18:45:28.318+0000] {processor.py:208} INFO - Processing /opt/airflow/dags/DevSurveyDag.py took 0.043 seconds
[2025-04-09T18:45:59.358+0000] {processor.py:186} INFO - Started process (PID=92) to work on /opt/airflow/dags/DevSurveyDag.py
[2025-04-09T18:45:59.359+0000] {processor.py:914} INFO - Processing file /opt/airflow/dags/DevSurveyDag.py for tasks to queue
[2025-04-09T18:45:59.362+0000] {logging_mixin.py:190} INFO - [2025-04-09T18:45:59.362+0000] {dagbag.py:588} INFO - Filling up the DagBag from /opt/airflow/dags/DevSurveyDag.py
[2025-04-09T18:45:59.376+0000] {logging_mixin.py:190} INFO - [2025-04-09T18:45:59.373+0000] {dagbag.py:387} ERROR - Failed to import: /opt/airflow/dags/DevSurveyDag.py
Traceback (most recent call last):
  File "/home/airflow/.local/lib/python3.12/site-packages/airflow/models/dagbag.py", line 383, in parse
    loader.exec_module(new_module)
  File "<frozen importlib._bootstrap_external>", line 999, in exec_module
  File "<frozen importlib._bootstrap>", line 488, in _call_with_frames_removed
  File "/opt/airflow/dags/DevSurveyDag.py", line 4, in <module>
    from tasks_flow import *
  File "/opt/airflow/dags/tasks_flow.py", line 1, in <module>
    from extract.extract_db import extraction_from_db
ImportError: cannot import name 'extraction_from_db' from 'extract.extract_db' (/opt/airflow/plugins/extract/extract_db.py)
[2025-04-09T18:45:59.377+0000] {processor.py:927} WARNING - No viable dags retrieved from /opt/airflow/dags/DevSurveyDag.py
[2025-04-09T18:45:59.394+0000] {processor.py:208} INFO - Processing /opt/airflow/dags/DevSurveyDag.py took 0.041 seconds
[2025-04-09T18:46:30.366+0000] {processor.py:186} INFO - Started process (PID=99) to work on /opt/airflow/dags/DevSurveyDag.py
[2025-04-09T18:46:30.367+0000] {processor.py:914} INFO - Processing file /opt/airflow/dags/DevSurveyDag.py for tasks to queue
[2025-04-09T18:46:30.370+0000] {logging_mixin.py:190} INFO - [2025-04-09T18:46:30.369+0000] {dagbag.py:588} INFO - Filling up the DagBag from /opt/airflow/dags/DevSurveyDag.py
[2025-04-09T18:46:30.417+0000] {processor.py:925} INFO - DAG(s) 'dev_survey_dag' retrieved from /opt/airflow/dags/DevSurveyDag.py
[2025-04-09T18:46:30.648+0000] {logging_mixin.py:190} INFO - [2025-04-09T18:46:30.648+0000] {dag.py:3239} INFO - Sync 1 DAGs
[2025-04-09T18:46:30.675+0000] {logging_mixin.py:190} INFO - [2025-04-09T18:46:30.675+0000] {dag.py:4180} INFO - Setting next_dagrun for dev_survey_dag to 2025-04-08 00:00:00+00:00, run_after=2025-04-09 00:00:00+00:00
[2025-04-09T18:46:30.697+0000] {processor.py:208} INFO - Processing /opt/airflow/dags/DevSurveyDag.py took 0.335 seconds
[2025-04-09T18:47:01.420+0000] {processor.py:186} INFO - Started process (PID=106) to work on /opt/airflow/dags/DevSurveyDag.py
[2025-04-09T18:47:01.421+0000] {processor.py:914} INFO - Processing file /opt/airflow/dags/DevSurveyDag.py for tasks to queue
[2025-04-09T18:47:01.424+0000] {logging_mixin.py:190} INFO - [2025-04-09T18:47:01.424+0000] {dagbag.py:588} INFO - Filling up the DagBag from /opt/airflow/dags/DevSurveyDag.py
[2025-04-09T18:47:01.483+0000] {processor.py:925} INFO - DAG(s) 'dev_survey_dag' retrieved from /opt/airflow/dags/DevSurveyDag.py
[2025-04-09T18:47:01.503+0000] {logging_mixin.py:190} INFO - [2025-04-09T18:47:01.503+0000] {dag.py:3239} INFO - Sync 1 DAGs
[2025-04-09T18:47:01.520+0000] {logging_mixin.py:190} INFO - [2025-04-09T18:47:01.520+0000] {dag.py:4180} INFO - Setting next_dagrun for dev_survey_dag to 2025-04-08 00:00:00+00:00, run_after=2025-04-09 00:00:00+00:00
[2025-04-09T18:47:01.533+0000] {processor.py:208} INFO - Processing /opt/airflow/dags/DevSurveyDag.py took 0.121 seconds
[2025-04-09T18:47:32.447+0000] {processor.py:186} INFO - Started process (PID=113) to work on /opt/airflow/dags/DevSurveyDag.py
[2025-04-09T18:47:32.448+0000] {processor.py:914} INFO - Processing file /opt/airflow/dags/DevSurveyDag.py for tasks to queue
[2025-04-09T18:47:32.450+0000] {logging_mixin.py:190} INFO - [2025-04-09T18:47:32.449+0000] {dagbag.py:588} INFO - Filling up the DagBag from /opt/airflow/dags/DevSurveyDag.py
[2025-04-09T18:47:32.476+0000] {processor.py:925} INFO - DAG(s) 'dev_survey_dag' retrieved from /opt/airflow/dags/DevSurveyDag.py
[2025-04-09T18:47:32.497+0000] {logging_mixin.py:190} INFO - [2025-04-09T18:47:32.497+0000] {dag.py:3239} INFO - Sync 1 DAGs
[2025-04-09T18:47:32.519+0000] {logging_mixin.py:190} INFO - [2025-04-09T18:47:32.519+0000] {dag.py:4180} INFO - Setting next_dagrun for dev_survey_dag to 2025-04-08 00:00:00+00:00, run_after=2025-04-09 00:00:00+00:00
[2025-04-09T18:47:32.535+0000] {processor.py:208} INFO - Processing /opt/airflow/dags/DevSurveyDag.py took 0.093 seconds
[2025-04-09T18:48:03.510+0000] {processor.py:186} INFO - Started process (PID=120) to work on /opt/airflow/dags/DevSurveyDag.py
[2025-04-09T18:48:03.512+0000] {processor.py:914} INFO - Processing file /opt/airflow/dags/DevSurveyDag.py for tasks to queue
[2025-04-09T18:48:03.515+0000] {logging_mixin.py:190} INFO - [2025-04-09T18:48:03.514+0000] {dagbag.py:588} INFO - Filling up the DagBag from /opt/airflow/dags/DevSurveyDag.py
[2025-04-09T18:48:03.624+0000] {processor.py:925} INFO - DAG(s) 'dev_survey_dag' retrieved from /opt/airflow/dags/DevSurveyDag.py
[2025-04-09T18:48:03.660+0000] {logging_mixin.py:190} INFO - [2025-04-09T18:48:03.660+0000] {dag.py:3239} INFO - Sync 1 DAGs
[2025-04-09T18:48:03.702+0000] {logging_mixin.py:190} INFO - [2025-04-09T18:48:03.702+0000] {dag.py:4180} INFO - Setting next_dagrun for dev_survey_dag to 2025-04-08 00:00:00+00:00, run_after=2025-04-09 00:00:00+00:00
[2025-04-09T18:48:03.734+0000] {processor.py:208} INFO - Processing /opt/airflow/dags/DevSurveyDag.py took 0.231 seconds
[2025-04-09T18:48:33.795+0000] {processor.py:186} INFO - Started process (PID=127) to work on /opt/airflow/dags/DevSurveyDag.py
[2025-04-09T18:48:33.796+0000] {processor.py:914} INFO - Processing file /opt/airflow/dags/DevSurveyDag.py for tasks to queue
[2025-04-09T18:48:33.799+0000] {logging_mixin.py:190} INFO - [2025-04-09T18:48:33.799+0000] {dagbag.py:588} INFO - Filling up the DagBag from /opt/airflow/dags/DevSurveyDag.py
[2025-04-09T18:48:33.854+0000] {processor.py:925} INFO - DAG(s) 'dev_survey_dag' retrieved from /opt/airflow/dags/DevSurveyDag.py
[2025-04-09T18:48:33.889+0000] {logging_mixin.py:190} INFO - [2025-04-09T18:48:33.889+0000] {dag.py:3239} INFO - Sync 1 DAGs
[2025-04-09T18:48:33.920+0000] {logging_mixin.py:190} INFO - [2025-04-09T18:48:33.920+0000] {dag.py:4180} INFO - Setting next_dagrun for dev_survey_dag to 2025-04-08 00:00:00+00:00, run_after=2025-04-09 00:00:00+00:00
[2025-04-09T18:48:33.948+0000] {processor.py:208} INFO - Processing /opt/airflow/dags/DevSurveyDag.py took 0.159 seconds
[2025-04-09T18:49:04.830+0000] {processor.py:186} INFO - Started process (PID=133) to work on /opt/airflow/dags/DevSurveyDag.py
[2025-04-09T18:49:04.830+0000] {processor.py:914} INFO - Processing file /opt/airflow/dags/DevSurveyDag.py for tasks to queue
[2025-04-09T18:49:04.834+0000] {logging_mixin.py:190} INFO - [2025-04-09T18:49:04.834+0000] {dagbag.py:588} INFO - Filling up the DagBag from /opt/airflow/dags/DevSurveyDag.py
[2025-04-09T18:49:04.892+0000] {processor.py:925} INFO - DAG(s) 'dev_survey_dag' retrieved from /opt/airflow/dags/DevSurveyDag.py
[2025-04-09T18:49:04.919+0000] {logging_mixin.py:190} INFO - [2025-04-09T18:49:04.919+0000] {dag.py:3239} INFO - Sync 1 DAGs
[2025-04-09T18:49:04.943+0000] {logging_mixin.py:190} INFO - [2025-04-09T18:49:04.943+0000] {dag.py:4180} INFO - Setting next_dagrun for dev_survey_dag to 2025-04-08 00:00:00+00:00, run_after=2025-04-09 00:00:00+00:00
[2025-04-09T18:49:04.959+0000] {processor.py:208} INFO - Processing /opt/airflow/dags/DevSurveyDag.py took 0.137 seconds
[2025-04-09T18:49:35.092+0000] {processor.py:186} INFO - Started process (PID=140) to work on /opt/airflow/dags/DevSurveyDag.py
[2025-04-09T18:49:35.093+0000] {processor.py:914} INFO - Processing file /opt/airflow/dags/DevSurveyDag.py for tasks to queue
[2025-04-09T18:49:35.096+0000] {logging_mixin.py:190} INFO - [2025-04-09T18:49:35.096+0000] {dagbag.py:588} INFO - Filling up the DagBag from /opt/airflow/dags/DevSurveyDag.py
[2025-04-09T18:49:35.152+0000] {processor.py:925} INFO - DAG(s) 'dev_survey_dag' retrieved from /opt/airflow/dags/DevSurveyDag.py
[2025-04-09T18:49:35.174+0000] {logging_mixin.py:190} INFO - [2025-04-09T18:49:35.173+0000] {dag.py:3239} INFO - Sync 1 DAGs
[2025-04-09T18:49:35.194+0000] {logging_mixin.py:190} INFO - [2025-04-09T18:49:35.194+0000] {dag.py:4180} INFO - Setting next_dagrun for dev_survey_dag to 2025-04-08 00:00:00+00:00, run_after=2025-04-09 00:00:00+00:00
[2025-04-09T18:49:35.212+0000] {processor.py:208} INFO - Processing /opt/airflow/dags/DevSurveyDag.py took 0.125 seconds
[2025-04-09T18:50:05.272+0000] {processor.py:186} INFO - Started process (PID=147) to work on /opt/airflow/dags/DevSurveyDag.py
[2025-04-09T18:50:05.272+0000] {processor.py:914} INFO - Processing file /opt/airflow/dags/DevSurveyDag.py for tasks to queue
[2025-04-09T18:50:05.274+0000] {logging_mixin.py:190} INFO - [2025-04-09T18:50:05.274+0000] {dagbag.py:588} INFO - Filling up the DagBag from /opt/airflow/dags/DevSurveyDag.py
[2025-04-09T18:50:05.298+0000] {processor.py:925} INFO - DAG(s) 'dev_survey_dag' retrieved from /opt/airflow/dags/DevSurveyDag.py
[2025-04-09T18:50:05.317+0000] {logging_mixin.py:190} INFO - [2025-04-09T18:50:05.317+0000] {dag.py:3239} INFO - Sync 1 DAGs
[2025-04-09T18:50:05.336+0000] {logging_mixin.py:190} INFO - [2025-04-09T18:50:05.336+0000] {dag.py:4180} INFO - Setting next_dagrun for dev_survey_dag to 2025-04-08 00:00:00+00:00, run_after=2025-04-09 00:00:00+00:00
[2025-04-09T18:50:05.359+0000] {processor.py:208} INFO - Processing /opt/airflow/dags/DevSurveyDag.py took 0.092 seconds
[2025-04-09T18:50:36.388+0000] {processor.py:186} INFO - Started process (PID=154) to work on /opt/airflow/dags/DevSurveyDag.py
[2025-04-09T18:50:36.388+0000] {processor.py:914} INFO - Processing file /opt/airflow/dags/DevSurveyDag.py for tasks to queue
[2025-04-09T18:50:36.390+0000] {logging_mixin.py:190} INFO - [2025-04-09T18:50:36.390+0000] {dagbag.py:588} INFO - Filling up the DagBag from /opt/airflow/dags/DevSurveyDag.py
[2025-04-09T18:50:36.413+0000] {processor.py:925} INFO - DAG(s) 'dev_survey_dag' retrieved from /opt/airflow/dags/DevSurveyDag.py
[2025-04-09T18:50:36.433+0000] {logging_mixin.py:190} INFO - [2025-04-09T18:50:36.433+0000] {dag.py:3239} INFO - Sync 1 DAGs
[2025-04-09T18:50:36.453+0000] {logging_mixin.py:190} INFO - [2025-04-09T18:50:36.452+0000] {dag.py:4180} INFO - Setting next_dagrun for dev_survey_dag to 2025-04-08 00:00:00+00:00, run_after=2025-04-09 00:00:00+00:00
[2025-04-09T18:50:36.474+0000] {processor.py:208} INFO - Processing /opt/airflow/dags/DevSurveyDag.py took 0.091 seconds
[2025-04-09T18:51:06.566+0000] {processor.py:186} INFO - Started process (PID=161) to work on /opt/airflow/dags/DevSurveyDag.py
[2025-04-09T18:51:06.567+0000] {processor.py:914} INFO - Processing file /opt/airflow/dags/DevSurveyDag.py for tasks to queue
[2025-04-09T18:51:06.569+0000] {logging_mixin.py:190} INFO - [2025-04-09T18:51:06.568+0000] {dagbag.py:588} INFO - Filling up the DagBag from /opt/airflow/dags/DevSurveyDag.py
[2025-04-09T18:51:06.595+0000] {processor.py:925} INFO - DAG(s) 'dev_survey_dag' retrieved from /opt/airflow/dags/DevSurveyDag.py
[2025-04-09T18:51:06.616+0000] {logging_mixin.py:190} INFO - [2025-04-09T18:51:06.615+0000] {dag.py:3239} INFO - Sync 1 DAGs
[2025-04-09T18:51:06.634+0000] {logging_mixin.py:190} INFO - [2025-04-09T18:51:06.634+0000] {dag.py:4180} INFO - Setting next_dagrun for dev_survey_dag to 2025-04-08 00:00:00+00:00, run_after=2025-04-09 00:00:00+00:00
[2025-04-09T18:51:06.653+0000] {processor.py:208} INFO - Processing /opt/airflow/dags/DevSurveyDag.py took 0.092 seconds
[2025-04-09T18:51:37.620+0000] {processor.py:186} INFO - Started process (PID=168) to work on /opt/airflow/dags/DevSurveyDag.py
[2025-04-09T18:51:37.621+0000] {processor.py:914} INFO - Processing file /opt/airflow/dags/DevSurveyDag.py for tasks to queue
[2025-04-09T18:51:37.622+0000] {logging_mixin.py:190} INFO - [2025-04-09T18:51:37.622+0000] {dagbag.py:588} INFO - Filling up the DagBag from /opt/airflow/dags/DevSurveyDag.py
[2025-04-09T18:51:37.640+0000] {processor.py:925} INFO - DAG(s) 'dev_survey_dag' retrieved from /opt/airflow/dags/DevSurveyDag.py
[2025-04-09T18:51:37.656+0000] {logging_mixin.py:190} INFO - [2025-04-09T18:51:37.656+0000] {dag.py:3239} INFO - Sync 1 DAGs
[2025-04-09T18:51:37.669+0000] {logging_mixin.py:190} INFO - [2025-04-09T18:51:37.669+0000] {dag.py:4180} INFO - Setting next_dagrun for dev_survey_dag to 2025-04-08 00:00:00+00:00, run_after=2025-04-09 00:00:00+00:00
[2025-04-09T18:51:37.685+0000] {processor.py:208} INFO - Processing /opt/airflow/dags/DevSurveyDag.py took 0.068 seconds
[2025-04-09T18:52:07.773+0000] {processor.py:186} INFO - Started process (PID=169) to work on /opt/airflow/dags/DevSurveyDag.py
[2025-04-09T18:52:07.773+0000] {processor.py:914} INFO - Processing file /opt/airflow/dags/DevSurveyDag.py for tasks to queue
[2025-04-09T18:52:07.775+0000] {logging_mixin.py:190} INFO - [2025-04-09T18:52:07.774+0000] {dagbag.py:588} INFO - Filling up the DagBag from /opt/airflow/dags/DevSurveyDag.py
[2025-04-09T18:52:07.794+0000] {processor.py:925} INFO - DAG(s) 'dev_survey_dag' retrieved from /opt/airflow/dags/DevSurveyDag.py
[2025-04-09T18:52:07.807+0000] {logging_mixin.py:190} INFO - [2025-04-09T18:52:07.807+0000] {dag.py:3239} INFO - Sync 1 DAGs
[2025-04-09T18:52:07.818+0000] {logging_mixin.py:190} INFO - [2025-04-09T18:52:07.818+0000] {dag.py:4180} INFO - Setting next_dagrun for dev_survey_dag to 2025-04-08 00:00:00+00:00, run_after=2025-04-09 00:00:00+00:00
[2025-04-09T18:52:07.833+0000] {processor.py:208} INFO - Processing /opt/airflow/dags/DevSurveyDag.py took 0.063 seconds
[2025-04-09T18:52:39.967+0000] {processor.py:186} INFO - Started process (PID=176) to work on /opt/airflow/dags/DevSurveyDag.py
[2025-04-09T18:52:39.968+0000] {processor.py:914} INFO - Processing file /opt/airflow/dags/DevSurveyDag.py for tasks to queue
[2025-04-09T18:52:39.970+0000] {logging_mixin.py:190} INFO - [2025-04-09T18:52:39.970+0000] {dagbag.py:588} INFO - Filling up the DagBag from /opt/airflow/dags/DevSurveyDag.py
[2025-04-09T18:52:39.997+0000] {processor.py:925} INFO - DAG(s) 'dev_survey_dag' retrieved from /opt/airflow/dags/DevSurveyDag.py
[2025-04-09T18:52:40.020+0000] {logging_mixin.py:190} INFO - [2025-04-09T18:52:40.020+0000] {dag.py:3239} INFO - Sync 1 DAGs
[2025-04-09T18:52:40.041+0000] {logging_mixin.py:190} INFO - [2025-04-09T18:52:40.041+0000] {dag.py:4180} INFO - Setting next_dagrun for dev_survey_dag to 2025-04-08 00:00:00+00:00, run_after=2025-04-09 00:00:00+00:00
[2025-04-09T18:52:40.064+0000] {processor.py:208} INFO - Processing /opt/airflow/dags/DevSurveyDag.py took 0.101 seconds
[2025-04-09T18:53:12.136+0000] {processor.py:186} INFO - Started process (PID=183) to work on /opt/airflow/dags/DevSurveyDag.py
[2025-04-09T18:53:12.137+0000] {processor.py:914} INFO - Processing file /opt/airflow/dags/DevSurveyDag.py for tasks to queue
[2025-04-09T18:53:12.139+0000] {logging_mixin.py:190} INFO - [2025-04-09T18:53:12.138+0000] {dagbag.py:588} INFO - Filling up the DagBag from /opt/airflow/dags/DevSurveyDag.py
[2025-04-09T18:53:12.163+0000] {processor.py:925} INFO - DAG(s) 'dev_survey_dag' retrieved from /opt/airflow/dags/DevSurveyDag.py
[2025-04-09T18:53:12.184+0000] {logging_mixin.py:190} INFO - [2025-04-09T18:53:12.184+0000] {dag.py:3239} INFO - Sync 1 DAGs
[2025-04-09T18:53:12.203+0000] {logging_mixin.py:190} INFO - [2025-04-09T18:53:12.202+0000] {dag.py:4180} INFO - Setting next_dagrun for dev_survey_dag to 2025-04-08 00:00:00+00:00, run_after=2025-04-09 00:00:00+00:00
[2025-04-09T18:53:12.220+0000] {processor.py:208} INFO - Processing /opt/airflow/dags/DevSurveyDag.py took 0.088 seconds
[2025-04-09T18:53:45.304+0000] {processor.py:186} INFO - Started process (PID=190) to work on /opt/airflow/dags/DevSurveyDag.py
[2025-04-09T18:53:45.307+0000] {processor.py:914} INFO - Processing file /opt/airflow/dags/DevSurveyDag.py for tasks to queue
[2025-04-09T18:53:45.314+0000] {logging_mixin.py:190} INFO - [2025-04-09T18:53:45.313+0000] {dagbag.py:588} INFO - Filling up the DagBag from /opt/airflow/dags/DevSurveyDag.py
[2025-04-09T18:53:45.522+0000] {processor.py:925} INFO - DAG(s) 'dev_survey_dag' retrieved from /opt/airflow/dags/DevSurveyDag.py
[2025-04-09T18:53:45.594+0000] {logging_mixin.py:190} INFO - [2025-04-09T18:53:45.594+0000] {dag.py:3239} INFO - Sync 1 DAGs
[2025-04-09T18:53:45.665+0000] {logging_mixin.py:190} INFO - [2025-04-09T18:53:45.664+0000] {dag.py:4180} INFO - Setting next_dagrun for dev_survey_dag to 2025-04-08 00:00:00+00:00, run_after=2025-04-09 00:00:00+00:00
[2025-04-09T18:53:45.731+0000] {processor.py:208} INFO - Processing /opt/airflow/dags/DevSurveyDag.py took 0.443 seconds
[2025-04-09T18:54:17.989+0000] {processor.py:186} INFO - Started process (PID=197) to work on /opt/airflow/dags/DevSurveyDag.py
[2025-04-09T18:54:17.992+0000] {processor.py:914} INFO - Processing file /opt/airflow/dags/DevSurveyDag.py for tasks to queue
[2025-04-09T18:54:17.999+0000] {logging_mixin.py:190} INFO - [2025-04-09T18:54:17.998+0000] {dagbag.py:588} INFO - Filling up the DagBag from /opt/airflow/dags/DevSurveyDag.py
[2025-04-09T18:54:18.271+0000] {processor.py:925} INFO - DAG(s) 'dev_survey_dag' retrieved from /opt/airflow/dags/DevSurveyDag.py
[2025-04-09T18:54:18.384+0000] {logging_mixin.py:190} INFO - [2025-04-09T18:54:18.383+0000] {dag.py:3239} INFO - Sync 1 DAGs
[2025-04-09T18:54:18.471+0000] {logging_mixin.py:190} INFO - [2025-04-09T18:54:18.471+0000] {dag.py:4180} INFO - Setting next_dagrun for dev_survey_dag to 2025-04-08 00:00:00+00:00, run_after=2025-04-09 00:00:00+00:00
[2025-04-09T18:54:18.580+0000] {processor.py:208} INFO - Processing /opt/airflow/dags/DevSurveyDag.py took 0.631 seconds
[2025-04-09T18:54:50.606+0000] {processor.py:186} INFO - Started process (PID=204) to work on /opt/airflow/dags/DevSurveyDag.py
[2025-04-09T18:54:50.607+0000] {processor.py:914} INFO - Processing file /opt/airflow/dags/DevSurveyDag.py for tasks to queue
[2025-04-09T18:54:50.609+0000] {logging_mixin.py:190} INFO - [2025-04-09T18:54:50.608+0000] {dagbag.py:588} INFO - Filling up the DagBag from /opt/airflow/dags/DevSurveyDag.py
[2025-04-09T18:54:50.640+0000] {processor.py:925} INFO - DAG(s) 'dev_survey_dag' retrieved from /opt/airflow/dags/DevSurveyDag.py
[2025-04-09T18:54:50.659+0000] {logging_mixin.py:190} INFO - [2025-04-09T18:54:50.659+0000] {dag.py:3239} INFO - Sync 1 DAGs
[2025-04-09T18:54:50.675+0000] {logging_mixin.py:190} INFO - [2025-04-09T18:54:50.674+0000] {dag.py:4180} INFO - Setting next_dagrun for dev_survey_dag to 2025-04-08 00:00:00+00:00, run_after=2025-04-09 00:00:00+00:00
[2025-04-09T18:54:50.691+0000] {processor.py:208} INFO - Processing /opt/airflow/dags/DevSurveyDag.py took 0.089 seconds
[2025-04-09T18:55:23.856+0000] {processor.py:186} INFO - Started process (PID=211) to work on /opt/airflow/dags/DevSurveyDag.py
[2025-04-09T18:55:23.856+0000] {processor.py:914} INFO - Processing file /opt/airflow/dags/DevSurveyDag.py for tasks to queue
[2025-04-09T18:55:23.858+0000] {logging_mixin.py:190} INFO - [2025-04-09T18:55:23.858+0000] {dagbag.py:588} INFO - Filling up the DagBag from /opt/airflow/dags/DevSurveyDag.py
[2025-04-09T18:55:23.876+0000] {processor.py:925} INFO - DAG(s) 'dev_survey_dag' retrieved from /opt/airflow/dags/DevSurveyDag.py
[2025-04-09T18:55:23.891+0000] {logging_mixin.py:190} INFO - [2025-04-09T18:55:23.891+0000] {dag.py:3239} INFO - Sync 1 DAGs
[2025-04-09T18:55:23.904+0000] {logging_mixin.py:190} INFO - [2025-04-09T18:55:23.904+0000] {dag.py:4180} INFO - Setting next_dagrun for dev_survey_dag to 2025-04-08 00:00:00+00:00, run_after=2025-04-09 00:00:00+00:00
[2025-04-09T18:55:23.916+0000] {processor.py:208} INFO - Processing /opt/airflow/dags/DevSurveyDag.py took 0.063 seconds
[2025-04-09T18:55:55.957+0000] {processor.py:186} INFO - Started process (PID=218) to work on /opt/airflow/dags/DevSurveyDag.py
[2025-04-09T18:55:55.958+0000] {processor.py:914} INFO - Processing file /opt/airflow/dags/DevSurveyDag.py for tasks to queue
[2025-04-09T18:55:55.965+0000] {logging_mixin.py:190} INFO - [2025-04-09T18:55:55.964+0000] {dagbag.py:588} INFO - Filling up the DagBag from /opt/airflow/dags/DevSurveyDag.py
[2025-04-09T18:55:56.000+0000] {processor.py:925} INFO - DAG(s) 'dev_survey_dag' retrieved from /opt/airflow/dags/DevSurveyDag.py
[2025-04-09T18:55:56.020+0000] {logging_mixin.py:190} INFO - [2025-04-09T18:55:56.020+0000] {dag.py:3239} INFO - Sync 1 DAGs
[2025-04-09T18:55:56.035+0000] {logging_mixin.py:190} INFO - [2025-04-09T18:55:56.035+0000] {dag.py:4180} INFO - Setting next_dagrun for dev_survey_dag to 2025-04-08 00:00:00+00:00, run_after=2025-04-09 00:00:00+00:00
[2025-04-09T18:55:56.046+0000] {processor.py:208} INFO - Processing /opt/airflow/dags/DevSurveyDag.py took 0.094 seconds
[2025-04-09T18:56:29.017+0000] {processor.py:186} INFO - Started process (PID=225) to work on /opt/airflow/dags/DevSurveyDag.py
[2025-04-09T18:56:29.018+0000] {processor.py:914} INFO - Processing file /opt/airflow/dags/DevSurveyDag.py for tasks to queue
[2025-04-09T18:56:29.020+0000] {logging_mixin.py:190} INFO - [2025-04-09T18:56:29.020+0000] {dagbag.py:588} INFO - Filling up the DagBag from /opt/airflow/dags/DevSurveyDag.py
[2025-04-09T18:56:29.047+0000] {processor.py:925} INFO - DAG(s) 'dev_survey_dag' retrieved from /opt/airflow/dags/DevSurveyDag.py
[2025-04-09T18:56:29.068+0000] {logging_mixin.py:190} INFO - [2025-04-09T18:56:29.067+0000] {dag.py:3239} INFO - Sync 1 DAGs
[2025-04-09T18:56:29.087+0000] {logging_mixin.py:190} INFO - [2025-04-09T18:56:29.087+0000] {dag.py:4180} INFO - Setting next_dagrun for dev_survey_dag to 2025-04-08 00:00:00+00:00, run_after=2025-04-09 00:00:00+00:00
[2025-04-09T18:56:29.111+0000] {processor.py:208} INFO - Processing /opt/airflow/dags/DevSurveyDag.py took 0.098 seconds
[2025-04-09T18:57:02.073+0000] {processor.py:186} INFO - Started process (PID=232) to work on /opt/airflow/dags/DevSurveyDag.py
[2025-04-09T18:57:02.074+0000] {processor.py:914} INFO - Processing file /opt/airflow/dags/DevSurveyDag.py for tasks to queue
[2025-04-09T18:57:02.076+0000] {logging_mixin.py:190} INFO - [2025-04-09T18:57:02.076+0000] {dagbag.py:588} INFO - Filling up the DagBag from /opt/airflow/dags/DevSurveyDag.py
[2025-04-09T18:57:02.101+0000] {processor.py:925} INFO - DAG(s) 'dev_survey_dag' retrieved from /opt/airflow/dags/DevSurveyDag.py
[2025-04-09T18:57:02.125+0000] {logging_mixin.py:190} INFO - [2025-04-09T18:57:02.125+0000] {dag.py:3239} INFO - Sync 1 DAGs
[2025-04-09T18:57:02.146+0000] {logging_mixin.py:190} INFO - [2025-04-09T18:57:02.146+0000] {dag.py:4180} INFO - Setting next_dagrun for dev_survey_dag to 2025-04-08 00:00:00+00:00, run_after=2025-04-09 00:00:00+00:00
[2025-04-09T18:57:02.168+0000] {processor.py:208} INFO - Processing /opt/airflow/dags/DevSurveyDag.py took 0.099 seconds
[2025-04-09T18:57:37.254+0000] {processor.py:186} INFO - Started process (PID=239) to work on /opt/airflow/dags/DevSurveyDag.py
[2025-04-09T18:57:37.266+0000] {processor.py:914} INFO - Processing file /opt/airflow/dags/DevSurveyDag.py for tasks to queue
[2025-04-09T18:57:37.294+0000] {logging_mixin.py:190} INFO - [2025-04-09T18:57:37.291+0000] {dagbag.py:588} INFO - Filling up the DagBag from /opt/airflow/dags/DevSurveyDag.py
[2025-04-09T18:57:39.953+0000] {processor.py:925} INFO - DAG(s) 'dev_survey_dag' retrieved from /opt/airflow/dags/DevSurveyDag.py
[2025-04-09T18:57:40.029+0000] {logging_mixin.py:190} INFO - [2025-04-09T18:57:40.028+0000] {dag.py:3239} INFO - Sync 1 DAGs
[2025-04-09T18:57:40.087+0000] {logging_mixin.py:190} INFO - [2025-04-09T18:57:40.087+0000] {dag.py:4180} INFO - Setting next_dagrun for dev_survey_dag to 2025-04-08 00:00:00+00:00, run_after=2025-04-09 00:00:00+00:00
[2025-04-09T18:57:40.155+0000] {processor.py:208} INFO - Processing /opt/airflow/dags/DevSurveyDag.py took 2.909 seconds
[2025-04-09T18:58:10.977+0000] {processor.py:186} INFO - Started process (PID=252) to work on /opt/airflow/dags/DevSurveyDag.py
[2025-04-09T18:58:10.978+0000] {processor.py:914} INFO - Processing file /opt/airflow/dags/DevSurveyDag.py for tasks to queue
[2025-04-09T18:58:10.980+0000] {logging_mixin.py:190} INFO - [2025-04-09T18:58:10.979+0000] {dagbag.py:588} INFO - Filling up the DagBag from /opt/airflow/dags/DevSurveyDag.py
[2025-04-09T18:58:11.003+0000] {processor.py:925} INFO - DAG(s) 'dev_survey_dag' retrieved from /opt/airflow/dags/DevSurveyDag.py
[2025-04-09T18:58:11.024+0000] {logging_mixin.py:190} INFO - [2025-04-09T18:58:11.024+0000] {dag.py:3239} INFO - Sync 1 DAGs
[2025-04-09T18:58:11.044+0000] {logging_mixin.py:190} INFO - [2025-04-09T18:58:11.044+0000] {dag.py:4180} INFO - Setting next_dagrun for dev_survey_dag to 2025-04-08 00:00:00+00:00, run_after=2025-04-09 00:00:00+00:00
[2025-04-09T18:58:11.067+0000] {processor.py:208} INFO - Processing /opt/airflow/dags/DevSurveyDag.py took 0.095 seconds
[2025-04-09T18:58:42.045+0000] {processor.py:186} INFO - Started process (PID=253) to work on /opt/airflow/dags/DevSurveyDag.py
[2025-04-09T18:58:42.047+0000] {processor.py:914} INFO - Processing file /opt/airflow/dags/DevSurveyDag.py for tasks to queue
[2025-04-09T18:58:42.052+0000] {logging_mixin.py:190} INFO - [2025-04-09T18:58:42.052+0000] {dagbag.py:588} INFO - Filling up the DagBag from /opt/airflow/dags/DevSurveyDag.py
[2025-04-09T18:58:42.165+0000] {processor.py:925} INFO - DAG(s) 'dev_survey_dag' retrieved from /opt/airflow/dags/DevSurveyDag.py
[2025-04-09T18:58:42.225+0000] {logging_mixin.py:190} INFO - [2025-04-09T18:58:42.224+0000] {dag.py:3239} INFO - Sync 1 DAGs
[2025-04-09T18:58:42.266+0000] {logging_mixin.py:190} INFO - [2025-04-09T18:58:42.266+0000] {dag.py:4180} INFO - Setting next_dagrun for dev_survey_dag to 2025-04-08 00:00:00+00:00, run_after=2025-04-09 00:00:00+00:00
[2025-04-09T18:58:42.299+0000] {processor.py:208} INFO - Processing /opt/airflow/dags/DevSurveyDag.py took 0.268 seconds
[2025-04-09T18:59:13.083+0000] {processor.py:186} INFO - Started process (PID=260) to work on /opt/airflow/dags/DevSurveyDag.py
[2025-04-09T18:59:13.085+0000] {processor.py:914} INFO - Processing file /opt/airflow/dags/DevSurveyDag.py for tasks to queue
[2025-04-09T18:59:13.089+0000] {logging_mixin.py:190} INFO - [2025-04-09T18:59:13.088+0000] {dagbag.py:588} INFO - Filling up the DagBag from /opt/airflow/dags/DevSurveyDag.py
[2025-04-09T18:59:13.145+0000] {processor.py:925} INFO - DAG(s) 'dev_survey_dag' retrieved from /opt/airflow/dags/DevSurveyDag.py
[2025-04-09T18:59:13.189+0000] {logging_mixin.py:190} INFO - [2025-04-09T18:59:13.189+0000] {dag.py:3239} INFO - Sync 1 DAGs
[2025-04-09T18:59:13.229+0000] {logging_mixin.py:190} INFO - [2025-04-09T18:59:13.229+0000] {dag.py:4180} INFO - Setting next_dagrun for dev_survey_dag to 2025-04-08 00:00:00+00:00, run_after=2025-04-09 00:00:00+00:00
[2025-04-09T18:59:13.258+0000] {processor.py:208} INFO - Processing /opt/airflow/dags/DevSurveyDag.py took 0.184 seconds
[2025-04-09T18:59:45.174+0000] {processor.py:186} INFO - Started process (PID=267) to work on /opt/airflow/dags/DevSurveyDag.py
[2025-04-09T18:59:45.175+0000] {processor.py:914} INFO - Processing file /opt/airflow/dags/DevSurveyDag.py for tasks to queue
[2025-04-09T18:59:45.178+0000] {logging_mixin.py:190} INFO - [2025-04-09T18:59:45.178+0000] {dagbag.py:588} INFO - Filling up the DagBag from /opt/airflow/dags/DevSurveyDag.py
[2025-04-09T18:59:45.347+0000] {processor.py:925} INFO - DAG(s) 'dev_survey_dag' retrieved from /opt/airflow/dags/DevSurveyDag.py
[2025-04-09T18:59:45.364+0000] {logging_mixin.py:190} INFO - [2025-04-09T18:59:45.364+0000] {dag.py:3239} INFO - Sync 1 DAGs
[2025-04-09T18:59:45.382+0000] {logging_mixin.py:190} INFO - [2025-04-09T18:59:45.382+0000] {dag.py:4180} INFO - Setting next_dagrun for dev_survey_dag to 2025-04-08 00:00:00+00:00, run_after=2025-04-09 00:00:00+00:00
[2025-04-09T18:59:45.400+0000] {processor.py:208} INFO - Processing /opt/airflow/dags/DevSurveyDag.py took 0.229 seconds
[2025-04-09T19:00:18.489+0000] {processor.py:186} INFO - Started process (PID=274) to work on /opt/airflow/dags/DevSurveyDag.py
[2025-04-09T19:00:18.489+0000] {processor.py:914} INFO - Processing file /opt/airflow/dags/DevSurveyDag.py for tasks to queue
[2025-04-09T19:00:18.491+0000] {logging_mixin.py:190} INFO - [2025-04-09T19:00:18.490+0000] {dagbag.py:588} INFO - Filling up the DagBag from /opt/airflow/dags/DevSurveyDag.py
[2025-04-09T19:00:18.511+0000] {processor.py:925} INFO - DAG(s) 'dev_survey_dag' retrieved from /opt/airflow/dags/DevSurveyDag.py
[2025-04-09T19:00:18.527+0000] {logging_mixin.py:190} INFO - [2025-04-09T19:00:18.527+0000] {dag.py:3239} INFO - Sync 1 DAGs
[2025-04-09T19:00:18.540+0000] {logging_mixin.py:190} INFO - [2025-04-09T19:00:18.540+0000] {dag.py:4180} INFO - Setting next_dagrun for dev_survey_dag to 2025-04-08 00:00:00+00:00, run_after=2025-04-09 00:00:00+00:00
[2025-04-09T19:00:18.555+0000] {processor.py:208} INFO - Processing /opt/airflow/dags/DevSurveyDag.py took 0.069 seconds
[2025-04-09T19:00:50.658+0000] {processor.py:186} INFO - Started process (PID=281) to work on /opt/airflow/dags/DevSurveyDag.py
[2025-04-09T19:00:50.659+0000] {processor.py:914} INFO - Processing file /opt/airflow/dags/DevSurveyDag.py for tasks to queue
[2025-04-09T19:00:50.661+0000] {logging_mixin.py:190} INFO - [2025-04-09T19:00:50.660+0000] {dagbag.py:588} INFO - Filling up the DagBag from /opt/airflow/dags/DevSurveyDag.py
[2025-04-09T19:00:50.691+0000] {processor.py:925} INFO - DAG(s) 'dev_survey_dag' retrieved from /opt/airflow/dags/DevSurveyDag.py
[2025-04-09T19:00:50.710+0000] {logging_mixin.py:190} INFO - [2025-04-09T19:00:50.710+0000] {dag.py:3239} INFO - Sync 1 DAGs
[2025-04-09T19:00:50.729+0000] {logging_mixin.py:190} INFO - [2025-04-09T19:00:50.729+0000] {dag.py:4180} INFO - Setting next_dagrun for dev_survey_dag to 2025-04-08 00:00:00+00:00, run_after=2025-04-09 00:00:00+00:00
[2025-04-09T19:00:50.749+0000] {processor.py:208} INFO - Processing /opt/airflow/dags/DevSurveyDag.py took 0.095 seconds
[2025-04-09T19:01:23.853+0000] {processor.py:186} INFO - Started process (PID=288) to work on /opt/airflow/dags/DevSurveyDag.py
[2025-04-09T19:01:23.853+0000] {processor.py:914} INFO - Processing file /opt/airflow/dags/DevSurveyDag.py for tasks to queue
[2025-04-09T19:01:23.855+0000] {logging_mixin.py:190} INFO - [2025-04-09T19:01:23.855+0000] {dagbag.py:588} INFO - Filling up the DagBag from /opt/airflow/dags/DevSurveyDag.py
[2025-04-09T19:01:23.873+0000] {processor.py:925} INFO - DAG(s) 'dev_survey_dag' retrieved from /opt/airflow/dags/DevSurveyDag.py
[2025-04-09T19:01:23.887+0000] {logging_mixin.py:190} INFO - [2025-04-09T19:01:23.887+0000] {dag.py:3239} INFO - Sync 1 DAGs
[2025-04-09T19:01:23.903+0000] {logging_mixin.py:190} INFO - [2025-04-09T19:01:23.903+0000] {dag.py:4180} INFO - Setting next_dagrun for dev_survey_dag to 2025-04-08 00:00:00+00:00, run_after=2025-04-09 00:00:00+00:00
[2025-04-09T19:01:23.919+0000] {processor.py:208} INFO - Processing /opt/airflow/dags/DevSurveyDag.py took 0.069 seconds
[2025-04-09T19:01:55.978+0000] {processor.py:186} INFO - Started process (PID=295) to work on /opt/airflow/dags/DevSurveyDag.py
[2025-04-09T19:01:55.979+0000] {processor.py:914} INFO - Processing file /opt/airflow/dags/DevSurveyDag.py for tasks to queue
[2025-04-09T19:01:55.981+0000] {logging_mixin.py:190} INFO - [2025-04-09T19:01:55.981+0000] {dagbag.py:588} INFO - Filling up the DagBag from /opt/airflow/dags/DevSurveyDag.py
[2025-04-09T19:01:56.002+0000] {processor.py:925} INFO - DAG(s) 'dev_survey_dag' retrieved from /opt/airflow/dags/DevSurveyDag.py
[2025-04-09T19:01:56.024+0000] {logging_mixin.py:190} INFO - [2025-04-09T19:01:56.023+0000] {dag.py:3239} INFO - Sync 1 DAGs
[2025-04-09T19:01:56.043+0000] {logging_mixin.py:190} INFO - [2025-04-09T19:01:56.043+0000] {dag.py:4180} INFO - Setting next_dagrun for dev_survey_dag to 2025-04-08 00:00:00+00:00, run_after=2025-04-09 00:00:00+00:00
[2025-04-09T19:01:56.065+0000] {processor.py:208} INFO - Processing /opt/airflow/dags/DevSurveyDag.py took 0.092 seconds
[2025-04-09T19:02:29.221+0000] {processor.py:186} INFO - Started process (PID=302) to work on /opt/airflow/dags/DevSurveyDag.py
[2025-04-09T19:02:29.222+0000] {processor.py:914} INFO - Processing file /opt/airflow/dags/DevSurveyDag.py for tasks to queue
[2025-04-09T19:02:29.224+0000] {logging_mixin.py:190} INFO - [2025-04-09T19:02:29.224+0000] {dagbag.py:588} INFO - Filling up the DagBag from /opt/airflow/dags/DevSurveyDag.py
[2025-04-09T19:02:29.255+0000] {processor.py:925} INFO - DAG(s) 'dev_survey_dag' retrieved from /opt/airflow/dags/DevSurveyDag.py
[2025-04-09T19:02:29.281+0000] {logging_mixin.py:190} INFO - [2025-04-09T19:02:29.281+0000] {dag.py:3239} INFO - Sync 1 DAGs
[2025-04-09T19:02:29.302+0000] {logging_mixin.py:190} INFO - [2025-04-09T19:02:29.302+0000] {dag.py:4180} INFO - Setting next_dagrun for dev_survey_dag to 2025-04-08 00:00:00+00:00, run_after=2025-04-09 00:00:00+00:00
[2025-04-09T19:02:29.321+0000] {processor.py:208} INFO - Processing /opt/airflow/dags/DevSurveyDag.py took 0.104 seconds
[2025-04-09T19:03:01.422+0000] {processor.py:186} INFO - Started process (PID=309) to work on /opt/airflow/dags/DevSurveyDag.py
[2025-04-09T19:03:01.429+0000] {processor.py:914} INFO - Processing file /opt/airflow/dags/DevSurveyDag.py for tasks to queue
[2025-04-09T19:03:01.435+0000] {logging_mixin.py:190} INFO - [2025-04-09T19:03:01.434+0000] {dagbag.py:588} INFO - Filling up the DagBag from /opt/airflow/dags/DevSurveyDag.py
[2025-04-09T19:03:01.611+0000] {processor.py:925} INFO - DAG(s) 'dev_survey_dag' retrieved from /opt/airflow/dags/DevSurveyDag.py
[2025-04-09T19:03:01.664+0000] {logging_mixin.py:190} INFO - [2025-04-09T19:03:01.663+0000] {dag.py:3239} INFO - Sync 1 DAGs
[2025-04-09T19:03:01.718+0000] {logging_mixin.py:190} INFO - [2025-04-09T19:03:01.718+0000] {dag.py:4180} INFO - Setting next_dagrun for dev_survey_dag to 2025-04-08 00:00:00+00:00, run_after=2025-04-09 00:00:00+00:00
[2025-04-09T19:03:01.760+0000] {processor.py:208} INFO - Processing /opt/airflow/dags/DevSurveyDag.py took 0.350 seconds
[2025-04-09T19:03:34.519+0000] {processor.py:186} INFO - Started process (PID=316) to work on /opt/airflow/dags/DevSurveyDag.py
[2025-04-09T19:03:34.522+0000] {processor.py:914} INFO - Processing file /opt/airflow/dags/DevSurveyDag.py for tasks to queue
[2025-04-09T19:03:34.528+0000] {logging_mixin.py:190} INFO - [2025-04-09T19:03:34.527+0000] {dagbag.py:588} INFO - Filling up the DagBag from /opt/airflow/dags/DevSurveyDag.py
[2025-04-09T19:03:34.649+0000] {processor.py:925} INFO - DAG(s) 'dev_survey_dag' retrieved from /opt/airflow/dags/DevSurveyDag.py
[2025-04-09T19:03:34.727+0000] {logging_mixin.py:190} INFO - [2025-04-09T19:03:34.726+0000] {dag.py:3239} INFO - Sync 1 DAGs
[2025-04-09T19:03:34.804+0000] {logging_mixin.py:190} INFO - [2025-04-09T19:03:34.804+0000] {dag.py:4180} INFO - Setting next_dagrun for dev_survey_dag to 2025-04-08 00:00:00+00:00, run_after=2025-04-09 00:00:00+00:00
[2025-04-09T19:03:34.855+0000] {processor.py:208} INFO - Processing /opt/airflow/dags/DevSurveyDag.py took 0.350 seconds
[2025-04-09T19:04:06.900+0000] {processor.py:186} INFO - Started process (PID=323) to work on /opt/airflow/dags/DevSurveyDag.py
[2025-04-09T19:04:06.903+0000] {processor.py:914} INFO - Processing file /opt/airflow/dags/DevSurveyDag.py for tasks to queue
[2025-04-09T19:04:06.908+0000] {logging_mixin.py:190} INFO - [2025-04-09T19:04:06.907+0000] {dagbag.py:588} INFO - Filling up the DagBag from /opt/airflow/dags/DevSurveyDag.py
[2025-04-09T19:04:07.000+0000] {processor.py:925} INFO - DAG(s) 'dev_survey_dag' retrieved from /opt/airflow/dags/DevSurveyDag.py
[2025-04-09T19:04:07.056+0000] {logging_mixin.py:190} INFO - [2025-04-09T19:04:07.055+0000] {dag.py:3239} INFO - Sync 1 DAGs
[2025-04-09T19:04:07.109+0000] {logging_mixin.py:190} INFO - [2025-04-09T19:04:07.108+0000] {dag.py:4180} INFO - Setting next_dagrun for dev_survey_dag to 2025-04-08 00:00:00+00:00, run_after=2025-04-09 00:00:00+00:00
[2025-04-09T19:04:07.143+0000] {processor.py:208} INFO - Processing /opt/airflow/dags/DevSurveyDag.py took 0.254 seconds
[2025-04-09T19:04:39.935+0000] {processor.py:186} INFO - Started process (PID=330) to work on /opt/airflow/dags/DevSurveyDag.py
[2025-04-09T19:04:39.936+0000] {processor.py:914} INFO - Processing file /opt/airflow/dags/DevSurveyDag.py for tasks to queue
[2025-04-09T19:04:39.938+0000] {logging_mixin.py:190} INFO - [2025-04-09T19:04:39.938+0000] {dagbag.py:588} INFO - Filling up the DagBag from /opt/airflow/dags/DevSurveyDag.py
[2025-04-09T19:04:39.978+0000] {processor.py:925} INFO - DAG(s) 'dev_survey_dag' retrieved from /opt/airflow/dags/DevSurveyDag.py
[2025-04-09T19:04:39.999+0000] {logging_mixin.py:190} INFO - [2025-04-09T19:04:39.999+0000] {dag.py:3239} INFO - Sync 1 DAGs
[2025-04-09T19:04:40.019+0000] {logging_mixin.py:190} INFO - [2025-04-09T19:04:40.019+0000] {dag.py:4180} INFO - Setting next_dagrun for dev_survey_dag to 2025-04-08 00:00:00+00:00, run_after=2025-04-09 00:00:00+00:00
[2025-04-09T19:04:40.045+0000] {processor.py:208} INFO - Processing /opt/airflow/dags/DevSurveyDag.py took 0.114 seconds
[2025-04-09T19:05:12.991+0000] {processor.py:186} INFO - Started process (PID=337) to work on /opt/airflow/dags/DevSurveyDag.py
[2025-04-09T19:05:12.992+0000] {processor.py:914} INFO - Processing file /opt/airflow/dags/DevSurveyDag.py for tasks to queue
[2025-04-09T19:05:12.994+0000] {logging_mixin.py:190} INFO - [2025-04-09T19:05:12.994+0000] {dagbag.py:588} INFO - Filling up the DagBag from /opt/airflow/dags/DevSurveyDag.py
[2025-04-09T19:05:13.041+0000] {processor.py:925} INFO - DAG(s) 'dev_survey_dag' retrieved from /opt/airflow/dags/DevSurveyDag.py
[2025-04-09T19:05:13.069+0000] {logging_mixin.py:190} INFO - [2025-04-09T19:05:13.068+0000] {dag.py:3239} INFO - Sync 1 DAGs
[2025-04-09T19:05:13.096+0000] {logging_mixin.py:190} INFO - [2025-04-09T19:05:13.096+0000] {dag.py:4180} INFO - Setting next_dagrun for dev_survey_dag to 2025-04-08 00:00:00+00:00, run_after=2025-04-09 00:00:00+00:00
[2025-04-09T19:05:13.117+0000] {processor.py:208} INFO - Processing /opt/airflow/dags/DevSurveyDag.py took 0.131 seconds
[2025-04-09T19:05:45.125+0000] {processor.py:186} INFO - Started process (PID=344) to work on /opt/airflow/dags/DevSurveyDag.py
[2025-04-09T19:05:45.126+0000] {processor.py:914} INFO - Processing file /opt/airflow/dags/DevSurveyDag.py for tasks to queue
[2025-04-09T19:05:45.128+0000] {logging_mixin.py:190} INFO - [2025-04-09T19:05:45.128+0000] {dagbag.py:588} INFO - Filling up the DagBag from /opt/airflow/dags/DevSurveyDag.py
[2025-04-09T19:05:45.152+0000] {processor.py:925} INFO - DAG(s) 'dev_survey_dag' retrieved from /opt/airflow/dags/DevSurveyDag.py
[2025-04-09T19:05:45.173+0000] {logging_mixin.py:190} INFO - [2025-04-09T19:05:45.172+0000] {dag.py:3239} INFO - Sync 1 DAGs
[2025-04-09T19:05:45.194+0000] {logging_mixin.py:190} INFO - [2025-04-09T19:05:45.194+0000] {dag.py:4180} INFO - Setting next_dagrun for dev_survey_dag to 2025-04-08 00:00:00+00:00, run_after=2025-04-09 00:00:00+00:00
[2025-04-09T19:05:45.212+0000] {processor.py:208} INFO - Processing /opt/airflow/dags/DevSurveyDag.py took 0.091 seconds
[2025-04-09T19:06:18.168+0000] {processor.py:186} INFO - Started process (PID=351) to work on /opt/airflow/dags/DevSurveyDag.py
[2025-04-09T19:06:18.170+0000] {processor.py:914} INFO - Processing file /opt/airflow/dags/DevSurveyDag.py for tasks to queue
[2025-04-09T19:06:18.173+0000] {logging_mixin.py:190} INFO - [2025-04-09T19:06:18.173+0000] {dagbag.py:588} INFO - Filling up the DagBag from /opt/airflow/dags/DevSurveyDag.py
[2025-04-09T19:06:18.211+0000] {processor.py:925} INFO - DAG(s) 'dev_survey_dag' retrieved from /opt/airflow/dags/DevSurveyDag.py
[2025-04-09T19:06:18.242+0000] {logging_mixin.py:190} INFO - [2025-04-09T19:06:18.242+0000] {dag.py:3239} INFO - Sync 1 DAGs
[2025-04-09T19:06:18.271+0000] {logging_mixin.py:190} INFO - [2025-04-09T19:06:18.271+0000] {dag.py:4180} INFO - Setting next_dagrun for dev_survey_dag to 2025-04-08 00:00:00+00:00, run_after=2025-04-09 00:00:00+00:00
[2025-04-09T19:06:18.295+0000] {processor.py:208} INFO - Processing /opt/airflow/dags/DevSurveyDag.py took 0.134 seconds
[2025-04-09T19:06:51.312+0000] {processor.py:186} INFO - Started process (PID=358) to work on /opt/airflow/dags/DevSurveyDag.py
[2025-04-09T19:06:51.314+0000] {processor.py:914} INFO - Processing file /opt/airflow/dags/DevSurveyDag.py for tasks to queue
[2025-04-09T19:06:51.317+0000] {logging_mixin.py:190} INFO - [2025-04-09T19:06:51.317+0000] {dagbag.py:588} INFO - Filling up the DagBag from /opt/airflow/dags/DevSurveyDag.py
[2025-04-09T19:06:51.374+0000] {processor.py:925} INFO - DAG(s) 'dev_survey_dag' retrieved from /opt/airflow/dags/DevSurveyDag.py
[2025-04-09T19:06:51.414+0000] {logging_mixin.py:190} INFO - [2025-04-09T19:06:51.414+0000] {dag.py:3239} INFO - Sync 1 DAGs
[2025-04-09T19:06:51.455+0000] {logging_mixin.py:190} INFO - [2025-04-09T19:06:51.455+0000] {dag.py:4180} INFO - Setting next_dagrun for dev_survey_dag to 2025-04-08 00:00:00+00:00, run_after=2025-04-09 00:00:00+00:00
[2025-04-09T19:06:51.488+0000] {processor.py:208} INFO - Processing /opt/airflow/dags/DevSurveyDag.py took 0.184 seconds
[2025-04-09T19:07:23.317+0000] {processor.py:186} INFO - Started process (PID=365) to work on /opt/airflow/dags/DevSurveyDag.py
[2025-04-09T19:07:23.318+0000] {processor.py:914} INFO - Processing file /opt/airflow/dags/DevSurveyDag.py for tasks to queue
[2025-04-09T19:07:23.320+0000] {logging_mixin.py:190} INFO - [2025-04-09T19:07:23.320+0000] {dagbag.py:588} INFO - Filling up the DagBag from /opt/airflow/dags/DevSurveyDag.py
[2025-04-09T19:07:23.348+0000] {processor.py:925} INFO - DAG(s) 'dev_survey_dag' retrieved from /opt/airflow/dags/DevSurveyDag.py
[2025-04-09T19:07:23.369+0000] {logging_mixin.py:190} INFO - [2025-04-09T19:07:23.368+0000] {dag.py:3239} INFO - Sync 1 DAGs
[2025-04-09T19:07:23.388+0000] {logging_mixin.py:190} INFO - [2025-04-09T19:07:23.388+0000] {dag.py:4180} INFO - Setting next_dagrun for dev_survey_dag to 2025-04-08 00:00:00+00:00, run_after=2025-04-09 00:00:00+00:00
[2025-04-09T19:07:23.409+0000] {processor.py:208} INFO - Processing /opt/airflow/dags/DevSurveyDag.py took 0.097 seconds
[2025-04-09T19:07:56.415+0000] {processor.py:186} INFO - Started process (PID=372) to work on /opt/airflow/dags/DevSurveyDag.py
[2025-04-09T19:07:56.417+0000] {processor.py:914} INFO - Processing file /opt/airflow/dags/DevSurveyDag.py for tasks to queue
[2025-04-09T19:07:56.422+0000] {logging_mixin.py:190} INFO - [2025-04-09T19:07:56.422+0000] {dagbag.py:588} INFO - Filling up the DagBag from /opt/airflow/dags/DevSurveyDag.py
[2025-04-09T19:07:56.566+0000] {processor.py:925} INFO - DAG(s) 'dev_survey_dag' retrieved from /opt/airflow/dags/DevSurveyDag.py
[2025-04-09T19:07:56.626+0000] {logging_mixin.py:190} INFO - [2025-04-09T19:07:56.626+0000] {dag.py:3239} INFO - Sync 1 DAGs
[2025-04-09T19:07:56.675+0000] {logging_mixin.py:190} INFO - [2025-04-09T19:07:56.674+0000] {dag.py:4180} INFO - Setting next_dagrun for dev_survey_dag to 2025-04-08 00:00:00+00:00, run_after=2025-04-09 00:00:00+00:00
[2025-04-09T19:07:56.713+0000] {processor.py:208} INFO - Processing /opt/airflow/dags/DevSurveyDag.py took 0.304 seconds
[2025-04-09T19:08:28.784+0000] {processor.py:186} INFO - Started process (PID=379) to work on /opt/airflow/dags/DevSurveyDag.py
[2025-04-09T19:08:28.785+0000] {processor.py:914} INFO - Processing file /opt/airflow/dags/DevSurveyDag.py for tasks to queue
[2025-04-09T19:08:28.787+0000] {logging_mixin.py:190} INFO - [2025-04-09T19:08:28.787+0000] {dagbag.py:588} INFO - Filling up the DagBag from /opt/airflow/dags/DevSurveyDag.py
[2025-04-09T19:08:28.818+0000] {processor.py:925} INFO - DAG(s) 'dev_survey_dag' retrieved from /opt/airflow/dags/DevSurveyDag.py
[2025-04-09T19:08:28.836+0000] {logging_mixin.py:190} INFO - [2025-04-09T19:08:28.836+0000] {dag.py:3239} INFO - Sync 1 DAGs
[2025-04-09T19:08:28.852+0000] {logging_mixin.py:190} INFO - [2025-04-09T19:08:28.852+0000] {dag.py:4180} INFO - Setting next_dagrun for dev_survey_dag to 2025-04-08 00:00:00+00:00, run_after=2025-04-09 00:00:00+00:00
[2025-04-09T19:08:28.871+0000] {processor.py:208} INFO - Processing /opt/airflow/dags/DevSurveyDag.py took 0.092 seconds
[2025-04-09T19:09:01.811+0000] {processor.py:186} INFO - Started process (PID=386) to work on /opt/airflow/dags/DevSurveyDag.py
[2025-04-09T19:09:01.813+0000] {processor.py:914} INFO - Processing file /opt/airflow/dags/DevSurveyDag.py for tasks to queue
[2025-04-09T19:09:01.817+0000] {logging_mixin.py:190} INFO - [2025-04-09T19:09:01.817+0000] {dagbag.py:588} INFO - Filling up the DagBag from /opt/airflow/dags/DevSurveyDag.py
[2025-04-09T19:09:01.884+0000] {processor.py:925} INFO - DAG(s) 'dev_survey_dag' retrieved from /opt/airflow/dags/DevSurveyDag.py
[2025-04-09T19:09:01.935+0000] {logging_mixin.py:190} INFO - [2025-04-09T19:09:01.935+0000] {dag.py:3239} INFO - Sync 1 DAGs
[2025-04-09T19:09:01.981+0000] {logging_mixin.py:190} INFO - [2025-04-09T19:09:01.980+0000] {dag.py:4180} INFO - Setting next_dagrun for dev_survey_dag to 2025-04-08 00:00:00+00:00, run_after=2025-04-09 00:00:00+00:00
[2025-04-09T19:09:02.015+0000] {processor.py:208} INFO - Processing /opt/airflow/dags/DevSurveyDag.py took 0.216 seconds
[2025-04-09T19:09:34.846+0000] {processor.py:186} INFO - Started process (PID=393) to work on /opt/airflow/dags/DevSurveyDag.py
[2025-04-09T19:09:34.846+0000] {processor.py:914} INFO - Processing file /opt/airflow/dags/DevSurveyDag.py for tasks to queue
[2025-04-09T19:09:34.849+0000] {logging_mixin.py:190} INFO - [2025-04-09T19:09:34.849+0000] {dagbag.py:588} INFO - Filling up the DagBag from /opt/airflow/dags/DevSurveyDag.py
[2025-04-09T19:09:34.876+0000] {processor.py:925} INFO - DAG(s) 'dev_survey_dag' retrieved from /opt/airflow/dags/DevSurveyDag.py
[2025-04-09T19:09:34.900+0000] {logging_mixin.py:190} INFO - [2025-04-09T19:09:34.900+0000] {dag.py:3239} INFO - Sync 1 DAGs
[2025-04-09T19:09:34.922+0000] {logging_mixin.py:190} INFO - [2025-04-09T19:09:34.922+0000] {dag.py:4180} INFO - Setting next_dagrun for dev_survey_dag to 2025-04-08 00:00:00+00:00, run_after=2025-04-09 00:00:00+00:00
[2025-04-09T19:09:34.942+0000] {processor.py:208} INFO - Processing /opt/airflow/dags/DevSurveyDag.py took 0.102 seconds
[2025-04-09T19:10:06.863+0000] {processor.py:186} INFO - Started process (PID=400) to work on /opt/airflow/dags/DevSurveyDag.py
[2025-04-09T19:10:06.864+0000] {processor.py:914} INFO - Processing file /opt/airflow/dags/DevSurveyDag.py for tasks to queue
[2025-04-09T19:10:06.867+0000] {logging_mixin.py:190} INFO - [2025-04-09T19:10:06.867+0000] {dagbag.py:588} INFO - Filling up the DagBag from /opt/airflow/dags/DevSurveyDag.py
[2025-04-09T19:10:06.902+0000] {processor.py:925} INFO - DAG(s) 'dev_survey_dag' retrieved from /opt/airflow/dags/DevSurveyDag.py
[2025-04-09T19:10:06.929+0000] {logging_mixin.py:190} INFO - [2025-04-09T19:10:06.928+0000] {dag.py:3239} INFO - Sync 1 DAGs
[2025-04-09T19:10:06.954+0000] {logging_mixin.py:190} INFO - [2025-04-09T19:10:06.954+0000] {dag.py:4180} INFO - Setting next_dagrun for dev_survey_dag to 2025-04-08 00:00:00+00:00, run_after=2025-04-09 00:00:00+00:00
[2025-04-09T19:10:06.975+0000] {processor.py:208} INFO - Processing /opt/airflow/dags/DevSurveyDag.py took 0.118 seconds
[2025-04-09T19:10:39.971+0000] {processor.py:186} INFO - Started process (PID=407) to work on /opt/airflow/dags/DevSurveyDag.py
[2025-04-09T19:10:39.972+0000] {processor.py:914} INFO - Processing file /opt/airflow/dags/DevSurveyDag.py for tasks to queue
[2025-04-09T19:10:39.975+0000] {logging_mixin.py:190} INFO - [2025-04-09T19:10:39.974+0000] {dagbag.py:588} INFO - Filling up the DagBag from /opt/airflow/dags/DevSurveyDag.py
[2025-04-09T19:10:40.004+0000] {processor.py:925} INFO - DAG(s) 'dev_survey_dag' retrieved from /opt/airflow/dags/DevSurveyDag.py
[2025-04-09T19:10:40.028+0000] {logging_mixin.py:190} INFO - [2025-04-09T19:10:40.028+0000] {dag.py:3239} INFO - Sync 1 DAGs
[2025-04-09T19:10:40.049+0000] {logging_mixin.py:190} INFO - [2025-04-09T19:10:40.049+0000] {dag.py:4180} INFO - Setting next_dagrun for dev_survey_dag to 2025-04-08 00:00:00+00:00, run_after=2025-04-09 00:00:00+00:00
[2025-04-09T19:10:40.065+0000] {processor.py:208} INFO - Processing /opt/airflow/dags/DevSurveyDag.py took 0.099 seconds
[2025-04-09T19:11:13.045+0000] {processor.py:186} INFO - Started process (PID=414) to work on /opt/airflow/dags/DevSurveyDag.py
[2025-04-09T19:11:13.046+0000] {processor.py:914} INFO - Processing file /opt/airflow/dags/DevSurveyDag.py for tasks to queue
[2025-04-09T19:11:13.049+0000] {logging_mixin.py:190} INFO - [2025-04-09T19:11:13.048+0000] {dagbag.py:588} INFO - Filling up the DagBag from /opt/airflow/dags/DevSurveyDag.py
[2025-04-09T19:11:13.087+0000] {processor.py:925} INFO - DAG(s) 'dev_survey_dag' retrieved from /opt/airflow/dags/DevSurveyDag.py
[2025-04-09T19:11:13.119+0000] {logging_mixin.py:190} INFO - [2025-04-09T19:11:13.118+0000] {dag.py:3239} INFO - Sync 1 DAGs
[2025-04-09T19:11:13.153+0000] {logging_mixin.py:190} INFO - [2025-04-09T19:11:13.153+0000] {dag.py:4180} INFO - Setting next_dagrun for dev_survey_dag to 2025-04-08 00:00:00+00:00, run_after=2025-04-09 00:00:00+00:00
[2025-04-09T19:11:13.186+0000] {processor.py:208} INFO - Processing /opt/airflow/dags/DevSurveyDag.py took 0.147 seconds
[2025-04-09T19:11:45.070+0000] {processor.py:186} INFO - Started process (PID=421) to work on /opt/airflow/dags/DevSurveyDag.py
[2025-04-09T19:11:45.071+0000] {processor.py:914} INFO - Processing file /opt/airflow/dags/DevSurveyDag.py for tasks to queue
[2025-04-09T19:11:45.074+0000] {logging_mixin.py:190} INFO - [2025-04-09T19:11:45.073+0000] {dagbag.py:588} INFO - Filling up the DagBag from /opt/airflow/dags/DevSurveyDag.py
[2025-04-09T19:11:45.101+0000] {processor.py:925} INFO - DAG(s) 'dev_survey_dag' retrieved from /opt/airflow/dags/DevSurveyDag.py
[2025-04-09T19:11:45.124+0000] {logging_mixin.py:190} INFO - [2025-04-09T19:11:45.123+0000] {dag.py:3239} INFO - Sync 1 DAGs
[2025-04-09T19:11:45.143+0000] {logging_mixin.py:190} INFO - [2025-04-09T19:11:45.143+0000] {dag.py:4180} INFO - Setting next_dagrun for dev_survey_dag to 2025-04-08 00:00:00+00:00, run_after=2025-04-09 00:00:00+00:00
[2025-04-09T19:11:45.162+0000] {processor.py:208} INFO - Processing /opt/airflow/dags/DevSurveyDag.py took 0.097 seconds
[2025-04-09T19:12:18.070+0000] {processor.py:186} INFO - Started process (PID=428) to work on /opt/airflow/dags/DevSurveyDag.py
[2025-04-09T19:12:18.072+0000] {processor.py:914} INFO - Processing file /opt/airflow/dags/DevSurveyDag.py for tasks to queue
[2025-04-09T19:12:18.073+0000] {logging_mixin.py:190} INFO - [2025-04-09T19:12:18.073+0000] {dagbag.py:588} INFO - Filling up the DagBag from /opt/airflow/dags/DevSurveyDag.py
[2025-04-09T19:12:18.104+0000] {processor.py:925} INFO - DAG(s) 'dev_survey_dag' retrieved from /opt/airflow/dags/DevSurveyDag.py
[2025-04-09T19:12:18.130+0000] {logging_mixin.py:190} INFO - [2025-04-09T19:12:18.130+0000] {dag.py:3239} INFO - Sync 1 DAGs
[2025-04-09T19:12:18.155+0000] {logging_mixin.py:190} INFO - [2025-04-09T19:12:18.155+0000] {dag.py:4180} INFO - Setting next_dagrun for dev_survey_dag to 2025-04-08 00:00:00+00:00, run_after=2025-04-09 00:00:00+00:00
[2025-04-09T19:12:18.174+0000] {processor.py:208} INFO - Processing /opt/airflow/dags/DevSurveyDag.py took 0.108 seconds
[2025-04-09T19:12:51.144+0000] {processor.py:186} INFO - Started process (PID=435) to work on /opt/airflow/dags/DevSurveyDag.py
[2025-04-09T19:12:51.146+0000] {processor.py:914} INFO - Processing file /opt/airflow/dags/DevSurveyDag.py for tasks to queue
[2025-04-09T19:12:51.151+0000] {logging_mixin.py:190} INFO - [2025-04-09T19:12:51.150+0000] {dagbag.py:588} INFO - Filling up the DagBag from /opt/airflow/dags/DevSurveyDag.py
[2025-04-09T19:12:51.243+0000] {processor.py:925} INFO - DAG(s) 'dev_survey_dag' retrieved from /opt/airflow/dags/DevSurveyDag.py
[2025-04-09T19:12:51.307+0000] {logging_mixin.py:190} INFO - [2025-04-09T19:12:51.306+0000] {dag.py:3239} INFO - Sync 1 DAGs
[2025-04-09T19:12:51.356+0000] {logging_mixin.py:190} INFO - [2025-04-09T19:12:51.356+0000] {dag.py:4180} INFO - Setting next_dagrun for dev_survey_dag to 2025-04-08 00:00:00+00:00, run_after=2025-04-09 00:00:00+00:00
[2025-04-09T19:12:51.405+0000] {processor.py:208} INFO - Processing /opt/airflow/dags/DevSurveyDag.py took 0.272 seconds
[2025-04-09T19:13:23.436+0000] {processor.py:186} INFO - Started process (PID=442) to work on /opt/airflow/dags/DevSurveyDag.py
[2025-04-09T19:13:23.437+0000] {processor.py:914} INFO - Processing file /opt/airflow/dags/DevSurveyDag.py for tasks to queue
[2025-04-09T19:13:23.441+0000] {logging_mixin.py:190} INFO - [2025-04-09T19:13:23.440+0000] {dagbag.py:588} INFO - Filling up the DagBag from /opt/airflow/dags/DevSurveyDag.py
[2025-04-09T19:13:23.480+0000] {processor.py:925} INFO - DAG(s) 'dev_survey_dag' retrieved from /opt/airflow/dags/DevSurveyDag.py
[2025-04-09T19:13:23.515+0000] {logging_mixin.py:190} INFO - [2025-04-09T19:13:23.515+0000] {dag.py:3239} INFO - Sync 1 DAGs
[2025-04-09T19:13:23.550+0000] {logging_mixin.py:190} INFO - [2025-04-09T19:13:23.550+0000] {dag.py:4180} INFO - Setting next_dagrun for dev_survey_dag to 2025-04-08 00:00:00+00:00, run_after=2025-04-09 00:00:00+00:00
[2025-04-09T19:13:23.578+0000] {processor.py:208} INFO - Processing /opt/airflow/dags/DevSurveyDag.py took 0.150 seconds
[2025-04-09T19:13:56.394+0000] {processor.py:186} INFO - Started process (PID=449) to work on /opt/airflow/dags/DevSurveyDag.py
[2025-04-09T19:13:56.395+0000] {processor.py:914} INFO - Processing file /opt/airflow/dags/DevSurveyDag.py for tasks to queue
[2025-04-09T19:13:56.397+0000] {logging_mixin.py:190} INFO - [2025-04-09T19:13:56.396+0000] {dagbag.py:588} INFO - Filling up the DagBag from /opt/airflow/dags/DevSurveyDag.py
[2025-04-09T19:13:56.419+0000] {processor.py:925} INFO - DAG(s) 'dev_survey_dag' retrieved from /opt/airflow/dags/DevSurveyDag.py
[2025-04-09T19:13:56.435+0000] {logging_mixin.py:190} INFO - [2025-04-09T19:13:56.435+0000] {dag.py:3239} INFO - Sync 1 DAGs
[2025-04-09T19:13:56.450+0000] {logging_mixin.py:190} INFO - [2025-04-09T19:13:56.449+0000] {dag.py:4180} INFO - Setting next_dagrun for dev_survey_dag to 2025-04-08 00:00:00+00:00, run_after=2025-04-09 00:00:00+00:00
[2025-04-09T19:13:56.466+0000] {processor.py:208} INFO - Processing /opt/airflow/dags/DevSurveyDag.py took 0.075 seconds
[2025-04-09T19:14:29.507+0000] {processor.py:186} INFO - Started process (PID=456) to work on /opt/airflow/dags/DevSurveyDag.py
[2025-04-09T19:14:29.508+0000] {processor.py:914} INFO - Processing file /opt/airflow/dags/DevSurveyDag.py for tasks to queue
[2025-04-09T19:14:29.515+0000] {logging_mixin.py:190} INFO - [2025-04-09T19:14:29.515+0000] {dagbag.py:588} INFO - Filling up the DagBag from /opt/airflow/dags/DevSurveyDag.py
[2025-04-09T19:14:29.563+0000] {processor.py:925} INFO - DAG(s) 'dev_survey_dag' retrieved from /opt/airflow/dags/DevSurveyDag.py
[2025-04-09T19:14:29.586+0000] {logging_mixin.py:190} INFO - [2025-04-09T19:14:29.585+0000] {dag.py:3239} INFO - Sync 1 DAGs
[2025-04-09T19:14:29.607+0000] {logging_mixin.py:190} INFO - [2025-04-09T19:14:29.607+0000] {dag.py:4180} INFO - Setting next_dagrun for dev_survey_dag to 2025-04-08 00:00:00+00:00, run_after=2025-04-09 00:00:00+00:00
[2025-04-09T19:14:29.627+0000] {processor.py:208} INFO - Processing /opt/airflow/dags/DevSurveyDag.py took 0.126 seconds
[2025-04-09T19:15:01.624+0000] {processor.py:186} INFO - Started process (PID=463) to work on /opt/airflow/dags/DevSurveyDag.py
[2025-04-09T19:15:01.625+0000] {processor.py:914} INFO - Processing file /opt/airflow/dags/DevSurveyDag.py for tasks to queue
[2025-04-09T19:15:01.628+0000] {logging_mixin.py:190} INFO - [2025-04-09T19:15:01.628+0000] {dagbag.py:588} INFO - Filling up the DagBag from /opt/airflow/dags/DevSurveyDag.py
[2025-04-09T19:15:01.660+0000] {processor.py:925} INFO - DAG(s) 'dev_survey_dag' retrieved from /opt/airflow/dags/DevSurveyDag.py
[2025-04-09T19:15:01.680+0000] {logging_mixin.py:190} INFO - [2025-04-09T19:15:01.679+0000] {dag.py:3239} INFO - Sync 1 DAGs
[2025-04-09T19:15:01.698+0000] {logging_mixin.py:190} INFO - [2025-04-09T19:15:01.698+0000] {dag.py:4180} INFO - Setting next_dagrun for dev_survey_dag to 2025-04-08 00:00:00+00:00, run_after=2025-04-09 00:00:00+00:00
[2025-04-09T19:15:01.717+0000] {processor.py:208} INFO - Processing /opt/airflow/dags/DevSurveyDag.py took 0.096 seconds
[2025-04-09T19:15:34.697+0000] {processor.py:186} INFO - Started process (PID=470) to work on /opt/airflow/dags/DevSurveyDag.py
[2025-04-09T19:15:34.698+0000] {processor.py:914} INFO - Processing file /opt/airflow/dags/DevSurveyDag.py for tasks to queue
[2025-04-09T19:15:34.700+0000] {logging_mixin.py:190} INFO - [2025-04-09T19:15:34.700+0000] {dagbag.py:588} INFO - Filling up the DagBag from /opt/airflow/dags/DevSurveyDag.py
[2025-04-09T19:15:34.754+0000] {processor.py:925} INFO - DAG(s) 'dev_survey_dag' retrieved from /opt/airflow/dags/DevSurveyDag.py
[2025-04-09T19:15:34.780+0000] {logging_mixin.py:190} INFO - [2025-04-09T19:15:34.780+0000] {dag.py:3239} INFO - Sync 1 DAGs
[2025-04-09T19:15:34.803+0000] {logging_mixin.py:190} INFO - [2025-04-09T19:15:34.803+0000] {dag.py:4180} INFO - Setting next_dagrun for dev_survey_dag to 2025-04-08 00:00:00+00:00, run_after=2025-04-09 00:00:00+00:00
[2025-04-09T19:15:34.831+0000] {processor.py:208} INFO - Processing /opt/airflow/dags/DevSurveyDag.py took 0.140 seconds
[2025-04-09T19:16:07.752+0000] {processor.py:186} INFO - Started process (PID=477) to work on /opt/airflow/dags/DevSurveyDag.py
[2025-04-09T19:16:07.753+0000] {processor.py:914} INFO - Processing file /opt/airflow/dags/DevSurveyDag.py for tasks to queue
[2025-04-09T19:16:07.755+0000] {logging_mixin.py:190} INFO - [2025-04-09T19:16:07.755+0000] {dagbag.py:588} INFO - Filling up the DagBag from /opt/airflow/dags/DevSurveyDag.py
[2025-04-09T19:16:07.782+0000] {processor.py:925} INFO - DAG(s) 'dev_survey_dag' retrieved from /opt/airflow/dags/DevSurveyDag.py
[2025-04-09T19:16:07.804+0000] {logging_mixin.py:190} INFO - [2025-04-09T19:16:07.804+0000] {dag.py:3239} INFO - Sync 1 DAGs
[2025-04-09T19:16:07.824+0000] {logging_mixin.py:190} INFO - [2025-04-09T19:16:07.824+0000] {dag.py:4180} INFO - Setting next_dagrun for dev_survey_dag to 2025-04-08 00:00:00+00:00, run_after=2025-04-09 00:00:00+00:00
[2025-04-09T19:16:07.842+0000] {processor.py:208} INFO - Processing /opt/airflow/dags/DevSurveyDag.py took 0.094 seconds
